timestamp,machine_id,rpm,temperature_k,pressure_bar,vibration_mms,power_output_mw,prediction,confidence,risk_level,source
2026-05-27 20:00:11,SEED-0,1412.8613631780229,454.6697729724451,1.1033623094225522,0.46269037542455393,289.2091997273973,NORMAL,81.1,Low,SEED
2026-05-27 20:10:11,SEED-1,1399.9077030577703,483.14497757759665,1.1098670169895637,0.53873906609829,276.18108032651793,NORMAL,89.4,Low,SEED
2026-05-27 20:20:11,SEED-2,1324.388265476592,478.72349932893144,1.080168010954994,0.10327220249974545,288.5605933157865,NORMAL,81.1,Low,SEED
2026-05-27 20:30:11,SEED-3,8769.79703717057,1145.4078486625422,8.36098338932673,188.47250873315215,57834.85947324542,FAULT,72.3,High,SEED
2026-05-27 20:40:11,SEED-4,1305.9433422091117,471.4572518191379,1.1227448676903884,0.16301844184541547,303.456163503868,NORMAL,87.1,Low,SEED
2026-05-27 20:50:11,SEED-5,1297.307929873939,480.21757054495,1.104249464589322,0.2741583173234696,292.5597590225519,NORMAL,76.0,Low,SEED
2026-05-27 21:00:11,SEED-6,1310.9048756458792,450.88656914095014,1.0520717321239343,0.06594419689598396,289.9734917961821,NORMAL,88.0,Low,SEED
2026-05-27 21:10:11,SEED-7,1399.92949422554,462.1098817042275,1.0679605069508553,0.15186877082471195,294.2020802647929,NORMAL,72.0,Low,SEED
2026-05-27 21:20:11,SEED-8,1309.8045095998996,452.4911084427454,1.0853510361327579,0.12343372220058857,300.53030955067436,NORMAL,93.3,Low,SEED
2026-05-27 21:30:11,SEED-9,1308.2281793678092,467.70541024191385,1.063370568648977,0.3066303216510926,278.45599790457806,NORMAL,84.7,Low,SEED
2026-05-27 21:40:11,SEED-10,8692.928808486316,1201.1604634237142,7.794447144232821,220.0992574034076,59340.35444942341,FAULT,76.2,High,SEED
2026-05-27 21:50:11,SEED-11,1361.7934146936905,457.5667033865062,1.1281263352603168,0.11817238748935388,284.88913489973515,NORMAL,93.8,Low,SEED
2026-05-27 22:00:11,SEED-12,1405.004921172818,459.39090939925904,1.1298576221701284,0.04524696517081228,298.58595602023536,NORMAL,87.8,Low,SEED
2026-05-27 22:10:11,SEED-13,1376.1623593924992,476.528964217898,1.0947502327967786,0.4736955173982622,284.47107131796497,NORMAL,76.9,Low,SEED
2026-05-27 22:20:11,SEED-14,8936.691981590302,1108.548210915684,7.708297119173958,255.1381071305866,57166.50830357041,FAULT,82.3,High,SEED
2026-05-27 22:30:11,SEED-15,1298.7379157176574,483.71726518537065,1.1195177208041989,0.21406527727606584,282.99736348743124,NORMAL,85.0,Low,SEED
2026-05-27 22:40:11,SEED-16,1367.7366199423377,461.75008554316344,1.1140393976031981,0.14802518364722062,302.11757503442595,NORMAL,75.9,Low,SEED
2026-05-27 22:50:11,SEED-17,5220.867379514368,802.3248922999055,4.449937655018543,30.167549704046223,18867.35664167776,NORMAL,93.0,Medium,SEED
2026-05-27 23:00:11,SEED-18,1300.0477032696308,464.4326801456823,1.0830598511585046,0.01908657320167162,282.26888717199176,NORMAL,70.3,Low,SEED
2026-05-27 23:10:11,SEED-19,4987.0297095176975,764.6149407630452,4.391084694422171,8.309491600744764,17754.05287170978,NORMAL,93.0,Medium,SEED
2026-05-27 23:20:11,SEED-20,1356.6692835216998,457.4528223098493,1.1538530720357694,0.307349819549918,299.85650159041273,NORMAL,94.3,Low,SEED
2026-05-27 23:30:11,SEED-21,5082.653584996171,762.80221546801,4.558654720146157,58.86671403823391,17548.780548065253,NORMAL,93.0,Medium,SEED
2026-05-27 23:40:11,SEED-22,1414.5279060766409,451.71145814238656,1.0720438949975428,0.2475394648180096,294.5532140018977,NORMAL,73.2,Low,SEED
2026-05-27 23:50:11,SEED-23,1304.76739032903,470.5437752806582,1.1313480309829496,0.20082714978281224,294.5195112277448,NORMAL,77.2,Low,SEED
2026-05-28 00:00:11,SEED-24,1326.158451667793,450.78792312713136,1.0557235649097738,0.46750958716335944,285.709446564429,NORMAL,92.8,Low,SEED
2026-05-28 00:10:11,SEED-25,1415.440265890771,446.8056699008051,1.1496019124569687,0.165903140818771,283.80032690210066,NORMAL,91.8,Low,SEED
2026-05-28 00:20:11,SEED-26,5219.706354534826,762.659438781501,4.495973148768079,16.059251561895053,17283.53034986063,NORMAL,93.0,Medium,SEED
2026-05-28 00:30:11,SEED-27,1301.2336819400728,462.69745083808016,1.0785468603853514,0.25645277548883527,290.77748279140985,NORMAL,80.8,Low,SEED
2026-05-28 00:40:11,SEED-28,1313.9773199183821,478.751666256764,1.1138671438640049,0.08826297558333351,296.2418243000684,NORMAL,76.6,Low,SEED
2026-05-28 00:50:11,SEED-29,1292.5641857562218,458.11941629047465,1.0737743907870385,0.05143899789152151,304.2090165109769,NORMAL,80.9,Low,SEED
2026-05-28 01:00:11,SEED-30,1389.0740250616964,481.2046369404453,1.109328759922258,0.027147797502032667,286.3405480537931,NORMAL,84.5,Low,SEED
2026-05-28 01:10:11,SEED-31,8785.659368068718,1207.450476490616,7.861363202175048,187.79311242593576,60846.413667284105,FAULT,88.2,High,SEED
2026-05-28 01:20:11,SEED-32,4993.2720300529645,831.2914854190092,4.622528930104128,10.72992942004953,17708.970349967036,NORMAL,93.0,Medium,SEED
2026-05-28 01:30:11,SEED-33,1292.5196024146894,461.05740899489825,1.1146330708304575,0.36534593924124614,288.67796389755944,NORMAL,95.0,Low,SEED
2026-05-28 01:40:11,SEED-34,1406.177582780296,447.1937521779264,1.081241656087003,0.2652158767914239,282.5462622757991,NORMAL,71.4,Low,SEED
2026-05-28 01:50:11,SEED-35,8560.060390433258,1202.697216303073,8.001391742579228,235.9579740623219,59106.96461335344,FAULT,91.3,High,SEED
2026-05-28 02:00:11,SEED-36,8844.79230833883,1158.8726110697935,7.832535616502456,282.8847733294094,60922.40419355746,FAULT,77.5,High,SEED
2026-05-28 02:10:11,SEED-37,1318.9850254350617,472.49492737101446,1.0791555696347008,0.01615930388315423,282.0021484370087,NORMAL,87.3,Low,SEED
2026-05-28 02:20:11,SEED-38,5110.899288056381,764.6739383118424,4.704307519133762,29.23038644316796,18270.631493958303,NORMAL,93.0,Medium,SEED
2026-05-28 02:30:11,SEED-39,1386.5741236837343,460.0731242463532,1.0480984184842856,0.43881122093651825,276.79246117635,NORMAL,90.3,Low,SEED
2026-05-28 02:40:11,SEED-40,9413.960374591972,1097.2390375962498,8.274077737013382,184.41528635318514,61905.455839913026,FAULT,79.3,High,SEED
2026-05-28 02:50:11,SEED-41,1346.8032830904378,482.1758815578142,1.049373234105736,0.21819273912711878,282.9898941197113,NORMAL,70.0,Low,SEED
2026-05-28 03:00:11,SEED-42,1380.5213474276604,460.5236412257491,1.0468467430780526,0.2931412450947892,295.0394135325989,NORMAL,71.1,Low,SEED
2026-05-28 03:10:11,SEED-43,4877.286736198827,809.5536818179969,4.671029462952231,29.098960280665324,17833.071960019766,NORMAL,93.0,Medium,SEED
2026-05-28 03:20:11,SEED-44,4811.632435797399,763.6586940612478,4.473529586661049,3.1085840553967046,18646.517606582078,NORMAL,93.0,Medium,SEED
2026-05-28 03:30:11,SEED-45,1296.7982905243362,483.74143305627234,1.0805099111305532,0.47547179186293587,302.5709845399494,NORMAL,71.3,Low,SEED
2026-05-28 03:40:11,SEED-46,1386.5730682130572,469.27932741242324,1.0706877962184587,0.3451388316498667,297.72994315187424,NORMAL,90.4,Low,SEED
2026-05-28 03:50:11,SEED-47,9117.099383718189,1093.1135771726927,8.199638972198102,236.97531577619088,58061.985344188295,FAULT,78.4,High,SEED
2026-05-28 04:00:11,SEED-48,1283.1409360913049,461.52250665648467,1.069550105727627,0.08317974969739339,281.4884253276264,NORMAL,93.2,Low,SEED
2026-05-28 04:10:11,SEED-49,4926.382881953716,833.1703341546266,4.638953522032027,28.033182300522526,18182.115732677255,NORMAL,93.0,Medium,SEED
2026-05-28 04:20:11,SEED-50,1393.4916665443475,485.0382682456554,1.1098959950529101,0.08467178923480212,289.9967575577309,NORMAL,85.5,Low,SEED
2026-05-28 04:30:11,SEED-51,1365.346551656375,484.06898576624786,1.0727991146523752,0.14535877329430225,282.54158520940126,NORMAL,90.0,Low,SEED
2026-05-28 04:40:11,SEED-52,1297.4514127502932,475.53529127069214,1.0878916641729106,0.3980212286591991,295.6699306742482,NORMAL,88.7,Low,SEED
2026-05-28 04:50:11,SEED-53,4819.827192383855,825.6393953870107,4.2890899659308,13.376359880418477,18846.823478185746,NORMAL,93.0,Medium,SEED
2026-05-28 05:00:11,SEED-54,4816.466593047835,779.4389176531228,4.556661939152323,41.50525711952832,17638.12478350252,NORMAL,93.0,Medium,SEED
2026-05-28 05:10:11,SEED-55,9435.388618461902,1142.8399973299117,7.739175141399686,91.37660023728631,62597.45805212668,FAULT,73.3,High,SEED
2026-05-28 05:20:11,SEED-56,4751.0850877824505,803.8735688510043,4.605367346643569,21.573877538411693,17594.10671966089,NORMAL,93.0,Medium,SEED
2026-05-28 05:30:11,SEED-57,1319.623686394535,463.09870902961825,1.1180162419454327,0.2508701328106193,289.5924058180698,NORMAL,77.2,Low,SEED
2026-05-28 05:40:11,SEED-58,1336.3354598731771,447.6280147520897,1.0759867429749619,0.15004779657146727,303.2917236438943,NORMAL,91.9,Low,SEED
2026-05-28 05:50:11,SEED-59,4752.164911439791,793.0896420506328,4.699892668493321,12.508978646037235,17239.280748834793,NORMAL,93.0,Medium,SEED
2026-05-28 06:00:11,SEED-60,1397.285427672253,473.108068752773,1.0462351700145693,0.564317608823079,298.5774373251906,NORMAL,75.3,Low,SEED
2026-05-28 06:10:11,SEED-61,1376.212351113313,442.0259565598681,1.0726994943342494,0.34972737932944664,283.5690029655607,NORMAL,70.5,Low,SEED
2026-05-28 06:20:11,SEED-62,1386.899681630446,441.40785685305826,1.0596693773026793,0.3128762895777637,302.10372672492963,NORMAL,74.6,Low,SEED
2026-05-28 06:30:11,SEED-63,1331.9048498900072,455.3853936824095,1.1426886328329664,0.5226607676605264,286.4805774598761,NORMAL,71.9,Low,SEED
2026-05-28 06:40:11,SEED-64,1310.6945541071022,458.98301346113067,1.0550931152437062,0.2571205490885884,282.19863808690656,NORMAL,71.4,Low,SEED
2026-05-28 06:50:11,SEED-65,1381.7030489624551,449.59802348753414,1.0782709344158832,0.09368505779024261,278.26342900236284,NORMAL,74.5,Low,SEED
2026-05-28 07:00:11,SEED-66,1392.3097653564168,479.44741666843333,1.0476825275982078,0.010133496916839846,287.91063204307477,NORMAL,77.3,Low,SEED
2026-05-28 07:10:11,SEED-67,4933.962266679257,762.723028567898,4.664604438734121,5.006949840745392,17661.389218458855,NORMAL,93.0,Medium,SEED
2026-05-28 07:20:11,SEED-68,1364.1447415461075,470.33672775131487,1.148068791844915,0.27248681144099685,275.8171050039589,NORMAL,78.8,Low,SEED
2026-05-28 07:30:11,SEED-69,1323.799114837219,484.38540663872726,1.114093280450901,0.07560638960948918,282.92656530401615,NORMAL,86.2,Low,SEED
2026-05-28 07:40:11,SEED-70,1311.6597645060244,465.13724831907973,1.0596854575210561,0.3217850133168918,291.879302660318,NORMAL,91.0,Low,SEED
2026-05-28 07:50:11,SEED-71,1402.9336864265333,467.7697937213596,1.1120009397241568,0.42711270144451774,284.487360076451,NORMAL,82.3,Low,SEED
2026-05-28 08:00:11,SEED-72,1288.4534158944664,442.5174140619113,1.055341517378802,0.33020194844137496,293.05645406720845,NORMAL,79.2,Low,SEED
2026-05-28 08:10:11,SEED-73,4962.368223107295,770.1184552748792,4.643441545935679,6.226441855360349,18039.789021667097,NORMAL,93.0,Medium,SEED
2026-05-28 08:20:11,SEED-74,1371.1030032143578,442.2588212042851,1.1162757510950463,0.37776018044569337,295.4640387619841,NORMAL,71.6,Low,SEED
2026-05-28 08:30:11,SEED-75,9049.22993709767,1134.0875178552583,8.197635469555019,359.64730721244086,58726.21126147833,FAULT,76.6,High,SEED
2026-05-28 08:40:11,SEED-76,1322.1378260576034,486.1147858772994,1.0890849257419732,0.4826434863660225,295.2295876810365,NORMAL,84.9,Low,SEED
2026-05-28 08:50:11,SEED-77,1325.8248050127522,485.08231754305575,1.085792660028187,0.2976552482014547,284.836454861937,NORMAL,71.7,Low,SEED
2026-05-28 09:00:11,SEED-78,1394.1065633475137,450.97133129794287,1.099573380341477,0.2227068255239546,276.1392798096267,NORMAL,88.0,Low,SEED
2026-05-28 09:10:11,SEED-79,1414.7464023466307,475.3762408518676,1.0609219492005326,0.09505357936720671,287.4574021635854,NORMAL,79.9,Low,SEED
2026-05-28 09:20:11,SEED-80,9338.703652608065,1198.2968685527192,8.37532388656248,90.4168428776511,62051.026305512525,FAULT,85.8,High,SEED
2026-05-28 09:30:11,SEED-81,1308.7092414876327,486.304573267989,1.1216081189002731,0.1519680400445642,278.6537043075209,NORMAL,89.3,Low,SEED
2026-05-28 09:40:11,SEED-82,1308.7846337981932,484.5802665559268,1.0908304646585973,0.4194897903036976,291.4878212870965,NORMAL,86.8,Low,SEED
2026-05-28 09:50:11,SEED-83,4797.8249983845435,836.7407244526106,4.651398481469365,39.8726800985022,18273.844998289795,NORMAL,93.0,Medium,SEED
2026-05-28 10:00:11,SEED-84,1319.7774469679664,474.8313908826357,1.085635146140773,0.029272979284124645,301.02588058481473,NORMAL,74.6,Low,SEED
2026-05-28 10:10:11,SEED-85,4987.441584925575,766.6363072090749,4.403670012449573,6.476573497667232,18657.690794869475,NORMAL,93.0,Medium,SEED
2026-05-28 10:20:11,SEED-86,1282.5144701793567,480.65308514872606,1.1018102301017987,0.4963217078057438,287.59227529442336,NORMAL,94.8,Low,SEED
2026-05-28 10:30:11,SEED-87,1378.342160257678,460.67012041098343,1.0909099540226,0.32379477969989523,301.8469123864726,NORMAL,74.4,Low,SEED
2026-05-28 10:40:11,SEED-88,9307.809145810372,1128.4144826908976,8.388557757335743,158.09147864740908,59015.071806784734,FAULT,94.4,High,SEED
2026-05-28 10:50:11,SEED-89,4789.071325783142,792.8066719518245,4.4546485030204055,0.24965707339492837,17665.70553296984,NORMAL,93.0,Medium,SEED
2026-05-28 11:00:11,SEED-90,1383.5915653281247,478.78314345203523,1.0905149608420013,0.23969947706229355,283.69404493448326,NORMAL,88.7,Low,SEED
2026-05-28 11:10:11,SEED-91,1410.6787725367442,478.80639077449047,1.152268677941354,0.40107004915434263,289.98970484642876,NORMAL,81.2,Low,SEED
2026-05-28 11:20:11,SEED-92,1287.711791464132,445.27303341623167,1.153234042175159,0.31097742032861486,290.23959218885307,NORMAL,80.6,Low,SEED
2026-05-28 11:30:11,SEED-93,1416.9756713520446,455.85119491856875,1.13102216423956,0.030456460658194295,297.47201773862326,NORMAL,72.8,Low,SEED
2026-05-28 11:40:11,SEED-94,5120.7632346754535,760.6946800464505,4.476917447532086,19.96908768422793,18605.90891527893,NORMAL,93.0,Medium,SEED
2026-05-28 11:50:11,SEED-95,9078.272280376099,1205.968620596633,7.722745030009339,337.84910050789745,58831.81120584806,FAULT,79.2,High,SEED
2026-05-28 12:00:11,SEED-96,8656.094189660223,1149.161366536874,8.318871831311137,205.1276555041693,58208.92345322728,FAULT,73.0,High,SEED
2026-05-28 12:10:11,SEED-97,1412.4800954615414,473.41250936519896,1.105406895183309,0.42190518811403876,296.94102819303237,NORMAL,89.4,Low,SEED
2026-05-28 12:20:11,SEED-98,8847.874469368742,1126.010909755344,7.655778260736916,322.7128019330096,57889.253082632466,FAULT,72.2,High,SEED
2026-05-28 12:30:11,SEED-99,1414.9496347593665,453.06125739790764,1.082023614225617,0.029117516891488116,283.2456177891067,NORMAL,85.6,Low,SEED
2026-05-28 12:40:11,SEED-100,1324.9605367880108,478.57544643532924,1.1196376124912149,0.005225179196275853,290.8811451571362,NORMAL,83.2,Low,SEED
2026-05-28 12:50:11,SEED-101,1336.4392473480643,455.5276063641493,1.1214477634689883,0.6114130607360098,288.6775677125751,NORMAL,83.7,Low,SEED
2026-05-28 13:00:11,SEED-102,1291.134019936826,442.90469726829645,1.1312016071648001,0.015464096716669928,293.0804291038479,NORMAL,80.3,Low,SEED
2026-05-28 13:10:11,SEED-103,1356.7579677198607,458.2669608000324,1.066772804455471,0.5168257685615814,287.8251105976457,NORMAL,92.3,Low,SEED
2026-05-28 13:20:11,SEED-104,1412.583579213386,471.47977216731664,1.108088987610588,0.015909721566732316,283.62450887471607,NORMAL,80.4,Low,SEED
2026-05-28 13:30:11,SEED-105,1374.7969102212992,441.3115564104108,1.1252599107122008,0.09731880390055547,303.0130562014317,NORMAL,73.7,Low,SEED
2026-05-28 13:40:11,SEED-106,1408.4343678607743,465.4159652561788,1.076086698033579,0.29857143523050134,296.89907190102264,NORMAL,94.9,Low,SEED
2026-05-28 13:50:11,SEED-107,1286.743363503739,450.10349474267434,1.0853921204230548,0.1752553814965152,298.4924324248251,NORMAL,71.4,Low,SEED
2026-05-28 14:00:11,SEED-108,8904.939720642114,1111.1935961623246,8.272152095395503,269.88951750754677,61315.66231975144,FAULT,84.5,High,SEED
2026-05-28 14:10:11,SEED-109,1398.226339462208,446.504889453026,1.135403120266598,0.4691370858498294,290.86639845397457,NORMAL,72.9,Low,SEED
2026-05-28 14:20:11,SEED-110,5093.103175082896,825.7377759210826,4.635561102556545,4.511363540381808,17885.685165631803,NORMAL,93.0,Medium,SEED
2026-05-28 14:30:11,SEED-111,1401.3042137368946,470.47273969897554,1.141481444270492,0.13927425927625858,302.442452036059,NORMAL,88.6,Low,SEED
2026-05-28 14:40:11,SEED-112,1327.9547546760455,482.3025218491959,1.055858899241613,0.2484478624625881,280.7406366103181,NORMAL,83.6,Low,SEED
2026-05-28 14:50:11,SEED-113,1399.0963381226813,471.40340667431934,1.100370195811189,0.5497761173749574,284.96506071739276,NORMAL,74.0,Low,SEED
2026-05-28 15:00:11,SEED-114,4911.333849308066,814.9268909482759,4.3112509220523805,6.191679061416835,18791.16108632473,NORMAL,93.0,Medium,SEED
2026-05-28 15:10:11,SEED-115,5217.000596844629,775.0434029568137,4.553460688269695,30.882297999103116,17502.650294467585,NORMAL,93.0,Medium,SEED
2026-05-28 15:20:11,SEED-116,5038.551621928815,803.2118031657752,4.708537779195044,3.226730953205106,17561.21013662341,NORMAL,93.0,Medium,SEED
2026-05-28 15:30:11,SEED-117,1415.7431855511702,466.50893785053046,1.1050196562342123,0.18683838340574876,275.70157888656144,NORMAL,70.3,Low,SEED
2026-05-28 15:40:11,SEED-118,1408.212376323271,444.73168144265634,1.144088427115718,0.022650751986759587,278.0036473900954,NORMAL,80.0,Low,SEED
2026-05-28 15:50:11,SEED-119,1390.9923409781757,473.3075855869541,1.1450049439807966,0.5769685602233681,280.28378869266965,NORMAL,71.7,Low,SEED
2026-05-28 16:00:11,SEED-120,1342.5954200693143,446.83916343011293,1.0543301511857428,0.19316876903927138,275.53933046871686,NORMAL,79.8,Low,SEED
2026-05-28 16:10:11,SEED-121,4777.369847894878,797.0345296402636,4.693018164713273,5.6583663815358705,17993.72392934247,NORMAL,93.0,Medium,SEED
2026-05-28 16:20:11,SEED-122,1404.4905997139588,457.8300123773258,1.0612767482532721,0.16440691192009638,277.6346396783267,NORMAL,86.6,Low,SEED
2026-05-28 16:30:11,SEED-123,1386.4649294976473,475.51059600945456,1.1520711662528933,0.2264160114904783,284.32113678969966,NORMAL,82.3,Low,SEED
2026-05-28 16:40:11,SEED-124,1372.8116072966359,482.36639096192107,1.1116595752705682,0.2557266291271558,286.2281439580111,NORMAL,74.8,Low,SEED
2026-05-28 16:50:11,SEED-125,5008.94813391688,760.5238104620312,4.3097958102025515,10.742796482342328,17432.347357485058,NORMAL,93.0,Medium,SEED
2026-05-28 17:00:11,SEED-126,1375.3575019792117,475.4681738486302,1.045388521973539,0.1594836144092211,297.36636719243023,NORMAL,88.4,Low,SEED
2026-05-28 17:10:11,SEED-127,4953.438944450344,819.5026553848123,4.381699200651206,29.610131202841103,17182.99108170882,NORMAL,93.0,Medium,SEED
2026-05-28 17:20:11,SEED-128,4767.214080977281,760.8691479803592,4.704736098345482,39.37186537683965,18540.584854612327,NORMAL,93.0,Medium,SEED
2026-05-28 17:30:11,SEED-129,8616.014766761524,1155.464718345347,8.022757546009238,169.5769839115335,61127.49129785476,FAULT,93.7,High,SEED
2026-05-28 17:40:11,SEED-130,1344.708951981535,478.254865730938,1.1511579530464042,0.31072316062938743,278.2750655000772,NORMAL,73.8,Low,SEED
2026-05-28 17:50:11,SEED-131,5171.370664198338,776.1149179567036,4.559209298694992,5.5225628786135985,18201.96230414491,NORMAL,93.0,Medium,SEED
2026-05-28 18:00:11,SEED-132,1393.207738387185,484.58725116278316,1.0978948706064595,0.32444772989461335,295.4098252722344,NORMAL,71.7,Low,SEED
2026-05-28 18:10:11,SEED-133,1318.7470703016443,471.7924956413025,1.0916502569301345,0.447275845644004,284.0687373788794,NORMAL,70.9,Low,SEED
2026-05-28 18:20:11,SEED-134,8903.770056770883,1203.202567156332,7.791237000249776,215.95038735322123,60512.98212922409,FAULT,90.3,High,SEED
2026-05-28 18:30:11,SEED-135,1385.9497825895808,450.2606750999383,1.0616495760437812,0.48835043633623343,275.76979063024476,NORMAL,90.6,Low,SEED
2026-05-28 18:40:11,SEED-136,1376.3659371367698,475.7379848495092,1.085131756624492,0.5438712460574457,287.1088484032867,NORMAL,89.1,Low,SEED
2026-05-28 18:50:11,SEED-137,5066.779794276576,837.5694936161024,4.315210326204099,17.523894682670743,17210.26604590285,NORMAL,93.0,Medium,SEED
2026-05-28 19:00:11,SEED-138,1337.1263480757018,482.9569717304664,1.1048181558690322,0.22217520599853824,286.64930830199984,NORMAL,76.3,Low,SEED
2026-05-28 19:10:11,SEED-139,1353.9823805060569,477.8022857376637,1.1228482077563091,0.5813072870219038,289.89700943429534,NORMAL,75.9,Low,SEED
2026-05-28 19:20:11,SEED-140,1416.8753257311785,477.8727576537101,1.0865259704283279,0.25738758621069824,289.8750643790385,NORMAL,88.3,Low,SEED
2026-05-28 19:30:11,SEED-141,5119.052039687929,824.288000256284,4.306692049152734,17.023720219384018,18595.239058331463,NORMAL,93.0,Medium,SEED
2026-05-28 19:40:11,SEED-142,1362.3780478733531,483.5000894392806,1.1017968260446143,0.12015432364228484,291.54410102826273,NORMAL,74.2,Low,SEED
2026-05-28 19:50:11,SEED-143,5044.938201207687,767.3137535965527,4.70743227202398,22.028266920860915,18239.321869552074,NORMAL,93.0,Medium,SEED
2026-05-28 20:00:11,SEED-144,1321.3657857758762,441.81179988761465,1.0561311935049327,0.42127882925976046,278.61010152234974,NORMAL,71.1,Low,SEED
2026-05-28 20:10:11,SEED-145,1362.943234534774,479.3592143514161,1.0828275064301338,0.00896874990377139,281.25674998741596,NORMAL,70.5,Low,SEED
2026-05-28 20:20:11,SEED-146,5152.224737936216,764.1980989854678,4.36656364759033,43.117191456092996,17515.056298127194,NORMAL,93.0,Medium,SEED
2026-05-28 20:30:11,SEED-147,5172.9652000611,780.9051327808032,4.609431402135736,52.85703231158607,17173.35475182314,NORMAL,93.0,Medium,SEED
2026-05-28 20:40:11,SEED-148,1392.0383324105157,448.0774383832083,1.1449941786137852,0.1301812966480318,277.9091150323684,NORMAL,79.4,Low,SEED
2026-05-28 20:50:11,SEED-149,1349.1816822113271,462.4781254178207,1.1074482455514305,0.3984582930327427,292.13310470625345,NORMAL,77.0,Low,SEED
2026-05-28 21:00:11,SEED-150,1380.3219425865761,458.01069468378563,1.0673777248470735,0.11324681165198847,285.8024223110724,NORMAL,75.7,Low,SEED
2026-05-28 21:10:11,SEED-151,1386.2637726239143,483.33100624958183,1.141381561070903,0.07804810111564908,278.9580606080089,NORMAL,89.0,Low,SEED
2026-05-28 21:20:11,SEED-152,1340.7502312321053,448.0574620647702,1.1198531965853027,0.4863159638117134,295.63307939992876,NORMAL,71.2,Low,SEED
2026-05-28 21:30:11,SEED-153,8609.038920591993,1117.4865942636802,8.298850429501345,143.50218699294874,58213.88833192659,FAULT,74.5,High,SEED
2026-05-28 21:40:11,SEED-154,5041.155330601837,824.7749111512566,4.552501467355763,37.39227048221926,18001.240168646065,NORMAL,93.0,Medium,SEED
2026-05-28 21:50:11,SEED-155,5030.435880546564,764.8944424673703,4.687049261717059,23.13323949564017,18634.87522187113,NORMAL,93.0,Medium,SEED
2026-05-28 22:00:11,SEED-156,1304.280353723767,449.964893864656,1.0660822025537937,0.3480325211248374,292.2058836612,NORMAL,81.4,Low,SEED
2026-05-28 22:10:11,SEED-157,5219.0346527438405,790.31903830259,4.592345159876663,24.5444095995349,18704.698764333898,NORMAL,93.0,Medium,SEED
2026-05-28 22:20:11,SEED-158,1385.6222088660177,467.3486733487943,1.1275352705168062,0.6056357865468343,295.1947076503448,NORMAL,81.0,Low,SEED
2026-05-28 22:30:11,SEED-159,1417.2661022554275,484.4727596543302,1.1128780397840794,0.023350934755466568,287.45370294358264,NORMAL,76.6,Low,SEED
2026-05-28 22:40:11,SEED-160,1400.7132551362638,465.8590031723566,1.0474065146438165,0.4017674503275366,280.4841692515955,NORMAL,73.0,Low,SEED
2026-05-28 22:50:11,SEED-161,4781.550825885189,788.3495319052897,4.685579329643943,1.4591581204448403,18866.09086152379,NORMAL,93.0,Medium,SEED
2026-05-28 23:00:11,SEED-162,4801.510917889701,810.2493172655276,4.423670134431472,20.985030274130395,17573.43987845826,NORMAL,93.0,Medium,SEED
2026-05-28 23:10:11,SEED-163,1389.5312133669775,469.0225801455612,1.0866812763260252,0.2893375990481877,298.90559014166746,NORMAL,75.2,Low,SEED
2026-05-28 23:20:11,SEED-164,4834.087260145484,830.3557880219078,4.718397706472781,0.27822395924874854,17987.92155410481,NORMAL,93.0,Medium,SEED
2026-05-28 23:30:11,SEED-165,1370.2821355291599,477.92395551686366,1.0940758020312444,0.24161313681639207,294.7180678438876,NORMAL,78.3,Low,SEED
2026-05-28 23:40:11,SEED-166,1374.7405687522685,486.81044955986135,1.0851735075387199,0.3649212312647334,296.39988003477663,NORMAL,72.5,Low,SEED
2026-05-28 23:50:11,SEED-167,1310.732968072047,485.21581017549664,1.1173792909968112,0.22598234700477438,287.7077608997158,NORMAL,87.8,Low,SEED
2026-05-29 00:00:11,SEED-168,1368.0132174933487,453.18489341679174,1.1546630411456629,0.012747426231511483,287.0878050486145,NORMAL,90.7,Low,SEED
2026-05-29 00:10:11,SEED-169,4815.217675387453,795.8326684403578,4.576001108979992,44.96630965930217,18189.895505814133,NORMAL,93.0,Medium,SEED
2026-05-29 00:20:11,SEED-170,8941.542492413357,1127.0392362696975,8.338851522578372,237.27349264927648,62544.57967106693,FAULT,76.9,High,SEED
2026-05-29 00:30:11,SEED-171,1362.9030767738655,477.037596830482,1.1336213923455558,0.5142839661384988,279.8331172709406,NORMAL,87.9,Low,SEED
2026-05-29 00:40:11,SEED-172,1321.8666776663965,479.1579155214471,1.0644475328511196,0.5035806941358425,293.312072122885,NORMAL,91.1,Low,SEED
2026-05-29 00:50:11,SEED-173,9067.444815406696,1150.3532077805476,8.36323775534133,128.87131379705897,60730.50249228297,FAULT,74.9,High,SEED
2026-05-29 01:00:11,SEED-174,5039.632896054826,795.3095953116299,4.555699247450335,29.4277471988388,17601.546531839438,NORMAL,93.0,Medium,SEED
2026-05-29 01:10:11,SEED-175,1334.0926246274912,443.1289491905412,1.1331152008919547,0.2313538732709457,292.3329924093982,NORMAL,89.6,Low,SEED
2026-05-29 01:20:11,SEED-176,1397.760852327187,481.3909794492052,1.1332076240194449,0.7351154352712825,301.33294329680655,NORMAL,82.1,Low,SEED
2026-05-29 01:30:11,SEED-177,1402.9938905290005,483.74181023911837,1.1221756736736261,0.20746748367227763,293.20717349420147,NORMAL,81.1,Low,SEED
2026-05-29 01:40:11,SEED-178,1373.885808697597,459.48862705808966,1.1321261634407942,0.08729213208017583,294.52054276782485,NORMAL,74.5,Low,SEED
2026-05-29 01:50:11,SEED-179,8919.542027900061,1156.123256031325,8.391447537682247,165.24070872803395,57374.45372851391,FAULT,81.3,High,SEED
2026-05-29 02:00:11,SEED-180,1349.4430711808404,441.3165253150805,1.0654072952023803,0.01192443933509324,288.0430599435106,NORMAL,94.7,Low,SEED
2026-05-29 02:10:11,SEED-181,4916.660387283519,801.7596839102907,4.429579780557605,27.30880684996714,17780.603030031012,NORMAL,93.0,Medium,SEED
2026-05-29 02:20:11,SEED-182,1389.369753177852,476.46226878321664,1.1011877441145197,0.07087430805739281,301.6491971833626,NORMAL,72.4,Low,SEED
2026-05-29 02:30:11,SEED-183,1335.3449241335986,483.20727359723367,1.1194376301735474,0.022832460457799186,300.27249499885045,NORMAL,89.6,Low,SEED
2026-05-29 02:40:11,SEED-184,4783.113262418688,831.9042756620403,4.628049485216421,23.55289163457701,17670.86361233148,NORMAL,93.0,Medium,SEED
2026-05-29 02:50:11,SEED-185,1407.7952704909303,446.22370765514756,1.1375506120393328,0.18704088918715556,275.9629709859827,NORMAL,84.6,Low,SEED
2026-05-29 03:00:11,SEED-186,1394.9909834524058,473.19015070259553,1.1449968612019386,0.41677100236429787,302.39632398930013,NORMAL,84.0,Low,SEED
2026-05-29 03:10:11,SEED-187,8979.683925564424,1158.0261009285605,8.389624996349477,209.05517300243218,59516.69997111667,FAULT,82.8,High,SEED
2026-05-29 03:20:11,SEED-188,1350.3217402726086,450.6046853379941,1.0608617087801653,0.2808561774645497,302.6280144738521,NORMAL,89.5,Low,SEED
2026-05-29 03:30:11,SEED-189,4907.3740500596095,763.1452468106561,4.611792411312889,16.529702759249176,17404.963759856542,NORMAL,93.0,Medium,SEED
2026-05-29 03:40:11,SEED-190,1406.2655341633065,458.70846741156305,1.1386039122166696,0.3090074427115157,286.2512015512268,NORMAL,73.7,Low,SEED
2026-05-29 03:50:11,SEED-191,1416.0164173865273,468.36229055739034,1.1419841392032173,0.22564025764786866,285.9024943430669,NORMAL,84.5,Low,SEED
2026-05-29 04:00:11,SEED-192,5219.945647577281,826.6571607720401,4.704543484647113,0.2949681278448679,18340.939778136908,NORMAL,93.0,Medium,SEED
2026-05-29 04:10:11,SEED-193,1318.5372865457887,472.20616541286216,1.1355129442072827,0.3847067953762311,297.9313055429854,NORMAL,81.5,Low,SEED
2026-05-29 04:20:11,SEED-194,9108.665329202478,1097.614965107831,7.619414619815012,159.67911170926345,62861.22082017742,FAULT,93.6,High,SEED
2026-05-29 04:30:11,SEED-195,1380.7414623220914,470.9549219261035,1.1494433249514973,0.22400652200041993,284.6240832973722,NORMAL,79.1,Low,SEED
2026-05-29 04:40:11,SEED-196,8832.991421009963,1100.6087631958142,7.6966911440540295,248.2862938648268,59869.2417166829,FAULT,82.0,High,SEED
2026-05-29 04:50:11,SEED-197,1351.4371880932288,443.11997837995625,1.0804671490347284,0.11173690034487471,300.95138827607013,NORMAL,83.1,Low,SEED
2026-05-29 05:00:11,SEED-198,1387.0081646351725,469.6040738159881,1.072769634345041,0.015102113319818145,278.2027875040813,NORMAL,77.4,Low,SEED
2026-05-29 05:10:11,SEED-199,8645.612319695798,1095.8924356901334,8.005717277523376,173.6999326248863,60121.08956510806,FAULT,78.6,High,SEED
2026-05-29 05:20:11,SEED-200,1307.3240583516547,443.5207256922461,1.1034159097195813,0.5922706191781311,281.3614129345525,NORMAL,86.0,Low,SEED
2026-05-29 05:30:11,SEED-201,1297.3577820364067,473.75665340638636,1.084841958709576,0.2664965429204349,280.55837724539623,NORMAL,88.4,Low,SEED
2026-05-29 05:40:11,SEED-202,1410.9088340660412,455.66647744028245,1.1231639253243328,0.3031983477997082,287.83271992427694,NORMAL,80.5,Low,SEED
2026-05-29 05:50:11,SEED-203,1314.8103471042202,458.12055764073483,1.0527983180724132,0.05136247992766663,285.68342497640276,NORMAL,93.6,Low,SEED
2026-05-29 06:00:11,SEED-204,5056.934598497457,798.4712469754955,4.406253675642065,6.487011257269046,18701.811689039674,NORMAL,93.0,Medium,SEED
2026-05-29 06:10:11,SEED-205,1415.6680341525112,453.85050748517875,1.1282355319861381,0.16477576498271596,278.7697285221428,NORMAL,71.4,Low,SEED
2026-05-29 06:20:11,SEED-206,1291.197446175456,458.6115671123418,1.118912470420181,0.11656381218561496,279.2349029247722,NORMAL,86.4,Low,SEED
2026-05-29 06:30:11,SEED-207,5078.471971816263,787.6808774267977,4.564820343970306,24.909610070123335,17571.27866696897,NORMAL,93.0,Medium,SEED
2026-05-29 06:40:11,SEED-208,4756.902508280816,769.1983230147225,4.606332314182353,1.501420496618607,17902.838587914594,NORMAL,93.0,Medium,SEED
2026-05-29 06:50:11,SEED-209,1400.2837564866634,486.88054267863197,1.1527549855306454,0.031412512633616885,275.90143958143744,NORMAL,79.1,Low,SEED
2026-05-29 07:00:11,SEED-210,1301.0775951002126,442.3751925612464,1.15044613308578,0.30124564937339304,292.0680864900471,NORMAL,76.2,Low,SEED
2026-05-29 07:10:11,SEED-211,5083.680695901305,821.4235608024777,4.592900897560767,26.96661223365777,18596.451573906925,NORMAL,93.0,Medium,SEED
2026-05-29 07:20:11,SEED-212,4858.251409924911,781.4535293853395,4.455219311977311,15.440015721363352,17828.23589108242,NORMAL,93.0,Medium,SEED
2026-05-29 07:30:11,SEED-213,1292.3445106159622,466.8039417551729,1.118610333593072,0.17269740455035443,285.82452472084833,NORMAL,73.1,Low,SEED
2026-05-29 07:40:11,SEED-214,1295.3504359417757,461.67840180353437,1.1286512666034934,0.14809710390463238,276.6854687576913,NORMAL,87.7,Low,SEED
2026-05-29 07:50:11,SEED-215,5162.200801783564,792.6857494811297,4.477435060338172,15.610959301029425,17497.94583304477,NORMAL,93.0,Medium,SEED
2026-05-29 08:00:11,SEED-216,5135.359198867797,766.2357529098151,4.422241403396924,23.542030789434648,18680.56904733206,NORMAL,93.0,Medium,SEED
2026-05-29 08:10:11,SEED-217,5122.7767066482165,768.588187300135,4.279241621521295,62.171587086387035,18490.75452937649,NORMAL,93.0,Medium,SEED
2026-05-29 08:20:11,SEED-218,9266.38253484341,1098.2599804849422,8.249561281856108,30.095910247689062,61314.42746255357,FAULT,87.8,High,SEED
2026-05-29 08:30:11,SEED-219,5055.08990416597,772.111202170345,4.300704378586541,54.67357751925999,18706.650461973917,NORMAL,93.0,Medium,SEED
2026-05-29 08:40:11,SEED-220,1314.3676563039544,474.26687720348167,1.0688544178381767,0.07957892122338794,276.01006399045264,NORMAL,70.2,Low,SEED
2026-05-29 08:50:11,SEED-221,1414.3914666383312,452.16385359397924,1.1190057623380378,0.006807371226710046,281.5771082750991,NORMAL,82.5,Low,SEED
2026-05-29 09:00:11,SEED-222,5049.488318069964,828.2810743601436,4.354002339573115,30.53528992463623,18224.64273398779,NORMAL,93.0,Medium,SEED
2026-05-29 09:10:11,SEED-223,1332.9986845896617,465.2241468048191,1.0786924144300611,0.6323776147397027,286.48991210182106,NORMAL,74.8,Low,SEED
2026-05-29 09:20:11,SEED-224,1295.3592492657133,445.52832368899107,1.1279111743336363,0.06964994850627715,290.5340449171831,NORMAL,82.2,Low,SEED
2026-05-29 09:30:11,SEED-225,1355.6422920729485,453.45469218027955,1.05418094998029,0.3165003311844732,297.8500193129959,NORMAL,75.6,Low,SEED
2026-05-29 09:40:11,SEED-226,9005.672654637907,1194.8856154602618,7.701145292343921,286.57725792520955,61377.765569872485,FAULT,93.2,High,SEED
2026-05-29 09:50:11,SEED-227,5157.6214352397965,772.7661604987953,4.717913830712272,4.098251270630726,18703.3069069702,NORMAL,93.0,Medium,SEED
2026-05-29 10:00:11,SEED-228,1289.8723224333953,487.0043620217815,1.1262849860119444,0.21680375992606837,283.9647368380969,NORMAL,80.1,Low,SEED
2026-05-29 10:10:11,SEED-229,1344.4811519202117,461.9554257355172,1.0566407318710176,0.5462647566291112,298.1834377694782,NORMAL,93.8,Low,SEED
2026-05-29 10:20:11,SEED-230,1283.894813135303,463.8680898691152,1.0963975701448039,0.002675100911006645,294.06100501138866,NORMAL,80.2,Low,SEED
2026-05-29 10:30:11,SEED-231,1411.0273808927532,485.9519144171212,1.101307027911518,0.19692785996466267,288.82089486721935,NORMAL,88.3,Low,SEED
2026-05-29 10:40:11,SEED-232,1379.5253723616884,485.0423433688703,1.1280292506794034,0.6401284958726823,276.8557168952278,NORMAL,82.5,Low,SEED
2026-05-29 10:50:11,SEED-233,1335.839441457526,448.31431426219507,1.1339409282004764,0.6549214851963505,298.8585963130027,NORMAL,71.9,Low,SEED
2026-05-29 11:00:11,SEED-234,5099.64570076193,786.0606987521003,4.30998087798118,48.84116610602882,18404.40390565072,NORMAL,93.0,Medium,SEED
2026-05-29 11:10:11,SEED-235,1388.3513666716922,464.11248055437966,1.1005974899558042,0.09926024381953713,295.56194161591856,NORMAL,76.2,Low,SEED
2026-05-29 11:20:11,SEED-236,1287.390504529293,457.5005452359552,1.065700498281985,0.10675957265510494,294.3251056407566,NORMAL,74.9,Low,SEED
2026-05-29 11:30:11,SEED-237,1364.3220947379211,445.84813314168395,1.1133650326492956,0.46665923298291556,301.9598873083444,NORMAL,91.8,Low,SEED
2026-05-29 11:40:11,SEED-238,1396.4079002055562,463.8953047162642,1.062912621462909,0.0038349855699779667,292.33248635656054,NORMAL,94.8,Low,SEED
2026-05-29 11:50:11,SEED-239,9120.372633056273,1119.8342885608602,8.294884379100347,114.34615567833293,61664.967131341415,FAULT,87.9,High,SEED
2026-05-29 12:00:11,SEED-240,8584.251872104478,1110.0580911136583,8.32241746602291,175.7902440354644,59161.71985726102,FAULT,90.9,High,SEED
2026-05-29 12:10:11,SEED-241,1394.7223233741765,451.43629819452457,1.0947176911607608,0.07165351705717882,298.55232499481644,NORMAL,84.8,Low,SEED
2026-05-29 12:20:11,SEED-242,1396.424122485761,445.2421073205466,1.1273751127942229,0.026022657635856206,296.3522076015301,NORMAL,77.8,Low,SEED
2026-05-29 12:30:11,SEED-243,1320.6125542709303,460.4251118024998,1.077960726502257,0.20934114738277732,275.80192688315907,NORMAL,83.9,Low,SEED
2026-05-29 12:40:11,SEED-244,1357.8099209066334,477.632420834944,1.0778346150769393,0.3241052874719843,296.6500244783184,NORMAL,72.5,Low,SEED
2026-05-29 12:50:11,SEED-245,1373.2160868581097,485.26633092236307,1.1184462638523582,0.2099117841532676,291.5789778392707,NORMAL,82.3,Low,SEED
2026-05-29 13:00:11,SEED-246,1405.1121873547554,471.1427343893325,1.0467687631338183,0.3590057918869203,293.7936885987973,NORMAL,78.8,Low,SEED
2026-05-29 13:10:11,SEED-247,1360.5479982242823,472.12035700434956,1.0677663684624716,0.049952392027082126,285.3651541584845,NORMAL,81.7,Low,SEED
2026-05-29 13:20:11,SEED-248,1359.0970314466786,451.3721826402638,1.071258352194004,0.0481729727098088,287.6971368207392,NORMAL,70.7,Low,SEED
2026-05-29 13:30:11,SEED-249,1385.031397238217,463.2341348070196,1.1202539492793606,0.2587724013694892,299.04105157106864,NORMAL,91.0,Low,SEED
2026-05-29 13:40:11,SEED-250,1364.963807642704,459.58784779491026,1.0996013910564157,0.25047305632022354,301.07503181445287,NORMAL,78.3,Low,SEED
2026-05-29 13:50:11,SEED-251,5086.156998158696,789.4834642337261,4.307223041712354,25.393014254215018,17836.507004972533,NORMAL,93.0,Medium,SEED
2026-05-29 14:00:11,SEED-252,1362.120027655242,462.0458330567643,1.0487577572553903,0.31337633656367103,299.79297519383425,NORMAL,75.8,Low,SEED
2026-05-29 14:10:11,SEED-253,5051.252846574357,831.3201132134731,4.6983545213863644,1.89607807501784,18259.983068674992,NORMAL,93.0,Medium,SEED
2026-05-29 14:20:11,SEED-254,8900.494380874265,1148.24467512463,8.097891564241547,260.8442860398786,61347.62555161658,FAULT,80.5,High,SEED
2026-05-29 14:30:11,SEED-255,5204.479451974,778.6050591737703,4.6756179480414115,13.567047538822521,17668.034910684706,NORMAL,93.0,Medium,SEED
2026-05-29 14:40:11,SEED-256,5103.252629042032,831.5883391624313,4.418458498708961,16.786153983478584,17394.81753934034,NORMAL,93.0,Medium,SEED
2026-05-29 14:50:11,SEED-257,1328.055275288772,446.8401773172039,1.100059805917882,0.23008268969515022,297.8540463177651,NORMAL,84.2,Low,SEED
2026-05-29 15:00:11,SEED-258,8841.884046081776,1167.0195378019034,7.757952917333412,214.21371412045437,60317.28873312679,FAULT,79.8,High,SEED
2026-05-29 15:10:11,SEED-259,1349.7796161234498,445.3585826025148,1.064298322457706,0.40891969500856007,281.09290826895204,NORMAL,82.7,Low,SEED
2026-05-29 15:20:11,SEED-260,5194.442747454229,798.5605297266542,4.611878137040406,4.952243184075314,17239.74768292218,NORMAL,93.0,Medium,SEED
2026-05-29 15:30:11,SEED-261,1299.1518275143908,474.6989660896373,1.1501042559432135,0.23898784036797327,278.1588569656945,NORMAL,79.3,Low,SEED
2026-05-29 15:40:11,SEED-262,1416.9597103899007,441.1146864673789,1.1297224386139244,0.03709942078566897,277.80585356513444,NORMAL,81.8,Low,SEED
2026-05-29 15:50:11,SEED-263,1413.0055731272525,443.30541980441336,1.1506156629868873,0.41662416106712374,276.8492137983105,NORMAL,84.4,Low,SEED
2026-05-29 16:00:11,SEED-264,1355.4135890465272,441.4462695020384,1.0652628533806834,0.2737711286802975,292.94383982016495,NORMAL,88.2,Low,SEED
2026-05-29 16:10:11,SEED-265,9383.845308853945,1110.2878029513392,7.989209583394859,129.5295757840313,62669.25036825188,FAULT,92.0,High,SEED
2026-05-29 16:20:11,SEED-266,1289.1610489979741,474.366785094901,1.0800839993074633,0.2964850022750207,301.3081459520199,NORMAL,87.3,Low,SEED
2026-05-29 16:30:11,SEED-267,5211.588803148118,798.8011520660442,4.692710880807521,56.59743313625063,17628.75561042158,NORMAL,93.0,Medium,SEED
2026-05-29 16:40:11,SEED-268,1330.2176189399727,474.9007450649743,1.0759707460821517,0.29145748509531977,301.17981697052386,NORMAL,74.7,Low,SEED
2026-05-29 16:50:11,SEED-269,1371.2493871740735,466.15494654350687,1.1476308103800046,0.03841263273232709,298.16154794633627,NORMAL,78.3,Low,SEED
2026-05-29 17:00:11,SEED-270,9230.390356413538,1182.407758002744,8.379400419572715,38.791290569802186,58310.00884523465,FAULT,82.4,High,SEED
2026-05-29 17:10:11,SEED-271,1328.4311161297264,456.06631163327114,1.0916596238502352,0.3874502346505091,300.2332113321377,NORMAL,79.9,Low,SEED
2026-05-29 17:20:11,SEED-272,1292.0042855549411,458.8917202753012,1.0705562873710626,0.692221575754572,290.4488232052011,NORMAL,76.6,Low,SEED
2026-05-29 17:30:11,SEED-273,5005.231699680817,779.4005936346747,4.664874925059032,1.568173701609794,18493.927589684485,NORMAL,93.0,Medium,SEED
2026-05-29 17:40:11,SEED-274,1395.5869793671231,453.370031073428,1.1273346876212333,0.16943678719274047,299.4452859544764,NORMAL,81.5,Low,SEED
2026-05-29 17:50:11,SEED-275,8607.165282207123,1106.9194371686126,8.014454215062255,99.88506627819197,62461.40743116583,FAULT,94.3,High,SEED
2026-05-29 18:00:11,SEED-276,1409.8531472395775,471.7132014964464,1.1225347890717488,0.21924408786720928,295.04535363653173,NORMAL,80.1,Low,SEED
2026-05-29 18:10:11,SEED-277,9249.10741518092,1161.8994576468654,8.170847163946126,266.4666104211765,61775.84519797815,FAULT,75.6,High,SEED
2026-05-29 18:20:11,SEED-278,4877.921478788447,768.3544878411301,4.671818802529284,44.31914025096796,17482.15535853561,NORMAL,93.0,Medium,SEED
2026-05-29 18:30:11,SEED-279,1416.6586871824409,477.2404433358787,1.073376500674801,0.4126888397722057,289.7814307666748,NORMAL,86.1,Low,SEED
2026-05-29 18:40:11,SEED-280,5097.55345209153,838.3405164491228,4.352295121514425,0.6662578187626877,17338.50336781203,NORMAL,93.0,Medium,SEED
2026-05-29 18:50:11,SEED-281,1379.9844891733983,446.1449995588669,1.106206451097947,0.34133531689754193,287.54108519236985,NORMAL,84.9,Low,SEED
2026-05-29 19:00:11,SEED-282,1352.2447316344583,454.0159085868489,1.0984420630334535,0.4467333497894712,279.5821728287414,NORMAL,94.8,Low,SEED
2026-05-29 19:10:11,SEED-283,1292.2877411396444,480.38022102049234,1.1195640891528065,0.35468052696827446,280.5127086980548,NORMAL,70.9,Low,SEED
2026-05-29 19:20:11,SEED-284,1310.9933865004132,445.41096194475506,1.0450870180476963,0.037525625044448674,279.63455397569703,NORMAL,79.8,Low,SEED
2026-05-29 19:30:11,SEED-285,1293.707263304884,453.57609305623663,1.1428249975045075,0.23450250108585902,283.0536780398411,NORMAL,91.8,Low,SEED
2026-05-29 19:40:11,SEED-286,1381.551619042562,449.2442255327216,1.1395339904152328,0.5658783154659286,283.5035424043217,NORMAL,89.7,Low,SEED
2026-05-29 19:50:11,SEED-287,1388.090412817497,466.22274784395023,1.0891667958139448,0.3933518843057735,298.0205881132819,NORMAL,85.2,Low,SEED
2026-05-29 20:00:11,SEED-288,8600.148769411193,1092.6593576228822,8.27208261814603,168.35232839704554,60498.509165011215,FAULT,86.4,High,SEED
2026-05-29 20:10:11,SEED-289,5143.406335226997,821.9009435299675,4.496628764018575,1.5907813871525605,17400.574036214675,NORMAL,93.0,Medium,SEED
2026-05-29 20:20:11,SEED-290,1361.008689567549,458.9027037109986,1.1109950344808115,0.06913636637831555,300.1603078420763,NORMAL,82.9,Low,SEED
2026-05-29 20:30:11,SEED-291,4767.418399195815,780.6001484848208,4.666866363118823,19.918346135339903,17381.593924668843,NORMAL,93.0,Medium,SEED
2026-05-29 20:40:11,SEED-292,5210.710730048365,822.7342040328178,4.279487179037489,13.991402482104036,17458.122837022052,NORMAL,93.0,Medium,SEED
2026-05-29 20:50:11,SEED-293,1380.5494393327926,474.13205324489945,1.1212981837005676,0.5568337373152943,291.6978507042736,NORMAL,76.3,Low,SEED
2026-05-29 21:00:11,SEED-294,8794.53098702183,1197.9340858084852,7.699482812632267,225.11507242999573,62396.41165507531,FAULT,73.6,High,SEED
2026-05-29 21:10:11,SEED-295,1376.9507930541322,464.5379224663071,1.141081063797856,0.6987520246191234,296.6291955815825,NORMAL,72.4,Low,SEED
2026-05-29 21:20:11,SEED-296,1352.3768173915269,471.64914807620835,1.1515725280909974,0.657910035675318,300.7422161455411,NORMAL,77.3,Low,SEED
2026-05-29 21:30:11,SEED-297,1351.700515544936,455.90093639937754,1.0660380622589296,0.008253747641688847,283.0310248984239,NORMAL,86.8,Low,SEED
2026-05-29 21:40:11,SEED-298,1331.8298419579014,445.23919239731794,1.1083307470998918,0.08942004910805412,275.65739508755513,NORMAL,72.6,Low,SEED
2026-05-29 21:50:11,SEED-299,1376.5112917978959,473.7004667111797,1.119297793649935,0.22031605729762482,288.03177107854737,NORMAL,70.7,Low,SEED
2026-05-29 22:00:11,SEED-300,4997.448314161834,767.3338758371125,4.278926801431501,8.994172329194384,17802.793793065608,NORMAL,93.0,Medium,SEED
2026-05-29 22:10:11,SEED-301,1366.5622925234964,475.6261124424676,1.1101306458952538,0.4237982871284727,281.3262976204265,NORMAL,78.0,Low,SEED
2026-05-29 22:20:11,SEED-302,1362.3879732256478,468.9916883815624,1.0497894786478754,0.2736776302554951,291.5987611501512,NORMAL,86.2,Low,SEED
2026-05-29 22:30:11,SEED-303,1292.4564027573504,469.3906603594626,1.1026303332972893,0.06158423122381418,299.531151603455,NORMAL,74.0,Low,SEED
2026-05-29 22:40:11,SEED-304,1366.6333794935972,469.23917835644954,1.0716306087501357,0.17863908473052792,279.4308839583366,NORMAL,90.5,Low,SEED
2026-05-29 22:50:11,SEED-305,9198.352698485185,1140.7535124001913,8.121374483613291,307.3277943016924,61784.931482187494,FAULT,83.2,High,SEED
2026-05-29 23:00:11,SEED-306,1338.7338983142179,465.8840083833441,1.056036527203562,0.5815393998598584,282.02321174607386,NORMAL,78.1,Low,SEED
2026-05-29 23:10:11,SEED-307,1314.744676168902,486.61808823741273,1.1544799792158815,0.34583192818189357,291.141916918175,NORMAL,70.5,Low,SEED
2026-05-29 23:20:11,SEED-308,1288.476678335227,444.8144779728515,1.1018731659265653,0.321800795833453,286.9882070960615,NORMAL,94.0,Low,SEED
2026-05-29 23:30:11,SEED-309,1294.6671619287558,441.8230805735718,1.0990726323046514,0.13273968431571692,296.19612398976926,NORMAL,77.8,Low,SEED
2026-05-29 23:40:11,SEED-310,5049.132258078815,801.698232565517,4.381574184464409,35.28612909362255,18784.4806763383,NORMAL,93.0,Medium,SEED
2026-05-29 23:50:11,SEED-311,1310.6143835946027,483.70397955773893,1.1466323494940025,0.2268123978888097,281.16681297216695,NORMAL,90.2,Low,SEED
2026-05-30 00:00:11,SEED-312,5035.992554280322,811.0354882211371,4.558734924202229,65.21028219893594,17506.23826819601,NORMAL,93.0,Medium,SEED
2026-05-30 00:10:11,SEED-313,9022.296054683098,1162.0408991563593,7.6269434588849,235.52152031527157,58175.74335115879,FAULT,76.3,High,SEED
2026-05-30 00:20:11,SEED-314,1394.0538901684824,471.55913503896926,1.146795681861654,0.14317845895247938,294.75843447989246,NORMAL,78.1,Low,SEED
2026-05-30 00:30:11,SEED-315,1375.1545232668248,471.8613456539272,1.1094570699134343,0.5484611717582526,291.9840594230333,NORMAL,72.2,Low,SEED
2026-05-30 00:40:11,SEED-316,5182.22641670431,820.2083705446174,4.534601543456053,0.5064092643825688,18158.13361375963,NORMAL,93.0,Medium,SEED
2026-05-30 00:50:11,SEED-317,1368.5619205406654,442.2885174531537,1.1210151696141808,0.2191107269893422,284.9896771716491,NORMAL,90.5,Low,SEED
2026-05-30 01:00:11,SEED-318,4881.882499982082,821.1580063880253,4.33434983801441,31.94600818331753,18873.518073757506,NORMAL,93.0,Medium,SEED
2026-05-30 01:10:11,SEED-319,1286.0494649761115,468.7820046279723,1.1366664008147007,0.5099009866170414,296.43602057593534,NORMAL,79.9,Low,SEED
2026-05-30 01:20:11,SEED-320,4853.343833185195,832.7125695618744,4.668642883193886,7.715311197467372,18863.204995392498,NORMAL,93.0,Medium,SEED
2026-05-30 01:30:11,SEED-321,1411.6977745011493,455.87655779634497,1.1504974473665242,0.06945741185844945,282.6134548982285,NORMAL,74.4,Low,SEED
2026-05-30 01:40:11,SEED-322,1354.2862153667302,485.4610178224177,1.1492159395121997,0.00025717035503802776,293.59330208530025,NORMAL,91.2,Low,SEED
2026-05-30 01:50:11,SEED-323,9162.250094200492,1174.4183867844583,7.95514748796775,252.59196940170114,57297.73018972734,FAULT,82.5,High,SEED
2026-05-30 02:00:11,SEED-324,1333.374168606183,486.5861227384556,1.0990621179559188,0.15166421194791457,298.79906632150295,NORMAL,85.6,Low,SEED
2026-05-30 02:10:11,SEED-325,5140.975521585854,806.3528744259116,4.310138980514818,9.179626483988727,18165.510274328506,NORMAL,93.0,Medium,SEED
2026-05-30 02:20:11,SEED-326,1372.7072500540971,478.27395256004604,1.0610986277863708,0.6301492645036282,291.4081525719409,NORMAL,85.9,Low,SEED
2026-05-30 02:30:11,SEED-327,1399.352573499953,450.403774017269,1.0817081057346418,0.08779572940862135,302.12015213689756,NORMAL,93.1,Low,SEED
2026-05-30 02:40:11,SEED-328,5041.752924179554,780.8681131152977,4.556109438241188,43.78881160624337,18424.693690469136,NORMAL,93.0,Medium,SEED
2026-05-30 02:50:11,SEED-329,1408.743308000608,441.4385311662653,1.1531880384493973,0.48309762190786465,278.1632646374687,NORMAL,71.6,Low,SEED
2026-05-30 03:00:11,SEED-330,5104.268917493187,800.2810779855233,4.314268821712675,6.978256046443562,18440.336540684224,NORMAL,93.0,Medium,SEED
2026-05-30 03:10:11,SEED-331,1286.5338474240586,487.1344175525777,1.0677574288663827,0.25082412131081,288.6022596204107,NORMAL,75.0,Low,SEED
2026-05-30 03:20:11,SEED-332,1300.2428545237078,474.94632225032717,1.1051637287009544,0.030842030525388253,301.4505161812128,NORMAL,93.2,Low,SEED
2026-05-30 03:30:11,SEED-333,5232.108918247018,803.0940838609622,4.451285440989932,36.49396900369095,18822.052200732207,NORMAL,93.0,Medium,SEED
2026-05-30 03:40:11,SEED-334,4810.819562373101,787.7950112511286,4.563287372284379,54.34632709112452,17632.77215733205,NORMAL,93.0,Medium,SEED
2026-05-30 03:50:11,SEED-335,1381.7635045133482,454.3126154315771,1.0601835803480366,0.1155758058828269,280.9436314726509,NORMAL,87.0,Low,SEED
2026-05-30 04:00:11,SEED-336,1399.3508717545758,469.318570836486,1.1037389257667347,0.3954828362037395,279.52577753992165,NORMAL,90.8,Low,SEED
2026-05-30 04:10:11,SEED-337,8845.072586580967,1197.9860497514353,7.860801436875583,41.05332383893892,61354.14527699266,FAULT,89.1,High,SEED
2026-05-30 04:20:11,SEED-338,4885.745023874222,782.5075933266048,4.416098317085716,21.836862544072574,18482.653376506296,NORMAL,93.0,Medium,SEED
2026-05-30 04:30:11,SEED-339,4775.3098044615745,796.8220531357836,4.578051883912072,3.1935284911011195,18544.891050216258,NORMAL,93.0,Medium,SEED
2026-05-30 04:40:11,SEED-340,4991.12597679478,776.4845763101688,4.462771057504089,43.73437499512147,18873.374392231617,NORMAL,93.0,Medium,SEED
2026-05-30 04:50:11,SEED-341,5109.322486984989,837.9089976852634,4.378057038729694,43.18011287495085,17782.299416106303,NORMAL,93.0,Medium,SEED
2026-05-30 05:00:11,SEED-342,1305.3005372126784,445.7924521139094,1.149004007986385,0.4391619889314704,296.9462178413569,NORMAL,76.2,Low,SEED
2026-05-30 05:10:11,SEED-343,1339.528734966573,447.685893205106,1.1070840470118917,0.5843500657350287,287.3385886141701,NORMAL,94.0,Low,SEED
2026-05-30 05:20:11,SEED-344,1361.7843751535652,471.1656200371631,1.1252008124790178,0.32199941439208857,296.19308594861633,NORMAL,90.6,Low,SEED
2026-05-30 05:30:11,SEED-345,1304.0986204221454,444.12031313840606,1.1120850179073454,0.37919762124207157,285.9247421402901,NORMAL,91.0,Low,SEED
2026-05-30 05:40:11,SEED-346,1283.6080103467118,458.5154613980926,1.0944090738761456,0.39891973711556084,282.4696674810832,NORMAL,82.6,Low,SEED
2026-05-30 05:50:11,SEED-347,1298.355601528335,461.44778915004235,1.153221059776771,0.45373167609535336,299.8198312807424,NORMAL,89.3,Low,SEED
2026-05-30 06:00:11,SEED-348,1379.630469211542,441.37387011116243,1.1337507807270018,0.06377647993445024,289.03875006396794,NORMAL,82.8,Low,SEED
2026-05-30 06:10:11,SEED-349,5016.725678553037,827.9149790453441,4.2916461501270184,17.55374867953276,17981.193325444197,NORMAL,93.0,Medium,SEED
2026-05-30 06:20:11,SEED-350,1354.040868934125,468.69772228232756,1.095340208218224,0.3421688516457646,293.69681956219324,NORMAL,78.2,Low,SEED
2026-05-30 06:30:11,SEED-351,1291.8301688862466,478.59835612481686,1.08791699475243,0.2084136354569246,283.6288346351074,NORMAL,82.0,Low,SEED
2026-05-30 06:40:11,SEED-352,1301.9336507639823,459.77160519818034,1.1372259614523417,0.1271533309133881,285.48109432810605,NORMAL,80.9,Low,SEED
2026-05-30 06:50:11,SEED-353,1371.8164183260021,452.42609142665873,1.0716711507433885,0.13579293774161894,300.6767867350987,NORMAL,83.3,Low,SEED
2026-05-30 07:00:11,SEED-354,1341.081136546604,455.5955355461906,1.057440782563837,0.04763169892908614,291.58896111792785,NORMAL,83.8,Low,SEED
2026-05-30 07:10:11,SEED-355,1399.7073308323006,480.3422868657635,1.1122594094954192,0.13477482093421056,296.52918079245774,NORMAL,72.3,Low,SEED
2026-05-30 07:20:11,SEED-356,1313.539774025855,481.7869082127409,1.1197676005681216,0.02638077148626561,303.2205127045776,NORMAL,85.5,Low,SEED
2026-05-30 07:30:11,SEED-357,1343.1041335196323,445.29536909257826,1.0862816600062861,0.07386515361531654,286.8795247880398,NORMAL,78.9,Low,SEED
2026-05-30 07:40:11,SEED-358,1403.4763224974483,478.43520962004555,1.0847892309456268,0.09834206056395267,287.1528624556305,NORMAL,83.8,Low,SEED
2026-05-30 07:50:11,SEED-359,1410.4943084426234,464.95460276552427,1.1463341613397955,0.31201317750588853,288.507828787363,NORMAL,71.4,Low,SEED
2026-05-30 08:00:11,SEED-360,1409.8925775215375,482.93481494044516,1.0689409430502477,0.2710176061063274,284.9765303444518,NORMAL,92.3,Low,SEED
2026-05-30 08:10:11,SEED-361,8847.247947443997,1166.026277589356,7.919276084097136,220.15899883202815,60945.87550756227,FAULT,92.4,High,SEED
2026-05-30 08:20:11,SEED-362,1333.5789733840327,457.7205445102064,1.0602192300437394,0.2179986504427731,288.22273881600654,NORMAL,83.7,Low,SEED
2026-05-30 08:30:11,SEED-363,4932.55335863531,810.5826703185368,4.591509298522352,15.783360605969392,18092.23583879771,NORMAL,93.0,Medium,SEED
2026-05-30 08:40:11,SEED-364,4882.202988203264,775.7686516448726,4.35065657000143,20.04174931232683,17706.75771958064,NORMAL,93.0,Medium,SEED
2026-05-30 08:50:11,SEED-365,4895.822917181929,760.258712749761,4.723974941867916,18.203230496991637,18470.33940988853,NORMAL,93.0,Medium,SEED
2026-05-30 09:00:11,SEED-366,8789.362043487108,1197.1586608415719,7.663739803399453,266.0555784210487,58504.39515789288,FAULT,92.2,High,SEED
2026-05-30 09:10:11,SEED-367,1340.1595110523792,474.50796856008566,1.1232111000495197,0.03906662557043106,299.5614174723633,NORMAL,80.3,Low,SEED
2026-05-30 09:20:11,SEED-368,4921.548523554194,768.5678174968783,4.338725042559483,2.9909208471646025,17117.544940008822,NORMAL,93.0,Medium,SEED
2026-05-30 09:30:11,SEED-369,1318.9150787685546,454.80715035540413,1.0452658394654666,0.17902789547403852,302.6227235003048,NORMAL,93.5,Low,SEED
2026-05-30 09:40:11,SEED-370,1395.0820427320662,452.53575709776436,1.085655673373248,0.2594942693462974,296.9329919422395,NORMAL,85.7,Low,SEED
2026-05-30 09:50:11,SEED-371,1321.793462865558,441.77709897205557,1.0678564777710406,0.049865044896943544,303.9340865805977,NORMAL,83.5,Low,SEED
2026-05-30 10:00:11,SEED-372,5005.662345363573,790.7355953898116,4.34595731559373,32.27493174456856,17170.96619406698,NORMAL,93.0,Medium,SEED
2026-05-30 10:10:11,SEED-373,1317.6846347923738,449.97855114944883,1.0866178923525387,0.7168156337783538,300.0125473612804,NORMAL,94.9,Low,SEED
2026-05-30 10:20:11,SEED-374,5000.425762911214,806.9827790726517,4.391242528016491,13.463451253967492,17802.359158727704,NORMAL,93.0,Medium,SEED
2026-05-30 10:30:11,SEED-375,1396.0016320277389,441.2930204177564,1.0597229308337512,0.07258000283334898,294.01189978910645,NORMAL,87.8,Low,SEED
2026-05-30 10:40:11,SEED-376,5096.25000287348,799.8537073938015,4.687450425134155,3.8483654844632156,18345.207519096733,NORMAL,93.0,Medium,SEED
2026-05-30 10:50:11,SEED-377,1397.6699741562404,447.7633342694604,1.1116578234708097,0.014757062054930437,300.75930789713243,NORMAL,91.5,Low,SEED
2026-05-30 11:00:11,SEED-378,1352.8154709264857,458.7822988879444,1.0500709357824953,0.05161000245623981,285.9814424177396,NORMAL,91.9,Low,SEED
2026-05-30 11:10:11,SEED-379,9404.068308349937,1166.3060814379617,8.073887002674923,98.46192773493158,62482.84042226921,FAULT,90.5,High,SEED
2026-05-30 11:20:11,SEED-380,1363.7992654119248,479.8753817200006,1.1193591427706688,0.14011764642824343,293.696708172187,NORMAL,90.5,Low,SEED
2026-05-30 11:30:11,SEED-381,4805.734641482948,769.7755173913936,4.351538824790126,14.850559084345491,18793.618133026568,NORMAL,93.0,Medium,SEED
2026-05-30 11:40:11,SEED-382,5105.827459082916,808.2786300305391,4.699839108409892,15.583740417059744,18703.070671726524,NORMAL,93.0,Medium,SEED
2026-05-30 11:50:11,SEED-383,1385.9239007441515,482.136266532811,1.1011436303942859,0.043312295355549146,277.2653840967411,NORMAL,77.6,Low,SEED
2026-05-30 12:00:11,SEED-384,9083.341886198305,1140.8185478659195,7.7695041552082325,194.39021016546167,61631.51635416878,FAULT,74.3,High,SEED
2026-05-30 12:10:11,SEED-385,4966.803383187145,817.6231607100991,4.667903838318962,32.71287421607519,17959.160252245456,NORMAL,93.0,Medium,SEED
2026-05-30 12:20:11,SEED-386,1374.02168437364,445.0853202201138,1.1198720242750222,0.4923198454123092,288.77819964765376,NORMAL,75.6,Low,SEED
2026-05-30 12:30:11,SEED-387,8570.548452024348,1202.6382507730468,7.691609588647693,193.43111905958358,57520.85683527696,FAULT,92.9,High,SEED
2026-05-30 12:40:11,SEED-388,4834.118156206321,767.5835558358814,4.5274089286884145,3.171557908110344,17860.304456390415,NORMAL,93.0,Medium,SEED
2026-05-30 12:50:11,SEED-389,1364.59215825689,469.2519720791711,1.0873719457666202,0.28214992162620334,281.8582075359071,NORMAL,71.1,Low,SEED
2026-05-30 13:00:11,SEED-390,1327.5948809693978,463.0179111797423,1.0650416350553102,0.5357553206530685,297.00108798921246,NORMAL,86.9,Low,SEED
2026-05-30 13:10:11,SEED-391,5095.215657579918,839.7104697307362,4.580243408990445,63.99286491531484,17962.04096917293,NORMAL,93.0,Medium,SEED
2026-05-30 13:20:11,SEED-392,5219.319106608905,780.2162524507545,4.450744334699091,19.734243974657943,18789.469381202045,NORMAL,93.0,Medium,SEED
2026-05-30 13:30:11,SEED-393,1290.5340085255589,452.37160041101447,1.078363560384026,0.39411279934101096,285.2724553506637,NORMAL,71.8,Low,SEED
2026-05-30 13:40:11,SEED-394,9106.66593562186,1095.3028606821788,7.647951302768141,67.30811774008794,61283.30071685523,FAULT,75.1,High,SEED
2026-05-30 13:50:11,SEED-395,9138.411341519644,1104.3233256759122,8.192891269157489,164.4072390290371,59806.31468461049,FAULT,81.0,High,SEED
2026-05-30 14:00:11,SEED-396,4952.593890711352,781.1249485318097,4.476790130572664,19.337998723608848,18364.445229614208,NORMAL,93.0,Medium,SEED
2026-05-30 14:10:11,SEED-397,5157.975646756469,823.6580121747099,4.546813850730517,18.624773798625142,17664.096432475737,NORMAL,93.0,Medium,SEED
2026-05-30 14:20:11,SEED-398,4906.8680956273865,814.0915468825602,4.278211914049054,0.9525487772363022,17270.39910926855,NORMAL,93.0,Medium,SEED
2026-05-30 14:30:11,SEED-399,9201.874367805098,1097.0916048818663,7.783992822850547,80.19153872443758,60428.96505710156,FAULT,84.4,High,SEED
2026-05-30 14:40:11,SEED-400,1406.6476282104343,451.8877671309414,1.1180246773880154,0.27079788890280376,276.84817565543943,NORMAL,82.7,Low,SEED
2026-05-30 14:50:11,SEED-401,4948.319759538694,788.869508516728,4.610847520235227,40.437676416499016,17650.32932230544,NORMAL,93.0,Medium,SEED
2026-05-30 15:00:11,SEED-402,1411.0775819996143,485.01626510765163,1.1502476506043358,0.37339503481051395,292.170120986925,NORMAL,84.3,Low,SEED
2026-05-30 15:10:11,SEED-403,8762.521224156217,1111.8122931612793,8.001738952846999,185.60584329891776,57827.75523980144,FAULT,89.7,High,SEED
2026-05-30 15:20:11,SEED-404,8596.398748434187,1134.556365173938,8.083281371077684,282.4648280362967,62164.54529269432,FAULT,85.2,High,SEED
2026-05-30 15:30:11,SEED-405,1382.6594060220707,455.81900151682106,1.1046218169981283,0.4098523769715099,296.0824946500824,NORMAL,73.2,Low,SEED
2026-05-30 15:40:11,SEED-406,1379.1032178791813,475.4441082943819,1.13505653961124,0.30585973655058396,290.3224984029524,NORMAL,82.3,Low,SEED
2026-05-30 15:50:11,SEED-407,1384.802848740788,443.5361530230945,1.0749644934973952,0.2597959251001418,292.7830099928649,NORMAL,80.1,Low,SEED
2026-05-30 16:00:11,SEED-408,1349.2535917521868,450.4750646465083,1.1040741316538025,0.165516548993069,303.72707313986086,NORMAL,82.6,Low,SEED
2026-05-30 16:10:11,SEED-409,1291.7576100421136,451.6435499710634,1.135349020422688,0.22012557495533347,301.8089945511989,NORMAL,77.8,Low,SEED
2026-05-30 16:20:11,SEED-410,1359.846912433886,442.62309369976543,1.1434206371729267,0.1730125464204777,293.61416047906994,NORMAL,80.0,Low,SEED
2026-05-30 16:30:11,SEED-411,5194.210035729522,777.5044733769068,4.519669262307449,22.222184274483425,18750.280360518005,NORMAL,93.0,Medium,SEED
2026-05-30 16:40:11,SEED-412,1308.7917433940543,479.7172006232786,1.0553384366769039,0.30811978528611483,277.85061477972465,NORMAL,83.7,Low,SEED
2026-05-30 16:50:11,SEED-413,1306.2043116095988,447.7570470339199,1.1549771300537728,0.15743789787335238,300.4738468309544,NORMAL,79.6,Low,SEED
2026-05-30 17:00:11,SEED-414,4933.117066929533,781.0307226757357,4.294601687057773,44.11988376722286,17709.359086085395,NORMAL,93.0,Medium,SEED
2026-05-30 17:10:11,SEED-415,1290.1581374199222,458.5643202731509,1.080954690308209,0.06193195861450729,300.85821810040676,NORMAL,71.3,Low,SEED
2026-05-30 17:20:11,SEED-416,5070.764647779747,765.6717572696095,4.619639359665482,15.18819155751521,18620.817710888525,NORMAL,93.0,Medium,SEED
2026-05-30 17:30:11,SEED-417,1359.4841252314945,449.0032335037751,1.1423435415956702,0.31154504515900694,279.5813188788421,NORMAL,80.8,Low,SEED
2026-05-30 17:40:11,SEED-418,1325.3928421749258,482.63674804347824,1.1156739140139542,0.4549608936288916,298.22409101280857,NORMAL,74.9,Low,SEED
2026-05-30 17:50:11,SEED-419,5090.134699432748,765.1694393487725,4.501884664565623,16.318477695989145,17414.202039328273,NORMAL,93.0,Medium,SEED
2026-05-30 18:00:11,SEED-420,1373.3698725861395,442.182593632292,1.141740758376794,0.04386952179339065,292.8943157825098,NORMAL,88.8,Low,SEED
2026-05-30 18:10:11,SEED-421,1285.889920087378,469.4469304502978,1.0796934509488503,0.5033539187698182,301.7570085546594,NORMAL,73.9,Low,SEED
2026-05-30 18:20:11,SEED-422,4767.673172287958,793.8139935101719,4.334433430307547,34.11476295923251,17876.22673490313,NORMAL,93.0,Medium,SEED
2026-05-30 18:30:11,SEED-423,1407.627211286899,449.8625739086361,1.1538249889440457,0.4818239042196186,298.913279317246,NORMAL,93.5,Low,SEED
2026-05-30 18:40:11,SEED-424,4959.063499623065,833.3043343322521,4.720613327736869,17.832106089819376,17467.127130381068,NORMAL,93.0,Medium,SEED
2026-05-30 18:50:11,SEED-425,5023.537638747779,805.1979082274696,4.302670821444327,31.54887887072141,17532.75156165591,NORMAL,93.0,Medium,SEED
2026-05-30 19:00:11,SEED-426,1356.5838578329858,459.82103456506536,1.0547043973589663,0.08815247947473015,288.6488165720105,NORMAL,80.5,Low,SEED
2026-05-30 19:10:11,SEED-427,1329.1173993275584,478.0381517862252,1.0703897426851043,0.2330443338705539,291.29596035397014,NORMAL,71.1,Low,SEED
2026-05-30 19:20:11,SEED-428,1317.6109085160629,468.25440658510126,1.121895715554131,0.19744199940237372,291.9178293196299,NORMAL,83.8,Low,SEED
2026-05-30 19:30:11,SEED-429,1407.5281674655137,467.4931354824402,1.1475790205017082,0.2224531747029994,287.18759390648523,NORMAL,80.8,Low,SEED
2026-05-30 19:40:11,SEED-430,4909.717361475428,828.3055565270824,4.672918004410368,44.16466655150248,18278.305515024018,NORMAL,93.0,Medium,SEED
2026-05-30 19:50:11,SEED-431,1328.4535502003496,476.43119018707904,1.0994669029123956,0.04692950163325538,281.62184646910475,NORMAL,87.0,Low,SEED
2026-05-30 20:00:11,SEED-432,1285.5829850686046,473.2184610817267,1.1078189997565648,0.3528222938917933,300.3740064786376,NORMAL,89.0,Low,SEED
2026-05-30 20:10:11,SEED-433,1293.6038481517814,481.3099422100309,1.113600627758832,0.08734087973606641,287.03301195566183,NORMAL,77.8,Low,SEED
2026-05-30 20:20:11,SEED-434,1305.2613902140654,446.18879186142317,1.1194662023630073,0.6117330372223213,284.15665522407306,NORMAL,88.9,Low,SEED
2026-05-30 20:30:11,SEED-435,1294.9378114204999,473.581287943016,1.0798180406355076,0.11309859195823435,300.759463139299,NORMAL,84.9,Low,SEED
2026-05-30 20:40:11,SEED-436,8599.717470295418,1196.169016793549,7.77642246223381,137.36446277140772,62293.0134102808,FAULT,89.1,High,SEED
2026-05-30 20:50:11,SEED-437,1336.7066187920782,466.62858878096455,1.1071827782021897,0.013148016922916561,294.18475702358137,NORMAL,76.6,Low,SEED
2026-05-30 21:00:11,SEED-438,5025.522530638673,787.6953661002805,4.639200324191766,25.725344156629376,18516.72931699314,NORMAL,93.0,Medium,SEED
2026-05-30 21:10:11,SEED-439,1336.9582527209643,449.4543025476748,1.066926400843982,0.6321947479077483,284.91747683188805,NORMAL,94.4,Low,SEED
2026-05-30 21:20:11,SEED-440,1404.5397119574359,485.7472329523569,1.1451770441625455,0.39267320970873865,294.21665878226344,NORMAL,89.4,Low,SEED
2026-05-30 21:30:11,SEED-441,5191.2547387457535,838.2373921601098,4.303615982378459,52.83117914756815,18873.6428392122,NORMAL,93.0,Medium,SEED
2026-05-30 21:40:11,SEED-442,1335.3181329773186,463.98931072775855,1.0600748019497843,0.0295824098462818,303.9988500823436,NORMAL,75.3,Low,SEED
2026-05-30 21:50:11,SEED-443,8969.851705461731,1175.677487260218,7.9347551090958,263.81145468493787,60055.72930445258,FAULT,84.2,High,SEED
2026-05-30 22:00:11,SEED-444,5245.409423844791,811.6087426286166,4.7244776069679295,47.48708138064637,17480.821746725404,NORMAL,93.0,Medium,SEED
2026-05-30 22:10:11,SEED-445,5064.897914028783,767.7547270365378,4.457860657810048,7.972387397543798,18536.89347324315,NORMAL,93.0,Medium,SEED
2026-05-30 22:20:11,SEED-446,4792.7859908125865,837.9202536971977,4.7066131278097165,15.975912626972786,17631.823870211592,NORMAL,93.0,Medium,SEED
2026-05-30 22:30:11,SEED-447,1368.2670010875988,443.56915310804266,1.078674822839282,0.07704719583163833,278.4423785654232,NORMAL,92.7,Low,SEED
2026-05-30 22:40:11,SEED-448,5115.065067269065,797.5206993768562,4.309682408110253,27.45293762712697,18051.656822723868,NORMAL,93.0,Medium,SEED
2026-05-30 22:50:11,SEED-449,1291.5666622435174,461.2229413693022,1.0976165956558264,0.07787632995134253,299.837416450608,NORMAL,73.4,Low,SEED
2026-05-30 23:00:11,SEED-450,1358.149607310224,446.2625039243728,1.112277844464343,0.1845247553700844,294.49609147785367,NORMAL,74.1,Low,SEED
2026-05-30 23:10:11,SEED-451,5110.982152678125,777.2923350917863,4.3967488397233545,10.630655955147745,18662.760157043493,NORMAL,93.0,Medium,SEED
2026-05-30 23:20:11,SEED-452,1331.8991862263629,473.4953745842974,1.1440845898150662,0.14075726198721839,276.51711097418325,NORMAL,82.4,Low,SEED
2026-05-30 23:30:11,SEED-453,4952.4959070249115,801.536107060962,4.712085080803707,28.67367587142428,17531.767177153215,NORMAL,93.0,Medium,SEED
2026-05-30 23:40:11,SEED-454,1384.4454959922768,466.3066390348278,1.0508657379270259,0.0893022257538334,301.7420833817896,NORMAL,86.7,Low,SEED
2026-05-30 23:50:11,SEED-455,1350.217851288879,465.7308747541801,1.060518170880128,0.34227319044972937,281.2108371803021,NORMAL,76.3,Low,SEED
2026-05-31 00:00:11,SEED-456,1351.6800446220807,466.81399846511687,1.0960038513512091,0.22179661900296122,276.95227509906783,NORMAL,89.9,Low,SEED
2026-05-31 00:10:11,SEED-457,1298.6993545140542,486.7792949203146,1.153857875256485,0.16862707094496177,293.17951759064994,NORMAL,71.1,Low,SEED
2026-05-31 00:20:11,SEED-458,1375.5672194795588,479.4254001377735,1.0883479230563144,0.07329013328507372,290.9250766255001,NORMAL,80.6,Low,SEED
2026-05-31 00:30:11,SEED-459,1306.0683454476325,452.6236025772429,1.1411481976309046,0.027929615375352768,281.7360601774694,NORMAL,71.5,Low,SEED
2026-05-31 00:40:11,SEED-460,1389.5198251064965,442.5887055942171,1.141610687276045,0.4628452378021528,294.6482611310255,NORMAL,81.4,Low,SEED
2026-05-31 00:50:11,SEED-461,1384.6302968861971,483.0930424396131,1.066627152916641,0.15978819617339557,281.55559651775485,NORMAL,94.2,Low,SEED
2026-05-31 01:00:11,SEED-462,4914.013091964954,761.3968692069844,4.652663471763078,0.12016049141004714,17134.211261449615,NORMAL,93.0,Medium,SEED
2026-05-31 01:10:11,SEED-463,5190.902194653168,811.0108036460977,4.628545895726333,25.66098158087084,17925.90721424263,NORMAL,93.0,Medium,SEED
2026-05-31 01:20:11,SEED-464,1325.267615149518,460.77467505308175,1.121593444702098,0.2254277666049651,297.57098353565965,NORMAL,91.3,Low,SEED
2026-05-31 01:30:11,SEED-465,5011.974309498246,790.8538543073422,4.286107868963668,12.596678304094894,18037.855268778352,NORMAL,93.0,Medium,SEED
2026-05-31 01:40:11,SEED-466,9049.246890282617,1143.6885078196856,7.986414916804322,179.9299916946868,58543.75532678146,FAULT,78.0,High,SEED
2026-05-31 01:50:11,SEED-467,1312.2078023168733,468.94202040320494,1.0915078288517803,0.20869852800384958,292.2992122385117,NORMAL,80.6,Low,SEED
2026-05-31 02:00:11,SEED-468,1301.9111311745228,460.4076257840465,1.1493892111387807,0.0685539272688862,294.73240166520276,NORMAL,72.3,Low,SEED
2026-05-31 02:10:11,SEED-469,1301.5582609271821,481.0035309567904,1.0846679215219601,0.4043564237889754,293.15580891786584,NORMAL,70.8,Low,SEED
2026-05-31 02:20:11,SEED-470,1398.5732224198462,472.6959596487583,1.1385197044748798,0.3617345635963325,285.8284303150731,NORMAL,75.0,Low,SEED
2026-05-31 02:30:11,SEED-471,1309.4742830455134,466.00036984588286,1.0452980968731347,0.1974309780831529,281.5634760809364,NORMAL,85.8,Low,SEED
2026-05-31 02:40:11,SEED-472,1302.2065485022563,480.978181891951,1.095896466534151,0.25443812005477273,297.7987446718881,NORMAL,75.0,Low,SEED
2026-05-31 02:50:11,SEED-473,9322.689456639804,1196.664532723793,8.274433292437587,143.52650084783727,61491.69150650253,FAULT,78.7,High,SEED
2026-05-31 03:00:11,SEED-474,1319.5257173373273,446.81631687717794,1.1143261189538072,0.22753419277891318,302.5851649185821,NORMAL,94.5,Low,SEED
2026-05-31 03:10:11,SEED-475,1413.8560527988416,452.9573116138442,1.1319432151444713,0.22918360281031802,278.47717277647604,NORMAL,85.4,Low,SEED
2026-05-31 03:20:11,SEED-476,1328.7985713436735,481.9597890331813,1.064384372515973,0.1985500117905863,289.1271090255783,NORMAL,90.7,Low,SEED
2026-05-31 03:30:11,SEED-477,1340.3967130694732,453.9271252039071,1.0728969293575579,0.016505650154708285,280.2450601427521,NORMAL,86.4,Low,SEED
2026-05-31 03:40:11,SEED-478,9079.728823480564,1146.7831708904457,8.369963715349485,140.70366540398254,59714.67015515252,FAULT,73.1,High,SEED
2026-05-31 03:50:11,SEED-479,1346.9926822471296,481.1775821541565,1.129794485450372,0.15534335933052823,288.6604081298794,NORMAL,86.1,Low,SEED
2026-05-31 04:00:11,SEED-480,4901.640829399546,772.1392749430129,4.706232937365585,25.113444431744824,18378.24727656133,NORMAL,93.0,Medium,SEED
2026-05-31 04:10:11,SEED-481,1366.057135096477,484.4830561978468,1.0598154693190864,0.26080730057924484,298.90949313838826,NORMAL,85.2,Low,SEED
2026-05-31 04:20:11,SEED-482,9255.914077471203,1145.5353409915165,7.802809475158817,190.21108254538353,61436.59273193155,FAULT,76.0,High,SEED
2026-05-31 04:30:11,SEED-483,1325.274514869503,464.82439074326936,1.0922411060777295,0.39631568717009635,276.25221400021417,NORMAL,94.6,Low,SEED
2026-05-31 04:40:11,SEED-484,5121.522881202064,829.7948168356978,4.565599594563434,27.542688814482517,17274.358362721396,NORMAL,93.0,Medium,SEED
2026-05-31 04:50:11,SEED-485,5103.0958458479045,800.6465187174105,4.54112594301617,24.318091579505108,17232.219497511454,NORMAL,93.0,Medium,SEED
2026-05-31 05:00:11,SEED-486,1343.8843483678093,454.93662164722485,1.0471593937151176,0.6186179567627086,278.10248022445796,NORMAL,86.5,Low,SEED
2026-05-31 05:10:11,SEED-487,5019.519095160204,829.1523599214264,4.385720918956306,10.099778462954646,18582.70623592402,NORMAL,93.0,Medium,SEED
2026-05-31 05:20:11,SEED-488,8688.67600902507,1104.2878383197271,8.155139601676268,358.19714620612694,62343.25825288921,FAULT,80.8,High,SEED
2026-05-31 05:30:11,SEED-489,1291.2770779743141,482.41925036534343,1.128034192694625,0.12650279618884497,290.9773989284736,NORMAL,91.5,Low,SEED
2026-05-31 05:40:11,SEED-490,1291.8657227381098,476.7207831759638,1.0531409676655874,0.2817648563391728,282.25459401520686,NORMAL,72.5,Low,SEED
2026-05-31 05:50:11,SEED-491,1366.4536508839064,455.1590273536123,1.090461377190328,0.16964407473896692,275.8450403945161,NORMAL,72.2,Low,SEED
2026-05-31 06:00:11,SEED-492,1303.5953318118736,456.01375331657863,1.117580208002165,0.38492843634892715,293.7932331125976,NORMAL,84.4,Low,SEED
2026-05-31 06:10:11,SEED-493,1304.957179549628,468.9253670402384,1.1519311708564726,0.09706725857228538,296.4509081166753,NORMAL,92.6,Low,SEED
2026-05-31 06:20:11,SEED-494,1342.7488421800474,462.4001479646417,1.106836432736548,0.1661437344768979,288.39074334483706,NORMAL,73.4,Low,SEED
2026-05-31 06:30:11,SEED-495,4971.026417965336,777.6754592891491,4.294575923267023,9.75371428071628,17293.51673267272,NORMAL,93.0,Medium,SEED
2026-05-31 06:40:11,SEED-496,1293.1310983002734,481.53801369134555,1.053855011954096,0.298610501204716,288.7695860738348,NORMAL,86.1,Low,SEED
2026-05-31 06:50:11,SEED-497,9138.949752566776,1130.7532667496318,8.030058415134969,314.484303340975,58825.35311217509,FAULT,76.9,High,SEED
2026-05-31 07:00:11,SEED-498,1338.8296310928304,478.39303129595595,1.0569398401715033,0.1796723588658713,286.56568761562903,NORMAL,76.5,Low,SEED
2026-05-31 07:10:11,SEED-499,1361.739190505719,481.8193829341422,1.0508721464627935,0.06336877545874842,299.5934259749009,NORMAL,82.9,Low,SEED
2026-05-31 07:20:11,SEED-500,1360.5132688604735,486.8989438555798,1.1436331917166631,0.14833399271571324,290.0592704790116,NORMAL,83.7,Low,SEED
2026-05-31 07:30:11,SEED-501,1351.9616872581848,460.6449418428543,1.0484403814867764,0.0027622880743169986,296.0250609582619,NORMAL,85.8,Low,SEED
2026-05-31 07:40:11,SEED-502,9188.150723609931,1103.4991679137315,8.132086243322867,350.87769036593136,58165.142879849824,FAULT,81.0,High,SEED
2026-05-31 07:50:11,SEED-503,1383.7522237810037,456.96666389063057,1.1198901140836304,0.6353871963149347,286.95778929127516,NORMAL,73.8,Low,SEED
2026-05-31 08:00:11,SEED-504,4913.04688539739,821.0578295182198,4.711993529700784,5.168179359518831,17133.019394292856,NORMAL,93.0,Medium,SEED
2026-05-31 08:10:11,SEED-505,1360.050111039148,449.5784178302739,1.11085900400861,0.002697941543378768,300.3893701366789,NORMAL,77.8,Low,SEED
2026-05-31 08:20:11,SEED-506,1375.4779859059265,454.75875480265097,1.0839445038873126,0.027632063158321785,297.8207313764716,NORMAL,72.4,Low,SEED
2026-05-31 08:30:11,SEED-507,1364.5804556746568,455.5874370982609,1.111038007238055,0.02910428924672015,297.979395686884,NORMAL,83.8,Low,SEED
2026-05-31 08:40:11,SEED-508,1315.0838143383883,443.7434274491133,1.0900036651448972,0.3534363419195641,299.5529912263791,NORMAL,93.6,Low,SEED
2026-05-31 08:50:11,SEED-509,1285.7140136499377,469.4282935390861,1.049889797221012,0.3356099905313039,295.6054042928121,NORMAL,80.0,Low,SEED
2026-05-31 09:00:11,SEED-510,1374.8336106215636,465.0886158751839,1.1416727552820785,0.06385752460697258,300.94090847699306,NORMAL,70.1,Low,SEED
2026-05-31 09:10:11,SEED-511,1329.5052836589025,476.1145924660807,1.1102108490238298,0.6498656896771458,291.9517293923615,NORMAL,80.0,Low,SEED
2026-05-31 09:20:11,SEED-512,5009.468930562655,803.1314740840098,4.48865007451816,21.499089547054837,17693.221680269697,NORMAL,93.0,Medium,SEED
2026-05-31 09:30:11,SEED-513,5201.274471907951,775.5596102993906,4.343641171143911,28.05669457365616,17864.540340760555,NORMAL,93.0,Medium,SEED
2026-05-31 09:40:11,SEED-514,1343.9235301875894,473.51048662655035,1.1028535433627416,0.5243528985543211,284.4265528262967,NORMAL,88.2,Low,SEED
2026-05-31 09:50:11,SEED-515,1408.1803870224753,459.91502307641457,1.0898537688535168,0.3147161978312374,281.70815924352786,NORMAL,77.4,Low,SEED
2026-05-31 10:00:11,SEED-516,1379.028585776994,443.94797619865653,1.1533881935624828,0.27692430250963973,287.26144506559797,NORMAL,80.9,Low,SEED
2026-05-31 10:10:11,SEED-517,9200.339906775587,1161.7476667793424,8.329926801299917,217.20252907919075,58269.36045397008,FAULT,83.8,High,SEED
2026-05-31 10:20:11,SEED-518,1377.2244619119758,463.56065235907334,1.1442059331009204,0.19197868360955184,287.54495403742675,NORMAL,87.8,Low,SEED
2026-05-31 10:30:11,SEED-519,8826.886646340552,1123.684361519257,8.02955154215452,166.21741542990048,59485.30566576871,FAULT,77.6,High,SEED
2026-05-31 10:40:11,SEED-520,9244.410745678859,1139.4373237671173,7.8797680026603025,103.71440579902264,60998.13553671566,FAULT,84.9,High,SEED
2026-05-31 10:50:11,SEED-521,1325.2787326172845,460.7391706397962,1.1013156508982316,0.3300899309139673,301.9781343138763,NORMAL,79.9,Low,SEED
2026-05-31 11:00:11,SEED-522,9018.688824554582,1188.8276016309453,7.7893951299550475,256.44879603123263,62979.77180107766,FAULT,93.3,High,SEED
2026-05-31 11:10:11,SEED-523,9110.253805044607,1112.4802642690306,8.36700046101738,114.40478796822617,60013.56151981517,FAULT,92.6,High,SEED
2026-05-31 11:20:11,SEED-524,1286.8208193668647,452.18157709010313,1.1340597762407634,0.28678740557395166,300.72194889465294,NORMAL,90.8,Low,SEED
2026-05-31 11:30:11,SEED-525,1284.0603194588014,485.00000532358354,1.1388063052599293,0.5094459401827729,288.6588373594131,NORMAL,87.0,Low,SEED
2026-05-31 11:40:11,SEED-526,1413.3255805879505,451.25880892957395,1.1145000707952475,0.2081786687360534,287.8004785072533,NORMAL,79.4,Low,SEED
2026-05-31 11:50:11,SEED-527,5078.542068845675,835.0558988261719,4.4624172596056555,48.94059535845429,17303.669168730514,NORMAL,93.0,Medium,SEED
2026-05-31 12:00:11,SEED-528,1417.2543318081089,475.4579954693796,1.1354456269322035,0.23083159905775208,279.62643332169074,NORMAL,71.3,Low,SEED
2026-05-31 12:10:11,SEED-529,1290.8021551938457,482.24410059037774,1.1252816428113952,0.005559615848798494,277.9746784042854,NORMAL,71.8,Low,SEED
2026-05-31 12:20:11,SEED-530,1299.7356041330604,485.0799984754396,1.0810049267134707,0.21133349772267618,289.95669634292165,NORMAL,94.2,Low,SEED
2026-05-31 12:30:11,SEED-531,5051.373722829904,778.916839155591,4.476911308399609,19.434530144662062,18505.81555732757,NORMAL,93.0,Medium,SEED
2026-05-31 12:40:11,SEED-532,1387.7374059128053,452.86058405458726,1.1293210443274078,0.5327227640448893,279.6939896329952,NORMAL,88.7,Low,SEED
2026-05-31 12:50:11,SEED-533,1400.7054222147149,456.37733840028494,1.1293308662294583,0.34698294765081616,280.57314485692126,NORMAL,85.4,Low,SEED
2026-05-31 13:00:11,SEED-534,1301.6063582508973,458.76835261359895,1.0953132910413412,0.003812903120258504,302.143903734079,NORMAL,90.6,Low,SEED
2026-05-31 13:10:11,SEED-535,1365.4518987657882,485.2699465482306,1.1454672684311134,0.11163043058931699,279.87974387690116,NORMAL,70.8,Low,SEED
2026-05-31 13:20:11,SEED-536,1318.9332108091205,484.56852953675497,1.1331878125578705,0.591542433390968,292.90842889459617,NORMAL,84.5,Low,SEED
2026-05-31 13:30:11,SEED-537,1370.201242746912,454.65737173441255,1.086753590498522,0.17459115311688045,304.0788888096542,NORMAL,86.0,Low,SEED
2026-05-31 13:40:11,SEED-538,1395.4900950533292,471.15650046476236,1.0548585507792931,0.009904692600709808,278.020711223729,NORMAL,72.7,Low,SEED
2026-05-31 13:50:11,SEED-539,8851.868440034172,1134.0876916670259,8.205178096156294,123.85156096669766,57317.122000932264,FAULT,94.9,High,SEED
2026-05-31 14:00:11,SEED-540,1349.9407457160032,478.15257320556515,1.1463990523797478,0.5092912817721604,302.9813016366875,NORMAL,71.6,Low,SEED
2026-05-31 14:10:11,SEED-541,1286.6860192422594,442.6966392790441,1.126881441549729,0.056369102633572865,279.8543535187243,NORMAL,93.6,Low,SEED
2026-05-31 14:20:11,SEED-542,8636.97417641772,1118.4066979193335,8.123855669323685,306.1994458479394,61384.21950272503,FAULT,93.5,High,SEED
2026-05-31 14:30:11,SEED-543,5073.774144025731,808.6540203224864,4.559111183032634,42.632225771097296,18458.87133313312,NORMAL,93.0,Medium,SEED
2026-05-31 14:40:11,SEED-544,9437.168466325693,1106.2275734309326,8.092599952892414,89.40814292093637,60702.087973862,FAULT,94.4,High,SEED
2026-05-31 14:50:11,SEED-545,5076.725552124018,762.979055844559,4.315082649010375,18.778176426836012,18383.329834319517,NORMAL,93.0,Medium,SEED
2026-05-31 15:00:11,SEED-546,4953.504990154876,775.6795951588895,4.316702502213848,10.926911593020805,18614.669526437174,NORMAL,93.0,Medium,SEED
2026-05-31 15:10:11,SEED-547,8930.519208951662,1169.07393628834,7.792509857963522,140.3330996546183,62709.00946780687,FAULT,82.3,High,SEED
2026-05-31 15:20:11,SEED-548,1414.8615210075407,480.3280205381622,1.1127663235353484,0.36491252724724355,282.8248330430561,NORMAL,88.9,Low,SEED
2026-05-31 15:30:11,SEED-549,9190.128056200405,1199.4887989474346,8.211742302502428,234.72850884581226,61549.920306062566,FAULT,77.6,High,SEED
2026-05-31 15:40:11,SEED-550,1362.790897449295,481.8746232641984,1.0926951665016424,0.13988263900525766,292.9714779449987,NORMAL,86.9,Low,SEED
2026-05-31 15:50:11,SEED-551,1319.7514620156635,463.8605414802312,1.0817273996719334,0.4008918558189958,284.2950121822129,NORMAL,76.5,Low,SEED
2026-05-31 16:00:11,SEED-552,1357.1714830448313,447.5994642680083,1.1508987765473724,0.2084980257503979,277.5194240166016,NORMAL,80.5,Low,SEED
2026-05-31 16:10:11,SEED-553,1300.5844410984669,460.64818614747855,1.0839183666810586,0.22673603959148725,279.1717314629363,NORMAL,90.4,Low,SEED
2026-05-31 16:20:11,SEED-554,4823.535063236777,768.6851146435188,4.472965620578049,5.248064844544956,18665.77336647413,NORMAL,93.0,Medium,SEED
2026-05-31 16:30:11,SEED-555,1298.5243548623803,460.803937270281,1.1343484458961899,0.1252909526193342,286.55108111911574,NORMAL,86.1,Low,SEED
2026-05-31 16:40:11,SEED-556,5118.861338070097,769.8166917486477,4.4259950411942075,20.154653261771614,18055.762419969305,NORMAL,93.0,Medium,SEED
2026-05-31 16:50:11,SEED-557,1316.7112468756625,480.93794751593543,1.0765679912347716,0.12480870712817982,294.5124647610151,NORMAL,82.6,Low,SEED
2026-05-31 17:00:11,SEED-558,1319.8253760595444,457.5455368368632,1.1379062361353154,0.17168840411209985,281.52022774029996,NORMAL,78.4,Low,SEED
2026-05-31 17:10:11,SEED-559,1315.641414669342,478.0202228403002,1.0887803414451511,0.04744194017217218,278.39699908544924,NORMAL,86.5,Low,SEED
2026-05-31 17:20:11,SEED-560,1370.901716516822,486.57630449043796,1.0762046344752596,0.4377130417672257,284.5875897175207,NORMAL,77.9,Low,SEED
2026-05-31 17:30:11,SEED-561,4923.285582119827,777.5116679511144,4.693193374389443,66.64728540588635,18641.58275627997,NORMAL,93.0,Medium,SEED
2026-05-31 17:40:11,SEED-562,1384.0773520050602,467.20441391274613,1.1234839937184298,0.34113050464728456,299.8135577666995,NORMAL,79.2,Low,SEED
2026-05-31 17:50:11,SEED-563,5134.712413369387,784.7035738470495,4.6697708683909545,6.614270963447552,18443.90948567306,NORMAL,93.0,Medium,SEED
2026-05-31 18:00:11,SEED-564,1347.9199019802732,460.59600813894696,1.0797845610219008,0.006852504666285952,279.4607229033442,NORMAL,78.3,Low,SEED
2026-05-31 18:10:11,SEED-565,4850.202737470226,815.868106447733,4.71088825244945,48.416432990226554,17962.67710314179,NORMAL,93.0,Medium,SEED
2026-05-31 18:20:11,SEED-566,8741.34505168484,1136.9774320256695,8.074944440019724,164.35785032209833,60645.61351427766,FAULT,76.0,High,SEED
2026-05-31 18:30:11,SEED-567,1337.9652736909725,453.85307253304205,1.050564401507435,0.4580963697033562,301.7339155226916,NORMAL,93.1,Low,SEED
2026-05-31 18:40:11,SEED-568,9204.99001966916,1158.2456225865478,8.190464018002253,277.05540676262603,60484.28293569947,FAULT,83.2,High,SEED
2026-05-31 18:50:11,SEED-569,9419.3564386506,1111.1102471751324,7.9719098764179295,241.35725944413775,57920.47410105291,FAULT,80.4,High,SEED
2026-05-31 19:00:11,SEED-570,4978.352019487463,762.3144536992332,4.3942218405466065,7.172660271207519,18606.582838064198,NORMAL,93.0,Medium,SEED
2026-05-31 19:10:11,SEED-571,1287.332613851608,478.6480751568975,1.1193268016326432,0.055824654978652966,294.6227777340932,NORMAL,78.2,Low,SEED
2026-05-31 19:20:11,SEED-572,1302.8722589126896,460.7055902648538,1.0980040424733684,0.19648354295112647,284.72954926354805,NORMAL,81.0,Low,SEED
2026-05-31 19:30:11,SEED-573,1360.6793263072238,476.2245753645119,1.1341150817121848,0.3785135947743701,297.0991216069189,NORMAL,86.3,Low,SEED
2026-05-31 19:40:11,SEED-574,1370.5819769768095,479.8414363297862,1.1397544078959885,0.11406163929371971,299.8592534463615,NORMAL,92.5,Low,SEED
2026-05-31 19:50:11,SEED-575,1343.2440145495668,446.2674699319705,1.0885581907867337,0.021749625794126537,287.48280993008683,NORMAL,77.7,Low,SEED
2026-05-31 20:00:11,SEED-576,1304.1392088562498,482.3122367758511,1.084405317301458,0.002854660415149368,303.5620423988865,NORMAL,78.0,Low,SEED
2026-05-31 20:10:11,SEED-577,1395.9866388426658,442.1976047706345,1.1147924422098785,0.1902038798949759,299.69584501872765,NORMAL,89.1,Low,SEED
2026-05-31 20:20:11,SEED-578,1344.211148342638,476.9203000566735,1.1185182390408526,0.05777356579080095,292.65529563960047,NORMAL,72.3,Low,SEED
2026-05-31 20:30:11,SEED-579,1416.5804544083862,457.2719199880314,1.1489275648950785,0.1876427329228365,301.658023947985,NORMAL,84.1,Low,SEED
2026-05-31 20:40:11,SEED-580,1409.3995979880813,449.92752006038074,1.1469634039493692,0.2989934975974071,295.1401921934603,NORMAL,78.7,Low,SEED
2026-05-31 20:50:11,SEED-581,4821.272021224529,766.8177191795538,4.43641276643595,5.320095969483873,18667.02368951045,NORMAL,93.0,Medium,SEED
2026-05-31 21:00:11,SEED-582,8965.760313559676,1131.0613542812212,7.863772075521934,49.53537103719418,61452.273194688685,FAULT,74.7,High,SEED
2026-05-31 21:10:11,SEED-583,1382.6937694349742,456.60724687017097,1.064790499022018,0.6420912901575582,281.92659257431757,NORMAL,71.2,Low,SEED
2026-05-31 21:20:11,SEED-584,1318.694882147472,465.7206776588109,1.1110922208765692,0.22630023924824805,279.78167363743876,NORMAL,74.6,Low,SEED
2026-05-31 21:30:11,SEED-585,4891.086442325061,772.1072577022164,4.618831722828116,9.1867911884342,18228.377182819924,NORMAL,93.0,Medium,SEED
2026-05-31 21:40:11,SEED-586,8672.746359354365,1168.6690174586859,7.725664225048451,131.03830779079044,59988.479150160936,FAULT,92.2,High,SEED
2026-05-31 21:50:11,SEED-587,5181.985517399683,834.747191386088,4.5701650793165385,13.049754297175923,18297.349800499287,NORMAL,93.0,Medium,SEED
2026-05-31 22:00:11,SEED-588,1309.1658846280216,466.8359862609099,1.0956386259596227,0.31004751585493917,286.7465883006089,NORMAL,72.8,Low,SEED
2026-05-31 22:10:11,SEED-589,5145.85657653556,817.3751710530775,4.624182670613401,4.596744109657948,18840.78359524984,NORMAL,93.0,Medium,SEED
2026-05-31 22:20:11,SEED-590,5237.747652354598,782.3947207780778,4.678238860418278,3.1473247637254644,18328.874450762232,NORMAL,93.0,Medium,SEED
2026-05-31 22:30:11,SEED-591,1329.5190131515785,465.6484663324422,1.1547592656912793,0.46555511842695285,286.6406047983286,NORMAL,72.8,Low,SEED
2026-05-31 22:40:11,SEED-592,1414.5497090552192,483.13762689946776,1.1363890129054033,0.3464019401987759,295.98654884785384,NORMAL,81.8,Low,SEED
2026-05-31 22:50:11,SEED-593,9240.397451904391,1130.5195089736326,7.949556597466682,174.8196466587658,62160.83559671056,FAULT,93.6,High,SEED
2026-05-31 23:00:11,SEED-594,1304.953068547557,469.7600614921411,1.0651951513118916,0.09422797746893785,297.7462881192435,NORMAL,70.3,Low,SEED
2026-05-31 23:10:11,SEED-595,1397.5014875703491,451.723010624209,1.1342840110440613,0.6069510051939444,299.68134070481824,NORMAL,87.8,Low,SEED
2026-05-31 23:20:11,SEED-596,1309.8922128822535,480.07778363240084,1.0535379480471783,0.03225058275663617,303.144760788397,NORMAL,93.1,Low,SEED
2026-05-31 23:30:11,SEED-597,1374.3253841295607,486.55055592660256,1.1365129707296706,0.6410762071374236,301.90701706779856,NORMAL,73.7,Low,SEED
2026-05-31 23:40:11,SEED-598,1341.5130207070736,474.62196803899496,1.130352974025809,0.36727124366034314,283.5603703791859,NORMAL,71.4,Low,SEED
2026-05-31 23:50:11,SEED-599,4921.617593350732,775.8578351049734,4.298963454212188,29.854745575454103,17186.193314767475,NORMAL,93.0,Medium,SEED
2026-06-01 00:00:11,SEED-600,1406.898015068342,442.65350011330185,1.0726488419742233,0.296816288430537,287.37164111342577,NORMAL,85.2,Low,SEED
2026-06-01 00:10:11,SEED-601,9369.626081121472,1191.8150800503756,8.024510447295452,223.01523947261148,62663.87458005913,FAULT,80.8,High,SEED
2026-06-01 00:20:11,SEED-602,9035.155857123409,1178.9027560563757,8.254739712423232,336.16445823019103,62600.679073372,FAULT,79.4,High,SEED
2026-06-01 00:30:11,SEED-603,1390.6705354140302,466.0155623613187,1.0869064480615631,0.0035840556735440288,298.0035124943808,NORMAL,86.4,Low,SEED
2026-06-01 00:40:11,SEED-604,1285.336929030497,456.5245364186037,1.1236779693593943,0.47352229694103,300.65054807177364,NORMAL,87.5,Low,SEED
2026-06-01 00:50:11,SEED-605,1369.2371636103435,441.9417566550286,1.0682600724443767,0.20388050316458095,285.3151670045042,NORMAL,87.5,Low,SEED
2026-06-01 01:00:11,SEED-606,5115.983847125568,821.8694245738183,4.620866898860211,22.19974837638881,17372.160512848703,NORMAL,93.0,Medium,SEED
2026-06-01 01:10:11,SEED-607,1384.0489751282328,481.76475530904094,1.072660728539264,0.23496830235225552,296.0424586907963,NORMAL,86.5,Low,SEED
2026-06-01 01:20:11,SEED-608,1404.7861150939389,486.49882846010246,1.0757057630289906,0.2941464138125722,283.1900558078921,NORMAL,75.4,Low,SEED
2026-06-01 01:30:11,SEED-609,1356.6614455357558,485.76575666135335,1.0933793922498023,0.41072302513789527,289.32333342217055,NORMAL,72.9,Low,SEED
2026-06-01 01:40:11,SEED-610,8583.183865015306,1148.8814204219593,8.24093753693361,347.3545944681546,59121.145490511415,FAULT,85.5,High,SEED
2026-06-01 01:50:11,SEED-611,1394.8356724302762,446.2736843109544,1.1171558743943617,0.10231620535356445,286.8246632872025,NORMAL,84.3,Low,SEED
2026-06-01 02:00:11,SEED-612,1392.4633865233347,447.44458468803924,1.076722740998199,0.5199109908458279,299.9733072131734,NORMAL,87.9,Low,SEED
2026-06-01 02:10:11,SEED-613,1309.4095797606906,478.32946404544583,1.063687246279018,0.37519370274599684,283.273320715311,NORMAL,80.8,Low,SEED
2026-06-01 02:20:11,SEED-614,5150.609079583644,764.3260068864934,4.389067577920266,0.5696644330738536,17762.537776453188,NORMAL,93.0,Medium,SEED
2026-06-01 02:30:11,SEED-615,1323.2788912853043,441.91781402347004,1.06741986977666,0.5670419280960255,293.7511537931669,NORMAL,74.9,Low,SEED
2026-06-01 02:40:11,SEED-616,1307.0665202669727,469.85825437903196,1.068736167513098,0.05964696721463891,302.5870818755198,NORMAL,90.0,Low,SEED
2026-06-01 02:50:11,SEED-617,1337.837966869204,447.25549252409405,1.0719934013037913,0.26587969003867595,301.5449631563622,NORMAL,84.1,Low,SEED
2026-06-01 03:00:11,SEED-618,1294.254873989111,463.15935140708916,1.1429011107309262,0.0691231146635678,302.9308131496402,NORMAL,85.3,Low,SEED
2026-06-01 03:10:11,SEED-619,1344.2907737188082,458.28453849079335,1.1202335565380876,0.2917429626043413,298.2425913084732,NORMAL,71.4,Low,SEED
2026-06-01 03:20:11,SEED-620,1399.026608524999,453.46895418848925,1.121404369824685,0.10613973815384625,302.79468326243233,NORMAL,89.4,Low,SEED
2026-06-01 03:30:11,SEED-621,1373.3132518481557,485.38351736726366,1.1472763202595488,0.15200770168140298,278.0103922442092,NORMAL,77.8,Low,SEED
2026-06-01 03:40:11,SEED-622,5163.386934532177,809.3356355047695,4.3768722350296745,47.65415371080587,18840.17284074999,NORMAL,93.0,Medium,SEED
2026-06-01 03:50:11,SEED-623,1348.004884049769,452.4831765628096,1.123160909659714,0.6825424609514412,284.89945911439406,NORMAL,76.4,Low,SEED
2026-06-01 04:00:11,SEED-624,5160.308596942197,808.8260022157536,4.590835585581181,52.566356837158196,18307.001864496633,NORMAL,93.0,Medium,SEED
2026-06-01 04:10:11,SEED-625,8717.577598756829,1182.4826507786695,7.8223098499327754,187.24778868480712,60571.021208074024,FAULT,82.3,High,SEED
2026-06-01 04:20:11,SEED-626,1328.2224646474424,458.498944622532,1.1200436840230068,0.15299299815243117,300.5008446005146,NORMAL,91.9,Low,SEED
2026-06-01 04:30:11,SEED-627,1341.242615711281,476.3588747030603,1.1325653181335378,0.18025845645093863,300.52454697560836,NORMAL,90.0,Low,SEED
2026-06-01 04:40:11,SEED-628,1382.1005391615709,456.9008664169234,1.0657492852228208,0.44340120455505616,285.59921161951746,NORMAL,73.5,Low,SEED
2026-06-01 04:50:11,SEED-629,5043.277165315958,774.7235938114733,4.492560800560927,32.03101719547044,18668.763863137003,NORMAL,93.0,Medium,SEED
2026-06-01 05:00:11,SEED-630,1342.3381164546317,443.048054792962,1.1485343314521768,0.1627311397833182,279.16484434671486,NORMAL,86.9,Low,SEED
2026-06-01 05:10:11,SEED-631,4920.1852054133615,785.5423231543268,4.415550524485992,51.91960201535812,18788.013836430273,NORMAL,93.0,Medium,SEED
2026-06-01 05:20:11,SEED-632,1323.443359876021,485.56127360790276,1.0602127606809393,0.27369067728581253,280.5545621347881,NORMAL,70.4,Low,SEED
2026-06-01 05:30:11,SEED-633,8985.407582854661,1134.9529131099605,8.03461343990419,168.37420478709282,58859.34152191169,FAULT,89.4,High,SEED
2026-06-01 05:40:11,SEED-634,1305.1963380004938,483.7284341510391,1.143373108183156,0.47733312058215116,298.1748707867423,NORMAL,70.2,Low,SEED
2026-06-01 05:50:11,SEED-635,8655.259977936881,1109.0823045710238,8.140333054742046,90.33757247455515,62690.281570868974,FAULT,91.8,High,SEED
2026-06-01 06:00:11,SEED-636,1403.3287468721762,481.9152936216452,1.0724808386193818,0.29029544473207824,296.69933091993903,NORMAL,76.5,Low,SEED
2026-06-01 06:10:11,SEED-637,4777.170731576283,807.0967725666261,4.416119403085934,14.78045841812036,17991.501045225512,NORMAL,93.0,Medium,SEED
2026-06-01 06:20:11,SEED-638,5134.082536392215,793.0404570440322,4.342642396217942,24.101614025095728,17529.717435941853,NORMAL,93.0,Medium,SEED
2026-06-01 06:30:11,SEED-639,5109.611785548541,838.446286431808,4.503967658709875,42.74378952053871,17438.05470425836,NORMAL,93.0,Medium,SEED
2026-06-01 06:40:11,SEED-640,4868.566796156361,767.6579136718725,4.505427711698217,12.542821938577617,17695.685150468053,NORMAL,93.0,Medium,SEED
2026-06-01 06:50:11,SEED-641,1364.6364211803154,444.56537798951354,1.1277659297988645,0.03701349309572333,296.50236519366155,NORMAL,71.0,Low,SEED
2026-06-01 07:00:11,SEED-642,4777.434627129944,794.1438886177879,4.704614004320462,7.211681948399018,17792.10328010191,NORMAL,93.0,Medium,SEED
2026-06-01 07:10:11,SEED-643,1380.2869408705635,449.4740351660233,1.1383599706260106,0.3207728951076678,300.608578676521,NORMAL,77.8,Low,SEED
2026-06-01 07:20:11,SEED-644,5104.290420724622,839.6300441391137,4.597656021358945,5.135578958428368,18657.14197150679,NORMAL,93.0,Medium,SEED
2026-06-01 07:30:11,SEED-645,1357.8035669913893,448.9244284355792,1.0925673714445852,0.04727725388002302,283.1761637110487,NORMAL,74.1,Low,SEED
2026-06-01 07:40:11,SEED-646,1313.0603172156316,475.65316564597924,1.051777533077821,0.0007142970540190419,296.080766786359,NORMAL,91.2,Low,SEED
2026-06-01 07:50:11,SEED-647,4863.560711694424,765.9963917366081,4.69074621509089,48.68580028165297,18333.07684770326,NORMAL,93.0,Medium,SEED
2026-06-01 08:00:11,SEED-648,4870.681710577939,777.5947744136457,4.592740270147987,17.152635712770348,18798.024580896486,NORMAL,93.0,Medium,SEED
2026-06-01 08:10:11,SEED-649,8877.70305391591,1110.8316191636386,8.164143563851889,206.81378604909514,58172.52995530413,FAULT,75.3,High,SEED
2026-06-01 08:20:11,SEED-650,5117.264034832772,764.7780605626375,4.7017420180593,43.408908778159116,18161.630185306785,NORMAL,93.0,Medium,SEED
2026-06-01 08:30:11,SEED-651,1348.7749193758075,479.2483711288559,1.0905065371421372,0.45390363059173033,298.5116227435943,NORMAL,92.8,Low,SEED
2026-06-01 08:40:11,SEED-652,1415.8185102033995,473.59744154340433,1.0842992238196711,0.4041179340687684,300.6075531370174,NORMAL,74.4,Low,SEED
2026-06-01 08:50:11,SEED-653,5063.869934851987,833.1632496684853,4.599419179011334,22.140459210018435,18082.349227146653,NORMAL,93.0,Medium,SEED
2026-06-01 09:00:11,SEED-654,1385.0923135006344,482.1428371349528,1.0624563009619294,0.07735682326740534,275.74560831242053,NORMAL,72.1,Low,SEED
2026-06-01 09:10:11,SEED-655,9323.02951894169,1182.8421958415126,8.033461986344555,143.7265089423522,57113.52877395349,FAULT,77.1,High,SEED
2026-06-01 09:20:11,SEED-656,4890.839913862895,760.7229307791248,4.283565377490609,42.88550146667842,17631.009512110937,NORMAL,93.0,Medium,SEED
2026-06-01 09:30:11,SEED-657,8665.19611257572,1177.3745951499807,8.019172240477912,313.64768577617815,61647.8261184402,FAULT,76.5,High,SEED
2026-06-01 09:40:11,SEED-658,1348.5828220227884,442.0877503322479,1.0730909629577334,0.10119304809216789,303.0122659267648,NORMAL,76.4,Low,SEED
2026-06-01 09:50:11,SEED-659,5232.643211352907,768.0189082880901,4.699790933065374,0.6117650118454776,17167.327584016362,NORMAL,93.0,Medium,SEED
2026-06-01 10:00:11,SEED-660,1357.1649570298375,442.9048592470175,1.0919319537910395,0.5677464977189013,277.6174226212467,NORMAL,77.8,Low,SEED
2026-06-01 10:10:11,SEED-661,1309.8042093668073,475.9760382138852,1.1480906813209129,0.3787657606162531,299.0344159358643,NORMAL,78.7,Low,SEED
2026-06-01 10:20:11,SEED-662,1412.1476358654477,485.5354657967872,1.0486366404466168,0.3991824124179324,288.1440682959981,NORMAL,91.3,Low,SEED
2026-06-01 10:30:11,SEED-663,1331.4101072159074,486.12971748702836,1.1293758684313984,0.6794177535425243,301.5286869825029,NORMAL,70.6,Low,SEED
2026-06-01 10:40:11,SEED-664,1407.6952341650122,484.66390596648176,1.0606964320332617,0.338926121143202,295.69015587998314,NORMAL,93.8,Low,SEED
2026-06-01 10:50:11,SEED-665,5087.969038685134,796.2590891820624,4.529252210536887,53.137179369060846,17543.299516621144,NORMAL,93.0,Medium,SEED
2026-06-01 11:00:11,SEED-666,1388.7901682791871,464.76581018086955,1.0555330388763873,0.09425316445819032,289.45507729698755,NORMAL,81.6,Low,SEED
2026-06-01 11:10:11,SEED-667,5188.877805583984,801.8518007363415,4.441183692847883,58.223090962083916,18519.650369751984,NORMAL,93.0,Medium,SEED
2026-06-01 11:20:11,SEED-668,9233.029902423767,1175.922185354724,7.790390522176651,235.476573243217,60951.1707275951,FAULT,89.6,High,SEED
2026-06-01 11:30:11,SEED-669,8603.758821699852,1195.7782378636996,8.21932184831008,206.61577745024988,58584.38052237857,FAULT,80.2,High,SEED
2026-06-01 11:40:11,SEED-670,1410.184317980444,480.72370238907416,1.123197351541318,0.3614280042291762,291.8354877389753,NORMAL,83.0,Low,SEED
2026-06-01 11:50:11,SEED-671,1341.8314239141791,479.269905642935,1.122516710121163,0.46159590648171456,295.02972193439825,NORMAL,94.0,Low,SEED
2026-06-01 12:00:11,SEED-672,1306.4073289580485,442.98017328683596,1.1198942802057827,0.14675291730914442,291.13663264032226,NORMAL,74.4,Low,SEED
2026-06-01 12:10:11,SEED-673,1327.847324683069,442.1053306582836,1.1283333021125768,0.10513968979662636,289.15182866032796,NORMAL,91.2,Low,SEED
2026-06-01 12:20:11,SEED-674,1303.775670012548,465.54826580411975,1.14170995851171,0.5535795360197122,279.2483509536991,NORMAL,81.1,Low,SEED
2026-06-01 12:30:11,SEED-675,1376.0452812633525,480.96796495641246,1.1014484220627079,0.17072829651653532,300.10495310083735,NORMAL,92.4,Low,SEED
2026-06-01 12:40:11,SEED-676,4921.935167626017,768.6442406654878,4.688956784924471,6.866043964674873,17918.692889841866,NORMAL,93.0,Medium,SEED
2026-06-01 12:50:11,SEED-677,5145.79222424837,803.7137834818573,4.71813131113562,20.231977498114475,17315.022751199154,NORMAL,93.0,Medium,SEED
2026-06-01 13:00:11,SEED-678,1355.981189683013,467.2138194248732,1.0696213048906171,0.36927219192510297,276.4506430634002,NORMAL,93.3,Low,SEED
2026-06-01 13:10:11,SEED-679,1323.286681715348,460.8464551321249,1.0961031465498499,0.41629538483379136,276.15907350052265,NORMAL,83.3,Low,SEED
2026-06-01 13:20:11,SEED-680,1291.6846260439277,481.68933986771987,1.0798797313835375,0.160188870792644,295.3814995936392,NORMAL,80.5,Low,SEED
2026-06-01 13:30:11,SEED-681,1283.7197406428756,484.988378215788,1.0721064170221113,0.3164217919272785,291.9706669461017,NORMAL,85.4,Low,SEED
2026-06-01 13:40:11,SEED-682,4913.502297249077,822.2053071868115,4.5523440859642355,7.476346675291666,17966.26468656983,NORMAL,93.0,Medium,SEED
2026-06-01 13:50:11,SEED-683,1314.0571113056806,454.5238525133408,1.104327614928601,0.04068163025253568,276.84735152371866,NORMAL,70.8,Low,SEED
2026-06-01 14:00:11,SEED-684,1290.772799375241,452.02667951234906,1.112890412071052,0.6309135839960733,301.36796442749454,NORMAL,92.9,Low,SEED
2026-06-01 14:10:11,SEED-685,1332.8062963425793,479.03017141741185,1.0904916716403494,0.007426678919442153,291.744323130795,NORMAL,79.6,Low,SEED
2026-06-01 14:20:11,SEED-686,1350.3430431981512,466.05490532004563,1.0924701030562352,0.0870148803320463,284.83277392237255,NORMAL,90.8,Low,SEED
2026-06-01 14:30:11,SEED-687,1393.1438740832482,449.67821348905466,1.1540926288844797,0.32115168115273196,304.09620156049164,NORMAL,78.1,Low,SEED
2026-06-01 14:40:11,SEED-688,4951.624823407577,790.6252153808637,4.708749706769506,30.182801738415037,18713.250121380435,NORMAL,93.0,Medium,SEED
2026-06-01 14:50:11,SEED-689,1380.2751458484431,470.6195698469449,1.1145847424131807,0.15183391405727065,277.825490463234,NORMAL,85.2,Low,SEED
2026-06-01 15:00:11,SEED-690,1396.6084563072031,467.7953052773195,1.0764884594257902,0.4093011902882333,293.36816225446614,NORMAL,81.4,Low,SEED
2026-06-01 15:10:11,SEED-691,1334.8364800393394,452.96595890474595,1.055669920198607,0.1331314882202541,282.9641690396476,NORMAL,86.2,Low,SEED
2026-06-01 15:20:11,SEED-692,1390.3405901752415,462.42664808319745,1.1027441210275026,0.2674822832789907,286.53511801710596,NORMAL,71.5,Low,SEED
2026-06-01 15:30:11,SEED-693,9036.926707392937,1176.4088018884943,8.210861858903748,245.41859918764158,57681.51041875018,FAULT,72.0,High,SEED
2026-06-01 15:40:11,SEED-694,8794.110371385246,1182.0030031469541,7.867412417572739,171.19244717126503,57245.012443856685,FAULT,82.6,High,SEED
2026-06-01 15:50:11,SEED-695,9188.119683622881,1160.6484525456817,7.846835390684392,125.06856796582588,59498.72259642353,FAULT,74.7,High,SEED
2026-06-01 16:00:11,SEED-696,1380.8183555594192,470.4812349517237,1.1225759644677422,0.010317996406315366,287.9637019740444,NORMAL,94.6,Low,SEED
2026-06-01 16:10:11,SEED-697,1289.3013843734625,449.48675659058307,1.046190324325453,0.5011592024094353,303.7204048770695,NORMAL,82.6,Low,SEED
2026-06-01 16:20:11,SEED-698,4995.578357001976,773.1264851257991,4.36145674531333,32.810707517439255,18193.80638516397,NORMAL,93.0,Medium,SEED
2026-06-01 16:30:11,SEED-699,1359.5979192098946,469.1986576309958,1.0602702350300623,0.5450317060064096,286.4108568773576,NORMAL,94.6,Low,SEED
2026-06-01 16:40:11,SEED-700,1343.842131296052,456.9205164544165,1.081941117191362,0.3746121205948727,288.45049660248236,NORMAL,79.1,Low,SEED
2026-06-01 16:50:11,SEED-701,4925.525598570521,762.2087424632497,4.571600242925696,16.667837741379003,18059.98705091719,NORMAL,93.0,Medium,SEED
2026-06-01 17:00:11,SEED-702,1398.2849530016306,486.22442469967507,1.1024707091219417,0.29856617037264765,300.32100004473904,NORMAL,85.0,Low,SEED
2026-06-01 17:10:11,SEED-703,8732.27519940439,1191.4033414332962,8.228006870312587,173.0201346523554,62915.58109385453,FAULT,83.8,High,SEED
2026-06-01 17:20:11,SEED-704,1387.119463444358,481.8401325105617,1.1054195638889008,0.08181831036194609,290.7149239689393,NORMAL,88.0,Low,SEED
2026-06-01 17:30:11,SEED-705,1311.4721530425493,481.8073438894494,1.0944412122102782,0.030809399012214023,278.20405729810193,NORMAL,73.6,Low,SEED
2026-06-01 17:40:11,SEED-706,1373.976529900827,456.54715821283895,1.0492245379977323,0.31968393517299454,298.3442241246834,NORMAL,79.1,Low,SEED
2026-06-01 17:50:11,SEED-707,1302.037429939121,458.9042268384897,1.084205585349426,0.43997990804848186,293.1707838293846,NORMAL,75.7,Low,SEED
2026-06-01 18:00:11,SEED-708,5230.770075867323,799.4912392810356,4.293546229108689,6.211667871375084,18600.899081216947,NORMAL,93.0,Medium,SEED
2026-06-01 18:10:11,SEED-709,1328.574777240032,469.57870770217266,1.0519650055766674,0.0554103540498474,281.2575790417008,NORMAL,74.7,Low,SEED
2026-06-01 18:20:11,SEED-710,1328.7116360503503,468.14651784660344,1.0561122784881805,0.5889333890465691,303.68050399731146,NORMAL,88.6,Low,SEED
2026-06-01 18:30:11,SEED-711,4806.356555866043,827.1533949706663,4.5334986623976015,20.19724351481875,17768.365567073175,NORMAL,93.0,Medium,SEED
2026-06-01 18:40:11,SEED-712,4996.58785804,791.7511242762668,4.720015758039009,16.250327049717157,17238.58907515465,NORMAL,93.0,Medium,SEED
2026-06-01 18:50:11,SEED-713,8677.785428390702,1119.6176039900386,7.986109770606743,171.8941284025418,61416.52773071472,FAULT,94.4,High,SEED
2026-06-01 19:00:11,SEED-714,1345.5495598050154,486.6607072197059,1.148979007904048,0.41395221366092994,301.39308409681263,NORMAL,72.0,Low,SEED
2026-06-01 19:10:11,SEED-715,1318.0433239523584,452.73141902947134,1.1044472599697506,0.3085473359391342,286.5213299424738,NORMAL,77.1,Low,SEED
2026-06-01 19:20:11,SEED-716,1385.4522167323514,462.87847417103785,1.147693021423131,0.13419352635655724,289.6317679941932,NORMAL,88.9,Low,SEED
2026-06-01 19:30:11,SEED-717,9321.55810872244,1188.397558448746,8.032921712765008,275.626922401799,59430.11668039814,FAULT,80.6,High,SEED
2026-06-01 19:40:11,SEED-718,5214.102231245328,770.4929103478119,4.498748573180489,0.6336491952062033,17906.37600085211,NORMAL,93.0,Medium,SEED
2026-06-01 19:50:11,SEED-719,1314.509800500997,451.5105329590148,1.0701225083151602,0.08419349284256761,292.5610694523999,NORMAL,88.2,Low,SEED
2026-06-01 20:00:11,SEED-720,1367.6307036956841,440.99919379907305,1.1307799177145554,0.4482661187110111,283.6058525739113,NORMAL,79.5,Low,SEED
2026-06-01 20:10:11,SEED-721,4999.965789217037,800.0419884991077,4.585505112456421,58.91446335865953,18837.41814693654,NORMAL,93.0,Medium,SEED
2026-06-01 20:20:11,SEED-722,5128.0227020639095,798.6164436122733,4.710949622120853,30.269925839023927,17162.366037171647,NORMAL,93.0,Medium,SEED
2026-06-01 20:30:11,SEED-723,1387.3872761561972,486.5396575307393,1.0470128452240424,0.5181158004579061,285.71983895310154,NORMAL,78.9,Low,SEED
2026-06-01 20:40:11,SEED-724,1297.8694282849751,481.7338127114126,1.0993677367727779,0.1901904095181184,300.9385153459593,NORMAL,75.2,Low,SEED
2026-06-01 20:50:11,SEED-725,9320.846193705715,1199.669169504677,7.94870448967251,105.40536667916535,57078.62370773907,FAULT,91.2,High,SEED
2026-06-01 21:00:11,SEED-726,1331.5995936690924,470.3926680998215,1.0714475722751235,0.5927707145240726,284.67317391562625,NORMAL,84.3,Low,SEED
2026-06-01 21:10:11,SEED-727,1368.6683471260044,467.0500181137778,1.1003824721210718,0.09472111644316694,282.14975616171483,NORMAL,89.7,Low,SEED
2026-06-01 21:20:11,SEED-728,8877.298116586955,1147.055805471262,8.134907021979068,261.2598137772593,60951.867901431346,FAULT,86.6,High,SEED
2026-06-01 21:30:11,SEED-729,1371.9689640765034,457.49909379122823,1.1373160861067373,0.3931853572601405,276.79156386163,NORMAL,79.5,Low,SEED
2026-06-01 21:40:11,SEED-730,1407.1591660757383,471.6838141953865,1.1076905752043296,0.16155689080702995,285.58302282809296,NORMAL,88.9,Low,SEED
2026-06-01 21:50:11,SEED-731,1386.5779897593056,454.2693774544862,1.1033434746640178,0.3201721250328955,293.48143663931586,NORMAL,78.7,Low,SEED
2026-06-01 22:00:11,SEED-732,1359.4760027762404,455.3241527271385,1.0746457551453208,0.4181750592156783,285.9211285675936,NORMAL,84.5,Low,SEED
2026-06-01 22:10:11,SEED-733,1302.5727564495423,478.28097332240446,1.0809037406680477,0.049413953603814065,275.81042679091956,NORMAL,91.4,Low,SEED
2026-06-01 22:20:11,SEED-734,5109.200614179918,820.8868816732958,4.348546720666927,56.974482472867976,17673.813283139963,NORMAL,93.0,Medium,SEED
2026-06-01 22:30:11,SEED-735,4950.7555008459185,767.4169732278585,4.39012385652422,51.178699416097174,18147.723598902016,NORMAL,93.0,Medium,SEED
2026-06-01 22:40:11,SEED-736,1415.253953682183,484.62317279582805,1.0639211618837048,0.10514039770255401,298.59798521793533,NORMAL,76.9,Low,SEED
2026-06-01 22:50:11,SEED-737,1308.5046657277035,447.5923900118686,1.099809972168493,0.03329892582608451,285.922172445793,NORMAL,72.0,Low,SEED
2026-06-01 23:00:11,SEED-738,4769.967453390787,815.7395186135109,4.406356599418532,19.23938768839787,17185.733917838275,NORMAL,93.0,Medium,SEED
2026-06-01 23:10:11,SEED-739,1340.8802873133702,452.1830693154952,1.1189332009059274,0.049576262230210055,285.81659611351887,NORMAL,93.1,Low,SEED
2026-06-01 23:20:11,SEED-740,1385.5248216487503,482.1403892065703,1.0875486667044743,0.2458157173741018,292.1050164734575,NORMAL,82.3,Low,SEED
2026-06-01 23:30:11,SEED-741,1291.0620155966835,446.29556976010156,1.1508923421871557,0.3728488954921838,276.759163393807,NORMAL,75.6,Low,SEED
2026-06-01 23:40:11,SEED-742,8686.893007438299,1154.513362991596,7.920454990046241,354.42537428748506,60018.65512511522,FAULT,91.5,High,SEED
2026-06-01 23:50:11,SEED-743,5114.506228375345,761.0102372613898,4.542467218801404,65.89424526138453,17119.284978546086,NORMAL,93.0,Medium,SEED
2026-06-02 00:00:11,SEED-744,4992.6972453654735,779.3597445121965,4.640678077075356,24.582520217659408,17776.181065659744,NORMAL,93.0,Medium,SEED
2026-06-02 00:10:11,SEED-745,1287.1668198132384,470.20039908105684,1.0679139592364053,0.31557117577627114,301.1614985178192,NORMAL,77.7,Low,SEED
2026-06-02 00:20:11,SEED-746,1293.1017714590384,464.3823365710655,1.1183997720823151,0.3606561665451027,282.7463153379081,NORMAL,82.2,Low,SEED
2026-06-02 00:30:11,SEED-747,1363.536329299798,454.8643740893533,1.0920216316508524,0.13907060290451234,300.9186822235467,NORMAL,92.2,Low,SEED
2026-06-02 00:40:11,SEED-748,8716.582227262048,1114.8901877779813,8.392764726038873,156.50470602345672,62827.99943070263,FAULT,94.3,High,SEED
2026-06-02 00:50:11,SEED-749,1399.2249163287622,482.1441761394027,1.1464165148650205,0.16716225599626267,301.4829283538441,NORMAL,86.7,Low,SEED
2026-06-02 01:00:11,SEED-750,4931.068418580649,839.3292788590221,4.532895737999759,12.004047792558026,17791.223028058797,NORMAL,93.0,Medium,SEED
2026-06-02 01:10:11,SEED-751,1360.065250526347,473.5392589674745,1.1021176475908536,0.38864375150341246,294.8005777221318,NORMAL,76.6,Low,SEED
2026-06-02 01:20:11,SEED-752,4946.176514271449,769.07169567425,4.610458396759519,28.917062517931186,18517.985949840247,NORMAL,93.0,Medium,SEED
2026-06-02 01:30:11,SEED-753,1380.6360096595863,451.92761275538186,1.061854093409273,0.12107104926731438,287.0828313609402,NORMAL,70.8,Low,SEED
2026-06-02 01:40:11,SEED-754,5117.0264847302815,803.1406403271187,4.710141053010325,38.1451302342233,18365.585926152715,NORMAL,93.0,Medium,SEED
2026-06-02 01:50:11,SEED-755,1354.8172396534042,450.75037064825887,1.0639340927396914,0.04982048969624309,287.57775176668434,NORMAL,86.3,Low,SEED
2026-06-02 02:00:11,SEED-756,9252.81268686491,1183.4503389630104,8.30241424140084,94.78719275190178,58524.102210534904,FAULT,90.1,High,SEED
2026-06-02 02:10:11,SEED-757,1307.8372701383328,440.8008733924534,1.0701627157401283,0.1306737721520861,298.44120339321927,NORMAL,90.5,Low,SEED
2026-06-02 02:20:11,SEED-758,1335.5173094369266,443.1854209864993,1.1172654216453202,0.16440405336342234,291.86556517485144,NORMAL,70.6,Low,SEED
2026-06-02 02:30:11,SEED-759,1340.6254974075343,480.7560884540131,1.0478750778331165,0.04303710244660497,298.23799786749373,NORMAL,78.4,Low,SEED
2026-06-02 02:40:11,SEED-760,1409.6149844644679,480.5770602988944,1.1194021160676797,0.04793829799397287,288.1215648237699,NORMAL,85.1,Low,SEED
2026-06-02 02:50:11,SEED-761,9006.15623939954,1138.6114433347939,7.635652482232371,167.12745485468122,57146.35387423595,FAULT,83.1,High,SEED
2026-06-02 03:00:11,SEED-762,1284.4849362483435,467.56205894806317,1.1205071630307815,0.3842909126054961,276.09348262289467,NORMAL,93.1,Low,SEED
2026-06-02 03:10:11,SEED-763,1311.7775595595012,453.63230129176844,1.0861049601863852,0.1774048549769347,279.900150276427,NORMAL,77.0,Low,SEED
2026-06-02 03:20:11,SEED-764,5183.68927083859,766.8021479128827,4.445107785895592,9.278674078749077,17668.22621329275,NORMAL,93.0,Medium,SEED
2026-06-02 03:30:11,SEED-765,1341.9593445570292,451.86863083989874,1.1196086973349826,0.0965573196808629,292.8042586335758,NORMAL,72.2,Low,SEED
2026-06-02 03:40:11,SEED-766,5005.068221845624,761.9570179133891,4.347756315022215,11.189652227303213,18452.08253923577,NORMAL,93.0,Medium,SEED
2026-06-02 03:50:11,SEED-767,4988.879856976458,775.0719846880858,4.381331047039501,55.80939983404585,17474.740033160706,NORMAL,93.0,Medium,SEED
2026-06-02 04:00:11,SEED-768,8551.276831403267,1164.6427608975396,7.82015536299877,102.0767216977788,61184.612459592034,FAULT,77.2,High,SEED
2026-06-02 04:10:11,SEED-769,1291.0730211292823,441.36233683335115,1.0904330083248275,0.20211053144111712,289.28218890019457,NORMAL,77.5,Low,SEED
2026-06-02 04:20:11,SEED-770,8614.379610008924,1105.0546377727035,7.874514473677686,347.60653284669934,59772.668332429894,FAULT,76.2,High,SEED
2026-06-02 04:30:11,SEED-771,1335.5701168396442,484.8059484747201,1.1338831630876656,0.5915951492694838,285.8757352542291,NORMAL,88.6,Low,SEED
2026-06-02 04:40:11,SEED-772,1343.0150178838837,458.51962862874996,1.1111127191078267,0.411645677835347,296.76181787820803,NORMAL,85.7,Low,SEED
2026-06-02 04:50:11,SEED-773,4969.965075802608,821.0256520129624,4.349766305576835,13.604890210169856,18294.9830568919,NORMAL,93.0,Medium,SEED
2026-06-02 05:00:11,SEED-774,1389.5013879123358,476.998292170023,1.1393287085355848,0.5526388453841689,296.2818379872295,NORMAL,73.8,Low,SEED
2026-06-02 05:10:11,SEED-775,1311.9388050682016,465.29944860462444,1.0581126815046649,0.005022417047176653,299.1969969328932,NORMAL,86.3,Low,SEED
2026-06-02 05:20:11,SEED-776,1394.9477206055246,450.46614784958865,1.0685314212908048,0.21743693113868634,294.41146395708023,NORMAL,81.4,Low,SEED
2026-06-02 05:30:11,SEED-777,1337.301044240227,456.46644073479183,1.0967686325236583,0.6812786086824651,283.6102157259697,NORMAL,73.1,Low,SEED
2026-06-02 05:40:11,SEED-778,1403.7574309193787,442.0391114194243,1.0609067157793965,0.15815495841688865,296.99607625923136,NORMAL,71.8,Low,SEED
2026-06-02 05:50:11,SEED-779,4947.352800651806,806.4705853904387,4.388683811656171,15.83032319679387,17481.495813895566,NORMAL,93.0,Medium,SEED
2026-06-02 06:00:11,SEED-780,1350.7766192332251,462.01536987086337,1.1139973368969363,0.05185376136059805,282.32751171364896,NORMAL,93.2,Low,SEED
2026-06-02 06:10:11,SEED-781,4776.912202793522,811.0330831258715,4.637953152529468,42.28988150123121,17809.041268934252,NORMAL,93.0,Medium,SEED
2026-06-02 06:20:11,SEED-782,1380.8472890753444,482.6160524629828,1.0889994921987982,0.21507116589411446,277.7045423094435,NORMAL,85.5,Low,SEED
2026-06-02 06:30:11,SEED-783,1295.0037481957063,464.2663497457709,1.1506003689467004,0.2751437615362953,291.1775050749606,NORMAL,74.5,Low,SEED
2026-06-02 06:40:11,SEED-784,9440.402737951092,1165.128173415845,8.326099399350824,218.83121497501907,61735.96305872213,FAULT,92.0,High,SEED
2026-06-02 06:50:11,SEED-785,1338.0732397247025,447.7022182453848,1.0927304795203876,0.07234091583555458,302.5203804301144,NORMAL,70.7,Low,SEED
2026-06-02 07:00:11,SEED-786,9405.512448616599,1167.0428106209702,7.912391604252028,126.205043260406,57376.99640548828,FAULT,78.4,High,SEED
2026-06-02 07:10:11,SEED-787,1311.9251391608825,484.0534417015061,1.0709727251101329,0.4279140173929221,298.5322514807691,NORMAL,77.1,Low,SEED
2026-06-02 07:20:11,SEED-788,9158.9172648247,1121.706385784931,8.123419431709102,250.02665577741595,60908.32493839284,FAULT,93.5,High,SEED
2026-06-02 07:30:11,SEED-789,1344.6221512793627,443.61596876009577,1.130046548469516,0.2880359536758865,291.5050982806647,NORMAL,88.9,Low,SEED
2026-06-02 07:40:11,SEED-790,9296.425660096626,1148.1099429468559,7.757368320031026,360.63008185812873,59231.60175564239,FAULT,79.9,High,SEED
2026-06-02 07:50:11,SEED-791,4915.699624702861,786.1481054279874,4.694534653660402,21.10626179622011,17340.24521887567,NORMAL,93.0,Medium,SEED
2026-06-02 08:00:11,SEED-792,1384.6716228994314,448.89973836625177,1.0989394370094023,0.09344439575649677,289.82497092676766,NORMAL,71.0,Low,SEED
2026-06-02 08:10:11,SEED-793,4937.22934926498,785.689184215101,4.6681663241859,17.282758091845835,17202.53339140492,NORMAL,93.0,Medium,SEED
2026-06-02 08:20:11,SEED-794,4917.504407550702,787.5174504647542,4.599733381020629,5.243384152990188,17994.507691212497,NORMAL,93.0,Medium,SEED
2026-06-02 08:30:11,SEED-795,1371.473078165891,448.1227861268575,1.13625628791249,0.18187289692671182,287.30636182675,NORMAL,84.8,Low,SEED
2026-06-02 08:40:11,SEED-796,8634.346017814745,1162.4586636164079,8.181140654349836,231.4761327332876,62918.34514411514,FAULT,85.0,High,SEED
2026-06-02 08:50:11,SEED-797,1405.7218819356476,480.29185280989026,1.1509533349468395,0.07379272950778581,276.94779736947777,NORMAL,76.3,Low,SEED
2026-06-02 09:00:11,SEED-798,1408.8106899093498,445.02040852649606,1.0791311247855064,0.24989945219831622,292.0091515057862,NORMAL,76.1,Low,SEED
2026-06-02 09:10:11,SEED-799,4849.632251418228,807.1806983343452,4.395367785228761,18.428605686740866,18374.050440095485,NORMAL,93.0,Medium,SEED
2026-06-02 09:20:11,SEED-800,1372.483949011323,455.24635809188635,1.0966756132338096,0.5891283296129144,287.3784595900898,NORMAL,91.6,Low,SEED
2026-06-02 09:30:11,SEED-801,1351.9346967649426,448.2728837831603,1.1417630746237675,0.07752482685803486,292.8162293579926,NORMAL,92.3,Low,SEED
2026-06-02 09:40:11,SEED-802,4881.477962840614,794.7443089520478,4.656175521673217,9.373498565771229,18151.789947317593,NORMAL,93.0,Medium,SEED
2026-06-02 09:50:11,SEED-803,8565.671554693736,1140.4168366887207,7.609997693092107,67.82264334483034,57072.89621772195,FAULT,82.6,High,SEED
2026-06-02 10:00:11,SEED-804,1363.463211333803,458.4487697511154,1.1270639894015442,0.5149282860871978,303.17722515710676,NORMAL,89.4,Low,SEED
2026-06-02 10:10:11,SEED-805,9255.96630740133,1113.4472739090677,7.7155752135268925,136.83684112924652,57942.230029279024,FAULT,79.5,High,SEED
2026-06-02 10:20:11,SEED-806,1328.6547695804431,477.4552735792676,1.0741718643373517,0.4588618769391619,303.08187526638505,NORMAL,78.2,Low,SEED
2026-06-02 10:30:11,SEED-807,5134.508079524167,830.7113042276875,4.45303870034556,9.604312421295504,18077.27479099685,NORMAL,93.0,Medium,SEED
2026-06-02 10:40:11,SEED-808,1401.0390033053188,455.6031833889243,1.1010476316989735,0.005657385634888712,293.0152572679829,NORMAL,92.7,Low,SEED
2026-06-02 10:50:11,SEED-809,4820.5792040585875,820.817904156949,4.459324880269162,48.75109794150444,17460.874747143636,NORMAL,93.0,Medium,SEED
2026-06-02 11:00:11,SEED-810,1382.0218472017868,458.4341762235405,1.0527778166825008,0.06022907952441958,282.55786769082624,NORMAL,88.0,Low,SEED
2026-06-02 11:10:11,SEED-811,1367.2141511853954,482.53269081445785,1.1421695885658458,0.06822041449808403,300.9615084152948,NORMAL,79.8,Low,SEED
2026-06-02 11:20:11,SEED-812,8661.854672930218,1163.8018684858607,8.22037525720349,163.77524899694617,61560.249995768885,FAULT,90.8,High,SEED
2026-06-02 11:30:11,SEED-813,1372.2787725648177,484.752271788126,1.0884870500083377,0.005646649144250837,299.81339636779984,NORMAL,72.4,Low,SEED
2026-06-02 11:40:11,SEED-814,1412.6239657277326,478.32386368743397,1.1121524491706007,0.01460652327888301,276.2122840813716,NORMAL,75.4,Low,SEED
2026-06-02 11:50:11,SEED-815,1283.2925172435569,479.6244408055108,1.0466064860058237,0.177174666392113,298.4899757546865,NORMAL,72.9,Low,SEED
2026-06-02 12:00:11,SEED-816,1407.7497950258144,459.7599548648607,1.0795974398480845,0.051914010657998944,298.17039740988747,NORMAL,78.8,Low,SEED
2026-06-02 12:10:11,SEED-817,1346.9788373500833,460.20117736046456,1.0661550711272942,0.12435432868836305,303.7714232566231,NORMAL,90.0,Low,SEED
2026-06-02 12:20:11,SEED-818,4927.226971049461,767.824762707352,4.304560358620693,5.354876857899285,17936.129618118164,NORMAL,93.0,Medium,SEED
2026-06-02 12:30:11,SEED-819,1400.417670319512,468.9030768300476,1.1388870294136708,0.47063086315100744,300.52387139411394,NORMAL,70.5,Low,SEED
2026-06-02 12:40:11,SEED-820,8719.768982629148,1184.2795203408339,8.037412893585271,117.0299391628414,62764.17640350258,FAULT,78.2,High,SEED
2026-06-02 12:50:11,SEED-821,8609.125052045832,1100.6540635405229,7.84997182629114,185.35254795083256,59423.96029584665,FAULT,87.3,High,SEED
2026-06-02 13:00:11,SEED-822,4870.708867243112,776.4882481110382,4.378756651945544,23.254658719002123,18363.782045661792,NORMAL,93.0,Medium,SEED
2026-06-02 13:10:11,SEED-823,1292.4337506957988,479.1964246464546,1.0545946230283474,0.6054312715505263,276.5395459849792,NORMAL,82.9,Low,SEED
2026-06-02 13:20:11,SEED-824,9269.338074208476,1105.4749443065646,7.654247511281311,179.87974764854016,62099.678676900214,FAULT,91.9,High,SEED
2026-06-02 13:30:11,SEED-825,5148.812963561369,788.0298208108599,4.490374786864668,27.245303883009456,18262.771733178484,NORMAL,93.0,Medium,SEED
2026-06-02 13:40:11,SEED-826,8714.161837085756,1176.367440281778,8.042051490502159,145.1493291594702,60938.47560520358,FAULT,80.4,High,SEED
2026-06-02 13:50:11,SEED-827,8739.79654944188,1175.2553597987192,7.981545840930228,300.85409457271953,60025.22377241231,FAULT,88.9,High,SEED
2026-06-02 14:00:11,SEED-828,5085.311120522127,786.848901315193,4.343643843494719,41.33580625491072,18163.456746605065,NORMAL,93.0,Medium,SEED
2026-06-02 14:10:11,SEED-829,9253.461131027076,1110.4349011188544,8.041216970900667,187.7999745177915,60920.46089951939,FAULT,90.8,High,SEED
2026-06-02 14:20:11,SEED-830,9290.223605841826,1167.9396763208824,7.779037889976075,250.15235093914112,60804.97457852135,FAULT,89.0,High,SEED
2026-06-02 14:30:11,SEED-831,4913.132809329509,819.5950255661425,4.412195354003713,10.591494766764413,18254.411441774893,NORMAL,93.0,Medium,SEED
2026-06-02 14:40:11,SEED-832,1368.1749609513677,442.75419920962366,1.1343154786087353,0.1452799937229594,297.9029489304199,NORMAL,80.4,Low,SEED
2026-06-02 14:50:11,SEED-833,1286.2805116967236,462.68821876661974,1.1357121426358727,0.21036436342137232,275.8889121093781,NORMAL,82.9,Low,SEED
2026-06-02 15:00:11,SEED-834,1392.876108325065,477.6257980131552,1.0792904890993689,0.15442623584188286,275.6468700119719,NORMAL,89.0,Low,SEED
2026-06-02 15:10:11,SEED-835,5072.5848937489445,795.9306849177744,4.4424262124891545,61.57205494056802,18415.47989412161,NORMAL,93.0,Medium,SEED
2026-06-02 15:20:11,SEED-836,1282.7617155601117,463.21240575818246,1.122039258049993,0.4847233146693313,284.0217141496298,NORMAL,91.2,Low,SEED
2026-06-02 15:30:11,SEED-837,1345.0798905486322,440.8462647584603,1.0766301829059648,0.07946153190637606,284.3926564410536,NORMAL,94.2,Low,SEED
2026-06-02 15:40:11,SEED-838,4909.091045161597,805.2627224980343,4.637724211737991,41.13781810194894,18473.88051629356,NORMAL,93.0,Medium,SEED
2026-06-02 15:50:11,SEED-839,1404.633642132125,447.09625155206527,1.0736646880583034,0.02380114073006734,289.77972704207673,NORMAL,91.7,Low,SEED
2026-06-02 16:00:11,SEED-840,1322.3818617214658,477.49668320926287,1.1211865324005938,0.21575190607846828,302.10016749812326,NORMAL,87.3,Low,SEED
2026-06-02 16:10:11,SEED-841,1345.9996340426637,478.8811546951922,1.1124196913175464,0.0979480357228697,280.46928528241597,NORMAL,80.1,Low,SEED
2026-06-02 16:20:11,SEED-842,5152.1382252449275,778.9031057774064,4.417102842094153,28.103058344436704,17892.726462893286,NORMAL,93.0,Medium,SEED
2026-06-02 16:30:11,SEED-843,1392.2160520813088,472.15405986759373,1.0890052986927174,0.14323779814316584,277.0583331717743,NORMAL,93.9,Low,SEED
2026-06-02 16:40:11,SEED-844,1333.6464511921572,451.34408106237316,1.1016847921215391,0.44237096937456943,288.45528678658246,NORMAL,81.6,Low,SEED
2026-06-02 16:50:11,SEED-845,5029.391399461766,776.6571830861127,4.282061521295959,9.751981755832958,18440.351797898446,NORMAL,93.0,Medium,SEED
2026-06-02 17:00:11,SEED-846,1360.3140655136212,452.8150176960426,1.1007005582767515,0.2137217939985101,289.6048044706966,NORMAL,91.2,Low,SEED
2026-06-02 17:10:11,SEED-847,5220.109442844498,824.9242952723762,4.465021279132095,27.78750544003492,18738.03254049208,NORMAL,93.0,Medium,SEED
2026-06-02 17:20:11,SEED-848,1367.4128947245274,473.5315093521595,1.118846312581206,0.6353814010799335,297.35968542641575,NORMAL,71.8,Low,SEED
2026-06-02 17:30:11,SEED-849,8562.398688905261,1162.5873080888787,8.079493657399597,285.9771555660525,60882.00109165567,FAULT,73.0,High,SEED
2026-06-02 17:40:11,SEED-850,1373.7292846157068,474.52457412560466,1.1122053466758919,0.09699924685011396,293.95699191884194,NORMAL,91.3,Low,SEED
2026-06-02 17:50:11,SEED-851,1415.8110292563401,476.442392964398,1.0797440088553698,0.04076445384119243,303.3241307852404,NORMAL,83.3,Low,SEED
2026-06-02 18:00:11,SEED-852,1342.3679855993912,446.65595108764586,1.107949792379537,0.2757151175470094,287.036978078042,NORMAL,80.0,Low,SEED
2026-06-02 18:10:11,SEED-853,1311.8866193626773,455.57380467727353,1.1028230726742128,0.2160474632152054,290.87832396149787,NORMAL,73.9,Low,SEED
2026-06-02 18:20:11,SEED-854,4889.564966124611,825.0013414164262,4.31452482216202,4.841572220528633,17520.876058723963,NORMAL,93.0,Medium,SEED
2026-06-02 18:30:11,SEED-855,1282.554828691839,468.1756855395984,1.1225662735885913,0.49986025447632976,301.16563164275976,NORMAL,71.9,Low,SEED
2026-06-02 18:40:11,SEED-856,1355.7860061484735,470.5020796129673,1.1495799254772716,0.4248694083961855,288.27545707700733,NORMAL,92.7,Low,SEED
2026-06-02 18:50:11,SEED-857,5032.313564599834,769.6566941841547,4.579840909186452,31.369263737980305,18473.184710491092,NORMAL,93.0,Medium,SEED
2026-06-02 19:00:11,SEED-858,4767.509135896172,824.390705743505,4.431035353867831,1.0767200785112436,18116.13185040872,NORMAL,93.0,Medium,SEED
2026-06-02 19:10:11,SEED-859,1324.7121189092713,452.60790921136766,1.0459919663234358,0.4910262483742365,282.7361032763537,NORMAL,72.5,Low,SEED
2026-06-02 19:20:11,SEED-860,4799.397870056187,839.3467523237025,4.703047876868928,31.697329962677827,17342.263628931356,NORMAL,93.0,Medium,SEED
2026-06-02 19:30:11,SEED-861,1381.2698720472956,484.13249013401423,1.0913820716999856,0.06007206281787081,279.0317036489714,NORMAL,81.6,Low,SEED
2026-06-02 19:40:11,SEED-862,1351.1242640774512,458.3486343214653,1.0501817340223216,0.04378703834947828,280.0018273502419,NORMAL,78.1,Low,SEED
2026-06-02 19:50:11,SEED-863,1406.161040935133,474.24090614891094,1.1349455731711422,0.08714208529169198,279.40722432366016,NORMAL,85.8,Low,SEED
2026-06-02 20:00:11,SEED-864,1373.6185577095046,460.6124512372131,1.0893093165206318,0.062087126602103915,298.15173303777595,NORMAL,76.8,Low,SEED
2026-06-02 20:10:11,SEED-865,1416.50508856796,457.6471968197644,1.1323559535891807,0.2853301063827596,280.2645190418796,NORMAL,84.9,Low,SEED
2026-06-02 20:20:11,SEED-866,1391.8716108949072,455.38102429501026,1.1223524716656108,0.40821175460924497,288.61678546420796,NORMAL,84.4,Low,SEED
2026-06-02 20:30:11,SEED-867,8626.082125533423,1168.1186952974208,7.61917607816891,164.34412016412966,58020.12967756803,FAULT,75.5,High,SEED
2026-06-02 20:40:11,SEED-868,1376.7073297367594,483.5148245613965,1.1368332736227194,0.03206210987544722,280.08783148265087,NORMAL,89.4,Low,SEED
2026-06-02 20:50:11,SEED-869,1352.5526245636893,472.98996643140543,1.1013933163265337,0.6073965248628692,280.14004453673766,NORMAL,72.3,Low,SEED
2026-06-02 21:00:11,SEED-870,1330.4754318764183,451.0069434594563,1.1525575125456446,0.512470280006859,303.7930431330517,NORMAL,84.7,Low,SEED
2026-06-02 21:10:11,SEED-871,1394.911150219463,444.9399248037093,1.0725293582463042,0.037351651400197916,286.08778410465067,NORMAL,74.8,Low,SEED
2026-06-02 21:20:11,SEED-872,5196.019660902855,828.6066465037576,4.714988805259858,33.07605984036513,18611.418083328463,NORMAL,93.0,Medium,SEED
2026-06-02 21:30:11,SEED-873,4769.205139095168,773.112904314395,4.505853277618291,28.2627940913261,17292.09041964705,NORMAL,93.0,Medium,SEED
2026-06-02 21:40:11,SEED-874,1356.9596746408633,460.2338952021676,1.0554515212843099,0.18970655471173892,285.85264508745354,NORMAL,93.7,Low,SEED
2026-06-02 21:50:11,SEED-875,1407.5155604291167,461.8898731857396,1.1335946657421907,0.6883928324485664,280.51655488826196,NORMAL,84.7,Low,SEED
2026-06-02 22:00:11,SEED-876,4940.864600446065,823.0512309397321,4.539505401600338,29.699073581972243,17546.93526038575,NORMAL,93.0,Medium,SEED
2026-06-02 22:10:11,SEED-877,1286.6106613604327,486.62646214434415,1.1109454891259376,0.6350958305992558,298.2492695191491,NORMAL,89.4,Low,SEED
2026-06-02 22:20:11,SEED-878,1341.933229235302,445.49944480843266,1.1068432807009596,0.16932823152467513,287.34216540808865,NORMAL,77.0,Low,SEED
2026-06-02 22:30:11,SEED-879,8628.332419725017,1170.0986071378966,7.759985077687378,202.43221380747354,59972.66193390386,FAULT,86.1,High,SEED
2026-06-02 22:40:11,SEED-880,1316.926439548597,472.64447873078296,1.1490033588582598,0.39030090913803406,299.4286841714702,NORMAL,88.4,Low,SEED
2026-06-02 22:50:11,SEED-881,1370.0162681278896,468.52487028388157,1.0736939547427693,0.11343954625442798,300.51035463844516,NORMAL,89.9,Low,SEED
2026-06-02 23:00:11,SEED-882,5082.9230749719,803.6750779610811,4.595643474249725,11.489755042183333,18050.38452884641,NORMAL,93.0,Medium,SEED
2026-06-02 23:10:11,SEED-883,1349.5529249574995,457.7611816612227,1.148133185033335,0.010171459064139299,275.7274233177348,NORMAL,93.2,Low,SEED
2026-06-02 23:20:11,SEED-884,1300.9556886323776,454.31374020495474,1.0629062452159779,0.12461235395518955,284.8544562690302,NORMAL,83.7,Low,SEED
2026-06-02 23:30:11,SEED-885,1407.8242988700288,456.41642803731037,1.1175187349382485,0.04057154925238038,288.9725230505154,NORMAL,70.5,Low,SEED
2026-06-02 23:40:11,SEED-886,1380.574834008148,476.66758106754463,1.078320420589395,0.09290830519028237,294.69430745880163,NORMAL,78.2,Low,SEED
2026-06-02 23:50:11,SEED-887,9402.24361932562,1193.7559632449036,8.170032763575637,233.63848212548783,59079.97242160018,FAULT,90.8,High,SEED
2026-06-03 00:00:11,SEED-888,5172.252282149135,838.900382911039,4.315190380783579,15.367521429852445,18094.212817929932,NORMAL,93.0,Medium,SEED
2026-06-03 00:10:11,SEED-889,1400.7330655662947,484.7978458041821,1.1146050373433312,0.16028579602118498,302.43429458625985,NORMAL,73.7,Low,SEED
2026-06-03 00:20:11,SEED-890,1349.4279973626549,445.9332785167379,1.0934201964564154,0.40228319486087916,290.95821446601667,NORMAL,76.7,Low,SEED
2026-06-03 00:30:11,SEED-891,1364.4991102845504,445.8434944433767,1.0958153362950267,0.033047037726771755,278.4635107207908,NORMAL,80.1,Low,SEED
2026-06-03 00:40:11,SEED-892,8650.49742143246,1136.6525447270221,7.7665893731611035,115.85225696392763,58276.02194193276,FAULT,94.7,High,SEED
2026-06-03 00:50:11,SEED-893,4898.251201954132,801.8831099928672,4.288574979989716,9.62736319960095,18479.400788087416,NORMAL,93.0,Medium,SEED
2026-06-03 01:00:11,SEED-894,1380.9680822498653,459.9952526599406,1.1235795416790288,0.39964676677616673,278.4486304556028,NORMAL,87.5,Low,SEED
2026-06-03 01:10:11,SEED-895,1316.3750466029094,460.7986297819856,1.0960640265687875,0.07323353271949617,282.7865001926578,NORMAL,78.1,Low,SEED
2026-06-03 01:20:11,SEED-896,8655.945226725331,1173.940585089516,8.323483510546856,336.6298994088529,60290.996811126184,FAULT,88.8,High,SEED
2026-06-03 01:30:11,SEED-897,9264.006270923941,1140.742938865885,8.071748565979117,309.14724693158405,60310.093212067455,FAULT,73.0,High,SEED
2026-06-03 01:40:11,SEED-898,1351.8354051261456,481.6886263144619,1.0866011337540458,0.028364387807995328,300.40821654429044,NORMAL,80.6,Low,SEED
2026-06-03 01:50:11,SEED-899,4866.85680314795,805.4222218774801,4.436761992126126,35.136212321847324,18249.00068170848,NORMAL,93.0,Medium,SEED
2026-06-03 02:00:11,SEED-900,1297.0191795381556,479.4423830336315,1.1497314229099995,0.07884695023028865,300.2358262459372,NORMAL,81.0,Low,SEED
2026-06-03 02:10:11,SEED-901,1346.2404853197818,485.8655992930169,1.0880146715777361,0.44527392198470217,281.2393586757306,NORMAL,92.6,Low,SEED
2026-06-03 02:20:11,SEED-902,1366.0972971768222,441.5983472076318,1.0592698453314884,0.5389694383837949,291.01991191407404,NORMAL,93.9,Low,SEED
2026-06-03 02:30:11,SEED-903,5023.857998372769,828.2358740897397,4.406378354183636,25.189270386380713,18785.155504595135,NORMAL,93.0,Medium,SEED
2026-06-03 02:40:11,SEED-904,1384.8665103018402,481.6796997176433,1.1468806594961092,0.3182528631795183,298.6121692555054,NORMAL,91.0,Low,SEED
2026-06-03 02:50:11,SEED-905,1357.9975422527837,460.1642155920631,1.1468808803753863,0.3650799127044895,293.06354755238146,NORMAL,76.3,Low,SEED
2026-06-03 03:00:11,SEED-906,1396.7670491250574,445.3318798028893,1.0995325742359892,0.3461924369088063,303.9069192568835,NORMAL,71.0,Low,SEED
2026-06-03 03:10:11,SEED-907,5147.25727157266,808.24336668823,4.450583262155363,38.35159470261658,18209.961695107817,NORMAL,93.0,Medium,SEED
2026-06-03 03:20:11,SEED-908,1349.6899534175263,477.35290303306266,1.0460990491686117,0.040108335057180255,289.4243273716636,NORMAL,79.9,Low,SEED
2026-06-03 03:30:11,SEED-909,1372.1262774362501,479.6184576079478,1.1307662143682766,0.17992665600115743,299.05861131934915,NORMAL,84.3,Low,SEED
2026-06-03 03:40:11,SEED-910,5152.562012696195,804.4280312631308,4.482605150629671,32.11751535275755,17124.330443109397,NORMAL,93.0,Medium,SEED
2026-06-03 03:50:11,SEED-911,1328.5539609643731,462.45794910867113,1.0763493019066703,0.3166342909623401,294.13771997879655,NORMAL,90.3,Low,SEED
2026-06-03 04:00:11,SEED-912,1366.391866191172,469.091739666704,1.0587531681249482,0.26364260231444003,303.79436301870896,NORMAL,79.9,Low,SEED
2026-06-03 04:10:11,SEED-913,9048.6112658824,1103.370992887465,8.098883184122439,261.71965347948594,62543.96862307456,FAULT,82.8,High,SEED
2026-06-03 04:20:11,SEED-914,1355.070164120697,466.5280259351319,1.0572894213759412,0.43715344498350817,290.8010154613943,NORMAL,85.2,Low,SEED
2026-06-03 04:30:11,SEED-915,8558.554945122854,1118.4500797931264,7.901942527500582,148.4318143388116,58306.39710833089,FAULT,74.3,High,SEED
2026-06-03 04:40:11,SEED-916,8936.696993285286,1159.3254486786695,8.197968818366792,358.00016169180026,58108.593066044086,FAULT,88.3,High,SEED
2026-06-03 04:50:11,SEED-917,1370.7054925677328,478.7715762770404,1.1360569798234397,0.10495159351556538,294.4593198182728,NORMAL,89.2,Low,SEED
2026-06-03 05:00:11,SEED-918,1293.2401217355007,478.8509634611027,1.1025141266529273,0.5376233771240742,298.7911355561942,NORMAL,91.9,Low,SEED
2026-06-03 05:10:11,SEED-919,5170.163921726272,792.9113643853682,4.6713758908945255,80.31883465266458,17102.009996202072,NORMAL,93.0,Medium,SEED
2026-06-03 05:20:11,SEED-920,1410.8197472472564,479.2873447992012,1.1376627017836873,0.32542262082167284,291.14477636511924,NORMAL,94.0,Low,SEED
2026-06-03 05:30:11,SEED-921,1308.249005404144,473.6548142021678,1.1450348760316071,0.21799699484535928,283.67090823717206,NORMAL,87.9,Low,SEED
2026-06-03 05:40:11,SEED-922,9181.701943028096,1169.1784257365266,7.932140229062629,184.75093331813946,58793.21134173503,FAULT,72.7,High,SEED
2026-06-03 05:50:11,SEED-923,1355.8991201125505,478.0351688682911,1.1308185156312232,0.39403056027563466,287.9695351544429,NORMAL,88.8,Low,SEED
2026-06-03 06:00:11,SEED-924,1363.4784650075962,465.8245236762169,1.1503676016882145,0.23578428249442585,280.7497170471216,NORMAL,76.8,Low,SEED
2026-06-03 06:10:11,SEED-925,4984.481755964901,791.6740598374157,4.468263001032753,51.070715188153144,18645.160245611187,NORMAL,93.0,Medium,SEED
2026-06-03 06:20:11,SEED-926,8881.557175681231,1165.6005995046207,8.144308456031498,116.24258208115361,58049.43005615221,FAULT,78.2,High,SEED
2026-06-03 06:30:11,SEED-927,4798.245845869127,781.3287928129014,4.477393108294911,37.88687611951195,17281.174738380298,NORMAL,93.0,Medium,SEED
2026-06-03 06:40:11,SEED-928,1311.0979074557652,461.27822845916745,1.1532467045890866,0.09003999582757505,291.7820210117111,NORMAL,75.9,Low,SEED
2026-06-03 06:50:11,SEED-929,1340.2305627888159,478.7832024155681,1.0719864202254121,0.11652882376184426,297.47875843563185,NORMAL,90.4,Low,SEED
2026-06-03 07:00:11,SEED-930,1287.3854747156174,447.0174043117558,1.0492477194188883,0.07067806492690387,288.8309202500359,NORMAL,84.6,Low,SEED
2026-06-03 07:10:11,SEED-931,5141.636597576913,828.6759993586224,4.3516777058249625,8.085978168532733,17884.55563582531,NORMAL,93.0,Medium,SEED
2026-06-03 07:20:11,SEED-932,5052.417419773258,801.8077005494187,4.374015602412715,17.55123580593704,18873.920852148345,NORMAL,93.0,Medium,SEED
2026-06-03 07:30:11,SEED-933,1316.2231335356046,479.35809729914666,1.1492086674411985,0.01796898441127759,300.07871353650245,NORMAL,74.1,Low,SEED
2026-06-03 07:40:11,SEED-934,1359.8850326210918,485.20257477812487,1.1486828101010316,0.07933425066003963,287.42211854342366,NORMAL,86.9,Low,SEED
2026-06-03 07:50:11,SEED-935,4901.652083540235,809.9352536804194,4.568765174329981,27.853673242246828,17486.73448396018,NORMAL,93.0,Medium,SEED
2026-06-03 08:00:11,SEED-936,1321.548647239807,467.5473370037828,1.1328395786707832,0.10018892277081992,282.18682661280684,NORMAL,73.8,Low,SEED
2026-06-03 08:10:11,SEED-937,9103.094492289993,1139.116019162231,8.214522446954758,246.5501757023526,61086.83032733126,FAULT,79.5,High,SEED
2026-06-03 08:20:11,SEED-938,8612.463230618827,1170.6207792296777,8.373339503261068,183.3892920264791,59677.88629034406,FAULT,85.8,High,SEED
2026-06-03 08:30:11,SEED-939,4864.212458668069,811.8993435971494,4.3067245626816195,26.272769933183213,18595.56111408915,NORMAL,93.0,Medium,SEED
2026-06-03 08:40:11,SEED-940,1354.5951085477336,474.71146143531774,1.0802560175537934,0.4213440966331108,282.49042341359564,NORMAL,93.9,Low,SEED
2026-06-03 08:50:11,SEED-941,1323.4223586243563,463.26362962606595,1.0948931811321194,0.3421361619943708,277.7810739136911,NORMAL,93.9,Low,SEED
2026-06-03 09:00:11,SEED-942,1354.9983681477659,453.2808740847989,1.1325494857314866,0.16478297477265347,291.8976371943062,NORMAL,91.1,Low,SEED
2026-06-03 09:10:11,SEED-943,1352.7463877179034,475.43990526963955,1.0600233591545452,0.07598474470826488,293.18041379978393,NORMAL,72.0,Low,SEED
2026-06-03 09:20:11,SEED-944,5028.047338012358,823.8886813579363,4.30069108645827,33.56522910321905,18146.092338281196,NORMAL,93.0,Medium,SEED
2026-06-03 09:30:11,SEED-945,5005.542849705355,817.2654690835,4.389929245850761,24.44400020396347,17267.923319074453,NORMAL,93.0,Medium,SEED
2026-06-03 09:40:11,SEED-946,1371.812701722225,456.80625224257017,1.0493783555968987,0.43111251425519814,280.837039204655,NORMAL,76.1,Low,SEED
2026-06-03 09:50:11,SEED-947,8805.339834538523,1197.513454622538,7.8322988672967,236.02738972152247,59088.72159548881,FAULT,88.2,High,SEED
2026-06-03 10:00:11,SEED-948,8869.838113576667,1196.4359149081479,7.628176360780514,234.90166162470814,58654.94555835212,FAULT,89.0,High,SEED
2026-06-03 10:10:11,SEED-949,1389.5640531232284,477.56824379366265,1.1208746271567869,0.2941036088817919,304.2290127491443,NORMAL,70.6,Low,SEED
2026-06-03 10:20:11,SEED-950,1354.0922867373538,474.68230449274427,1.1164296686249175,0.29683255030949685,289.557604978093,NORMAL,78.8,Low,SEED
2026-06-03 10:30:11,SEED-951,1394.7257058738696,474.52387862484915,1.0779367494724459,0.4064163743731859,284.7190959791581,NORMAL,93.3,Low,SEED
2026-06-03 10:40:11,SEED-952,1405.3925487566673,459.49766821509775,1.0884159607521593,0.4867360982537372,296.9378727402523,NORMAL,93.5,Low,SEED
2026-06-03 10:50:11,SEED-953,4867.397564672683,766.5242021208333,4.416404106663607,1.7859139742786283,17495.495567487815,NORMAL,93.0,Medium,SEED
2026-06-03 11:00:11,SEED-954,1410.7384363879669,480.89572143919924,1.0649105252918913,0.008442838239352213,297.1870165470512,NORMAL,70.5,Low,SEED
2026-06-03 11:10:11,SEED-955,1333.6871636597953,461.97527183009123,1.121333533764769,0.17381690723067056,293.0561358891823,NORMAL,90.5,Low,SEED
2026-06-03 11:20:11,SEED-956,9110.652051874193,1131.4766417086303,7.932751278239758,206.59837620106032,62596.063353987076,FAULT,86.6,High,SEED
2026-06-03 11:30:11,SEED-957,8744.497069732875,1159.3763868156882,7.6883411922869325,248.6855467531807,57981.13848691152,FAULT,93.1,High,SEED
2026-06-03 11:40:11,SEED-958,1399.571246548321,450.5999597346636,1.1000545452115333,0.1923823095615056,285.37518243406004,NORMAL,73.5,Low,SEED
2026-06-03 11:50:11,SEED-959,1382.0162900256746,472.76182262612497,1.1315403253187863,0.5716170645209049,277.1290766263321,NORMAL,81.4,Low,SEED
2026-06-03 12:00:11,SEED-960,1417.1696705896245,452.1569756707283,1.0943513369289413,0.332683916632587,302.33174813109156,NORMAL,82.9,Low,SEED
2026-06-03 12:10:11,SEED-961,1346.2464270548558,466.94924756296973,1.0819928247990689,0.13162920194766947,285.50330650773424,NORMAL,82.4,Low,SEED
2026-06-03 12:20:11,SEED-962,5062.294260505158,834.9543755048782,4.679490476609538,7.809690394304425,18856.785955001593,NORMAL,93.0,Medium,SEED
2026-06-03 12:30:11,SEED-963,8854.280686201366,1189.0405782415382,7.8011557440794155,175.11707194662358,57364.8733078589,FAULT,75.2,High,SEED
2026-06-03 12:40:11,SEED-964,1403.0219074945312,485.3989085009501,1.0577262660087512,0.18636486969325539,296.2653612215234,NORMAL,88.8,Low,SEED
2026-06-03 12:50:11,SEED-965,1294.5669352229231,482.18953325826817,1.079107964205562,0.36145781099861196,287.21190287083607,NORMAL,94.4,Low,SEED
2026-06-03 13:00:11,SEED-966,1311.138562182792,455.81953390085204,1.0909356885295154,0.0676522367559036,279.896709223024,NORMAL,80.4,Low,SEED
2026-06-03 13:10:11,SEED-967,1370.6004460457036,485.9640529312218,1.1209178243765467,0.044881331581271944,298.64479546995716,NORMAL,91.1,Low,SEED
2026-06-03 13:20:11,SEED-968,1395.9541116383054,462.3531064826357,1.107882400340903,0.01834127894249349,288.8917171128022,NORMAL,70.6,Low,SEED
2026-06-03 13:30:11,SEED-969,1366.0050857057515,448.5031608434007,1.137889695053079,0.011374694355645865,295.65840635852066,NORMAL,77.3,Low,SEED
2026-06-03 13:40:11,SEED-970,4968.600269479099,764.3747732962157,4.344596314336834,21.82827777887701,18448.415212477743,NORMAL,93.0,Medium,SEED
2026-06-03 13:50:11,SEED-971,1377.5502465421016,456.59455879386485,1.0630694274219312,0.24899635654564278,279.8746520591061,NORMAL,92.9,Low,SEED
2026-06-03 14:00:11,SEED-972,5196.665230297456,828.2923818890064,4.6319298316013455,42.1619394442414,18191.104872572847,NORMAL,93.0,Medium,SEED
2026-06-03 14:10:11,SEED-973,1405.7465811904556,457.47312057212076,1.1263896306639563,0.04868781181578985,276.5287736200135,NORMAL,93.0,Low,SEED
2026-06-03 14:20:11,SEED-974,1302.1940162002434,445.02224707717215,1.1418375463646067,0.14515701704770212,278.6402791082721,NORMAL,88.6,Low,SEED
2026-06-03 14:30:11,SEED-975,1413.6539744358759,464.7577859992015,1.094964423352731,0.1430496177455538,279.5162180523665,NORMAL,80.2,Low,SEED
2026-06-03 14:40:11,SEED-976,4951.863486042335,784.7682350026943,4.410881210213476,14.379196026087698,18143.071096351887,NORMAL,93.0,Medium,SEED
2026-06-03 14:50:11,SEED-977,5061.500290762696,811.3983957741833,4.694454924674109,30.94289266476187,17563.160552924353,NORMAL,93.0,Medium,SEED
2026-06-03 15:00:11,SEED-978,1308.0770768897023,472.18378010251206,1.0974540704940898,0.2994311453485503,294.77960320348154,NORMAL,83.6,Low,SEED
2026-06-03 15:10:11,SEED-979,9356.019647365374,1172.553933203947,7.990535533653493,196.76891138574774,58866.5287799941,FAULT,88.3,High,SEED
2026-06-03 15:20:11,SEED-980,8602.419082754264,1170.1961931282506,8.123768700631398,113.18849584244617,58406.62724321392,FAULT,84.9,High,SEED
2026-06-03 15:30:11,SEED-981,1352.2870049257854,444.6532345904743,1.1322163515896648,0.44404413201460624,281.3119414232515,NORMAL,86.7,Low,SEED
2026-06-03 15:40:11,SEED-982,1302.616411779176,441.92622976116894,1.0615093789935799,0.1385810499332818,277.67588306240685,NORMAL,74.6,Low,SEED
2026-06-03 15:50:11,SEED-983,5161.149585005896,809.7305520645019,4.365683778493388,18.49276227718906,18817.875907230846,NORMAL,93.0,Medium,SEED
2026-06-03 16:00:11,SEED-984,1328.8795142774725,470.0733757049373,1.1470369571792691,0.035774817421111216,302.92942391581016,NORMAL,78.7,Low,SEED
2026-06-03 16:10:11,SEED-985,1413.0818720019056,480.3711625708828,1.0612056184839216,0.3877409000196934,289.5045099383195,NORMAL,71.5,Low,SEED
2026-06-03 16:20:11,SEED-986,1354.1872510486667,455.8442757732549,1.0814916176852536,0.16913743338454168,287.57264473490596,NORMAL,82.6,Low,SEED
2026-06-03 16:30:11,SEED-987,8999.885245300089,1171.8470653384065,8.262364810688798,332.4197528818031,57316.50487463177,FAULT,74.8,High,SEED
2026-06-03 16:40:11,SEED-988,1321.6890146635487,447.95693621508076,1.0747835571814774,0.07803511491137449,290.83588148909547,NORMAL,82.4,Low,SEED
2026-06-03 16:50:11,SEED-989,1371.2001316681362,463.1523921147064,1.1058891549087215,0.4733769954398648,294.3655173405533,NORMAL,94.8,Low,SEED
2026-06-03 17:00:11,SEED-990,1318.6388378658858,486.48504879385496,1.108872502147661,0.056027004786359136,299.369723433856,NORMAL,93.3,Low,SEED
2026-06-03 17:10:11,SEED-991,4907.425080400091,764.8248588355498,4.652452743452725,20.167835454186616,18755.173391282387,NORMAL,93.0,Medium,SEED
2026-06-03 17:20:11,SEED-992,1298.1478423351116,485.59981383508494,1.0714347154393036,0.2635555269856278,283.77603114597633,NORMAL,89.3,Low,SEED
2026-06-03 17:30:11,SEED-993,9204.557487188364,1138.7605497656314,8.127468279274106,165.51372877908966,62584.46716599006,FAULT,78.3,High,SEED
2026-06-03 17:40:11,SEED-994,1370.8544046502552,457.4051153367273,1.0963724003637616,0.6017738989506931,277.2191556159197,NORMAL,72.1,Low,SEED
2026-06-03 17:50:11,SEED-995,1367.658515847879,477.4313795000913,1.0664074763592375,0.12097759718202372,301.9932981203534,NORMAL,74.8,Low,SEED
2026-06-03 18:00:11,SEED-996,5212.881537015221,768.639538519203,4.389484209545437,45.48343515249485,18260.336033393716,NORMAL,93.0,Medium,SEED
2026-06-03 18:10:11,SEED-997,1294.9328998001092,468.71539993362484,1.0780762069309904,0.13960032053284888,286.2335477410563,NORMAL,88.1,Low,SEED
2026-06-03 18:20:11,SEED-998,1344.4252497780556,476.04540537140144,1.1269519932864815,0.45487200647187986,276.29550674791614,NORMAL,93.6,Low,SEED
2026-06-03 18:30:11,SEED-999,1404.617597751793,446.3804544659583,1.1219523374718867,0.5359639219288965,295.94148510509547,NORMAL,73.0,Low,SEED
2026-06-03 20:07:27,AUTO-TRB,3132.2,412.4,28.54,2.34,90.2,NORMAL,93.0,Low,AUTO
2026-06-03 20:09:28,AUTO-TRB,3416.4,532.4,29.13,1.763,71.6,NORMAL,93.0,Low,AUTO
2026-06-03 20:11:29,AUTO-TRB,3354.9,463.7,27.8,1.106,74.2,NORMAL,93.0,Low,AUTO
2026-06-03 20:13:30,AUTO-TRB,3507.6,473.7,24.01,2.088,89.3,NORMAL,93.0,Low,AUTO
2026-06-03 20:15:31,AUTO-TRB,3563.2,539.0,25.37,0.997,80.2,NORMAL,93.0,Low,AUTO
2026-06-03 20:17:32,AUTO-TRB,3527.6,468.0,29.03,0.525,94.4,NORMAL,93.0,Low,AUTO
2026-06-03 20:19:33,AUTO-TRB,3461.9,507.0,31.37,0.919,82.2,NORMAL,93.0,Low,AUTO
2026-06-03 20:21:54,AUTO-TRB,3580.4,458.1,28.85,2.779,87.5,NORMAL,93.0,Low,AUTO
2026-06-03 20:23:55,AUTO-TRB,3390.7,472.1,27.64,0.728,80.5,NORMAL,93.0,Low,AUTO
2026-06-03 20:25:56,AUTO-TRB,3386.9,498.5,27.44,2.125,82.3,NORMAL,93.0,Low,AUTO
2026-06-03 20:27:56,AUTO-TRB,2923.0,643.0,19.72,4.147,56.1,NORMAL,93.0,Low,AUTO
2026-06-03 20:29:57,AUTO-TRB,2977.7,577.5,23.89,3.911,66.4,NORMAL,93.0,Low,AUTO
2026-06-03 20:31:59,AUTO-TRB,3599.6,474.8,24.1,1.936,84.2,NORMAL,93.0,Low,AUTO
2026-06-03 20:34:00,AUTO-TRB,3281.5,468.1,27.51,1.171,84.7,NORMAL,93.0,Low,AUTO
2026-06-03 20:36:02,AUTO-TRB,3184.5,447.9,30.19,1.935,77.9,NORMAL,93.0,Low,AUTO
2026-06-03 20:38:03,AUTO-TRB,3403.8,474.5,25.77,1.54,86.3,NORMAL,93.0,Low,AUTO
2026-06-03 20:50:54,AUTO-TRB,3131.4,529.7,24.16,2.439,95.2,NORMAL,93.0,Low,AUTO
2026-06-03 20:52:55,AUTO-TRB,3234.6,453.6,25.35,1.891,78.2,NORMAL,93.0,Low,AUTO
2026-06-03 20:54:56,AUTO-TRB,2949.5,561.3,22.29,3.002,68.7,NORMAL,93.0,Low,AUTO
2026-06-03 20:56:56,AUTO-TRB,3108.3,518.7,27.47,1.681,95.7,NORMAL,93.0,Low,AUTO
2026-06-03 20:58:57,AUTO-TRB,3135.2,502.2,28.54,1.991,95.5,NORMAL,93.0,Low,AUTO
2026-06-03 21:00:58,AUTO-TRB,3512.8,547.6,31.34,1.884,85.2,NORMAL,93.0,Low,AUTO
2026-06-03 21:02:59,AUTO-TRB,3410.7,474.3,24.04,0.515,77.7,NORMAL,93.0,Low,AUTO
2026-06-03 21:05:00,AUTO-TRB,3317.4,451.0,24.71,1.308,96.5,NORMAL,93.0,Low,AUTO
2026-06-03 21:07:01,AUTO-TRB,3280.0,532.1,28.65,1.904,90.5,NORMAL,93.0,Low,AUTO
2026-06-03 21:09:02,AUTO-TRB,2970.9,604.4,18.14,4.755,51.0,NORMAL,93.0,Low,AUTO
2026-06-03 21:11:03,AUTO-TRB,3153.5,499.5,26.54,0.953,95.1,NORMAL,93.0,Low,AUTO
2026-06-03 21:13:03,AUTO-TRB,3586.2,451.1,28.33,0.767,71.8,NORMAL,93.0,Low,AUTO
2026-06-03 21:15:04,AUTO-TRB,2909.7,564.0,21.04,4.699,66.7,NORMAL,93.0,Low,AUTO
2026-06-03 21:17:05,AUTO-TRB,2817.7,585.0,23.61,3.271,68.2,NORMAL,93.0,Low,AUTO
2026-06-03 21:19:05,AUTO-TRB,3146.3,438.9,29.52,2.855,70.1,NORMAL,93.0,Low,AUTO
2026-06-03 21:21:06,AUTO-TRB,3507.2,546.5,29.2,1.164,84.6,NORMAL,93.0,Low,AUTO
2026-06-03 21:23:07,AUTO-TRB,3453.4,425.0,28.42,2.192,80.4,NORMAL,93.0,Low,AUTO
2026-06-03 21:25:08,AUTO-TRB,3564.4,501.9,25.81,2.915,71.7,NORMAL,93.0,Low,AUTO
2026-06-03 21:46:26,AUTO-TRB,3451.6,438.4,30.84,0.657,77.4,NORMAL,93.0,Low,AUTO
2026-06-03 21:48:27,AUTO-TRB,3229.7,535.1,24.75,2.863,97.7,NORMAL,93.0,Low,AUTO
2026-06-03 21:50:27,AUTO-TRB,3112.9,421.7,28.45,1.577,87.2,NORMAL,93.0,Low,AUTO
2026-06-03 21:52:28,AUTO-TRB,3517.0,484.1,24.21,2.07,90.8,NORMAL,93.0,Low,AUTO
2026-06-03 21:54:29,AUTO-TRB,3542.6,488.1,31.14,1.402,85.6,NORMAL,93.0,Low,AUTO
2026-06-03 21:56:29,AUTO-TRB,3395.3,523.8,25.0,1.476,76.2,NORMAL,93.0,Low,AUTO
2026-06-03 21:58:30,AUTO-TRB,3378.4,508.8,26.46,2.983,83.2,NORMAL,93.0,Low,AUTO
2026-06-03 22:00:31,AUTO-TRB,3180.9,419.3,27.5,1.381,92.2,NORMAL,93.0,Low,AUTO
2026-06-03 22:02:31,AUTO-TRB,3140.7,540.8,25.91,1.556,79.9,NORMAL,93.0,Low,AUTO
2026-06-03 22:04:32,AUTO-TRB,2861.4,569.2,22.19,4.796,65.1,NORMAL,93.0,Low,AUTO
2026-06-03 22:06:33,AUTO-TRB,3274.3,516.1,31.13,1.649,96.1,NORMAL,93.0,Low,AUTO
2026-06-03 22:15:16,AUTO-TRB,3471.9,448.1,29.38,1.677,74.4,NORMAL,93.0,Low,AUTO
2026-06-03 22:17:17,AUTO-TRB,3240.0,534.3,24.31,2.507,85.2,NORMAL,93.0,Low,AUTO
2026-06-03 22:19:17,AUTO-TRB,3298.8,556.6,30.66,2.703,91.2,NORMAL,93.0,Low,AUTO
2026-06-03 22:21:18,AUTO-TRB,3059.6,584.2,22.57,3.387,60.1,NORMAL,93.0,Low,AUTO
2026-06-03 22:23:19,AUTO-TRB,3266.8,460.4,25.73,2.653,72.2,NORMAL,93.0,Low,AUTO
2026-06-03 22:25:19,AUTO-TRB,3209.3,481.1,25.3,1.615,71.8,NORMAL,93.0,Low,AUTO
2026-06-03 22:27:20,AUTO-TRB,3229.2,531.1,30.88,1.135,70.5,NORMAL,93.0,Low,AUTO
2026-06-03 22:29:21,AUTO-TRB,3469.1,459.6,27.98,2.232,83.0,NORMAL,93.0,Low,AUTO
2026-06-03 22:31:22,AUTO-TRB,3439.8,514.5,26.92,2.865,91.5,NORMAL,93.0,Low,AUTO
2026-06-03 22:33:23,AUTO-TRB,3548.0,474.1,31.4,1.845,97.6,NORMAL,93.0,Low,AUTO
2026-06-03 22:35:23,AUTO-TRB,3408.8,401.9,27.73,1.429,75.2,NORMAL,93.0,Low,AUTO
2026-06-03 22:36:29,AUTO-TRB,3352.6,534.5,27.27,2.388,82.1,NORMAL,93.0,Low,AUTO
2026-06-03 22:38:40,AUTO-TRB,3147.2,457.8,26.5,2.003,75.4,NORMAL,93.0,Low,AUTO
2026-06-03 22:40:34,AUTO-TRB,3410.2,423.9,26.59,1.601,74.5,NORMAL,93.0,Low,AUTO
2026-06-03 22:44:42,AUTO-TRB,3130.0,512.9,31.28,2.035,70.2,NORMAL,93.0,Low,AUTO
2026-06-03 22:46:42,AUTO-TRB,3380.0,545.7,24.45,1.697,98.0,NORMAL,93.0,Low,AUTO
2026-06-03 22:48:43,AUTO-TRB,2958.2,618.2,20.17,4.742,55.3,NORMAL,93.0,Low,AUTO
2026-06-03 22:50:44,AUTO-TRB,2900.1,577.3,23.2,4.636,59.3,NORMAL,93.0,Low,AUTO
2026-06-03 22:52:44,AUTO-TRB,3525.5,556.6,30.52,2.159,71.3,NORMAL,93.0,Low,AUTO
