timestamp,machine_id,rpm,motor_power_kw,torque_nm,outlet_pressure_bar,air_flow_cfm,noise_db,outlet_temp_c,accel_x,accel_y,accel_z,h_accel_x,h_accel_y,h_accel_z,bearings,prediction,confidence,risk_level,source
2026-05-27 20:00:11,SEED-0,2786.105,13.829,45.885,8.585,314.462,70.697,88.496,0.227,0.123,0.016,0.021,0.142,0.033,0.344,NORMAL,79.7,Low,SEED
2026-05-27 20:10:11,SEED-1,2753.505,15.855,42.08,8.591,296.103,77.802,80.526,0.053,0.014,0.249,0.034,0.146,0.156,0.139,NORMAL,79.6,Low,SEED
2026-05-27 20:20:11,SEED-2,2879.01,14.198,52.952,6.364,305.844,69.787,82.021,0.037,0.024,0.096,0.093,0.176,0.086,0.132,NORMAL,70.1,Low,SEED
2026-05-27 20:30:11,SEED-3,2645.278,16.995,67.801,4.969,203.501,84.068,98.325,0.333,0.444,0.587,0.437,0.285,0.375,0.743,FAULT,74.3,High,SEED
2026-05-27 20:40:11,SEED-4,2775.237,12.538,36.274,7.494,319.996,70.18,76.684,0.218,0.166,0.133,0.029,0.151,0.108,0.133,NORMAL,74.1,Low,SEED
2026-05-27 20:50:11,SEED-5,2755.268,12.097,42.523,7.428,358.24,72.15,81.782,0.184,0.069,0.053,0.089,0.052,0.114,0.323,NORMAL,75.6,Low,SEED
2026-05-27 21:00:11,SEED-6,2806.248,15.369,42.196,6.993,292.583,72.378,79.386,0.105,0.221,0.018,0.114,0.061,0.013,0.36,NORMAL,74.8,Low,SEED
2026-05-27 21:10:11,SEED-7,3159.356,14.093,40.811,7.091,350.853,75.561,88.932,0.135,0.283,0.163,0.083,0.197,0.018,0.224,NORMAL,94.3,Low,SEED
2026-05-27 21:20:11,SEED-8,2710.743,13.577,39.27,6.531,290.326,75.218,77.207,0.074,0.084,0.039,0.171,0.079,0.036,0.316,NORMAL,92.6,Low,SEED
2026-05-27 21:30:11,SEED-9,3107.394,15.443,37.741,7.587,353.596,65.595,86.41,0.227,0.289,0.212,0.014,0.077,0.015,0.268,NORMAL,83.9,Low,SEED
2026-05-27 21:40:11,SEED-10,2601.763,16.596,67.318,4.379,273.961,83.541,104.735,0.551,0.529,0.557,0.383,0.478,0.417,0.736,FAULT,85.5,High,SEED
2026-05-27 21:50:11,SEED-11,2899.46,13.238,48.338,8.517,308.469,75.074,79.989,0.104,0.068,0.053,0.013,0.031,0.175,0.281,NORMAL,81.1,Low,SEED
2026-05-27 22:00:11,SEED-12,3159.62,14.446,49.653,6.629,290.172,65.638,79.636,0.226,0.171,0.112,0.182,0.063,0.02,0.223,NORMAL,86.5,Low,SEED
2026-05-27 22:10:11,SEED-13,2866.046,12.038,39.398,7.975,328.542,67.231,81.576,0.183,0.139,0.285,0.159,0.078,0.157,0.177,NORMAL,77.4,Low,SEED
2026-05-27 22:20:11,SEED-14,2624.58,16.846,56.251,5.214,211.89,80.517,103.883,0.347,0.314,0.319,0.215,0.473,0.403,0.66,FAULT,86.1,High,SEED
2026-05-27 22:30:11,SEED-15,2871.731,13.093,39.634,7.565,346.822,66.5,76.707,0.058,0.115,0.1,0.163,0.166,0.115,0.122,NORMAL,84.6,Low,SEED
2026-05-27 22:40:11,SEED-16,2946.341,13.779,50.95,7.38,317.334,67.431,85.106,0.125,0.012,0.266,0.047,0.162,0.109,0.264,NORMAL,90.3,Low,SEED
2026-05-27 22:50:11,SEED-17,2787.078,16.017,46.498,5.746,287.176,81.598,98.281,0.4,0.241,0.422,0.23,0.254,0.349,0.416,DEGRADED,91.0,Medium,SEED
2026-05-27 23:00:11,SEED-18,3061.204,12.819,50.751,6.158,320.717,65.907,81.203,0.135,0.099,0.261,0.064,0.126,0.115,0.351,NORMAL,89.5,Low,SEED
2026-05-27 23:10:11,SEED-19,2723.788,15.897,45.026,6.593,273.428,78.962,86.703,0.447,0.171,0.198,0.329,0.236,0.316,0.481,DEGRADED,91.0,Medium,SEED
2026-05-27 23:20:11,SEED-20,3053.825,14.873,37.275,8.442,332.754,67.552,76.123,0.012,0.143,0.194,0.037,0.159,0.105,0.349,NORMAL,73.1,Low,SEED
2026-05-27 23:30:11,SEED-21,2629.281,15.988,60.624,6.214,250.167,79.514,85.909,0.183,0.298,0.39,0.225,0.26,0.224,0.577,DEGRADED,91.0,Medium,SEED
2026-05-27 23:40:11,SEED-22,2956.558,15.144,38.145,7.1,347.92,76.703,82.383,0.07,0.244,0.087,0.06,0.103,0.116,0.123,NORMAL,75.4,Low,SEED
2026-05-27 23:50:11,SEED-23,2838.345,13.849,41.416,8.513,309.72,70.863,89.785,0.056,0.226,0.098,0.027,0.127,0.13,0.16,NORMAL,78.7,Low,SEED
2026-05-28 00:00:11,SEED-24,3148.002,14.059,36.546,6.42,297.836,70.938,80.127,0.218,0.181,0.205,0.145,0.105,0.16,0.177,NORMAL,74.9,Low,SEED
2026-05-28 00:10:11,SEED-25,2741.829,14.42,43.514,8.751,339.272,73.78,82.412,0.188,0.101,0.174,0.099,0.126,0.039,0.196,NORMAL,82.3,Low,SEED
2026-05-28 00:20:11,SEED-26,2949.503,14.507,59.972,5.178,315.834,71.593,84.587,0.432,0.202,0.448,0.302,0.284,0.128,0.274,DEGRADED,91.0,Medium,SEED
2026-05-28 00:30:11,SEED-27,3111.279,13.435,51.78,6.045,293.802,73.734,75.78,0.058,0.043,0.139,0.1,0.1,0.103,0.352,NORMAL,91.3,Low,SEED
2026-05-28 00:40:11,SEED-28,3094.013,12.27,42.397,7.865,330.534,76.631,76.619,0.038,0.243,0.261,0.196,0.105,0.121,0.135,NORMAL,73.9,Low,SEED
2026-05-28 00:50:11,SEED-29,2841.794,15.822,37.775,8.447,321.321,69.187,88.729,0.14,0.219,0.223,0.078,0.098,0.105,0.315,NORMAL,73.6,Low,SEED
2026-05-28 01:00:11,SEED-30,2816.685,13.037,46.937,6.206,298.203,66.139,81.391,0.16,0.201,0.193,0.179,0.065,0.153,0.12,NORMAL,90.3,Low,SEED
2026-05-28 01:10:11,SEED-31,2536.977,16.396,64.093,5.925,263.194,89.016,92.996,0.398,0.579,0.572,0.37,0.429,0.407,0.747,FAULT,92.1,High,SEED
2026-05-28 01:20:11,SEED-32,2690.032,16.516,59.483,6.538,294.934,77.369,87.47,0.192,0.375,0.334,0.229,0.349,0.297,0.29,DEGRADED,91.0,Medium,SEED
2026-05-28 01:30:11,SEED-33,2940.468,14.385,39.288,6.449,349.918,68.081,87.836,0.151,0.196,0.223,0.102,0.084,0.105,0.369,NORMAL,76.7,Low,SEED
2026-05-28 01:40:11,SEED-34,2856.012,15.721,43.829,8.795,290.134,73.53,85.299,0.29,0.116,0.156,0.062,0.052,0.04,0.229,NORMAL,86.7,Low,SEED
2026-05-28 01:50:11,SEED-35,2527.349,17.75,55.588,4.088,225.825,78.102,98.455,0.447,0.563,0.363,0.498,0.421,0.323,0.491,FAULT,76.5,High,SEED
2026-05-28 02:00:11,SEED-36,2524.441,16.361,57.736,5.699,232.895,87.628,97.078,0.415,0.509,0.345,0.44,0.36,0.231,0.62,FAULT,84.5,High,SEED
2026-05-28 02:10:11,SEED-37,2881.691,13.151,48.23,7.281,283.483,66.215,83.629,0.126,0.118,0.242,0.197,0.108,0.101,0.212,NORMAL,94.6,Low,SEED
2026-05-28 02:20:11,SEED-38,2928.244,15.355,60.255,7.47,294.661,79.067,89.759,0.387,0.292,0.287,0.148,0.151,0.143,0.262,DEGRADED,91.0,Medium,SEED
2026-05-28 02:30:11,SEED-39,3038.471,13.064,45.787,6.57,347.089,71.165,82.918,0.035,0.053,0.217,0.133,0.117,0.177,0.329,NORMAL,94.5,Low,SEED
2026-05-28 02:40:11,SEED-40,2562.523,17.896,64.622,4.04,238.324,85.269,107.665,0.595,0.366,0.303,0.24,0.438,0.415,0.505,FAULT,87.7,High,SEED
2026-05-28 02:50:11,SEED-41,3165.866,12.089,36.09,8.589,313.28,77.812,83.619,0.245,0.082,0.269,0.079,0.049,0.192,0.172,NORMAL,91.3,Low,SEED
2026-05-28 03:00:11,SEED-42,2809.405,12.344,48.505,8.751,289.552,74.78,83.196,0.176,0.257,0.21,0.079,0.139,0.189,0.235,NORMAL,72.0,Low,SEED
2026-05-28 03:10:11,SEED-43,2738.164,15.087,59.198,6.5,273.396,78.265,83.023,0.432,0.244,0.186,0.123,0.252,0.253,0.301,DEGRADED,91.0,Medium,SEED
2026-05-28 03:20:11,SEED-44,2863.164,15.418,56.808,5.16,265.558,76.96,88.272,0.352,0.442,0.253,0.136,0.214,0.272,0.48,DEGRADED,91.0,Medium,SEED
2026-05-28 03:30:11,SEED-45,3110.921,13.059,51.821,8.831,348.427,66.729,82.949,0.029,0.246,0.03,0.087,0.079,0.104,0.375,NORMAL,82.6,Low,SEED
2026-05-28 03:40:11,SEED-46,2949.12,13.766,53.544,7.705,286.095,74.178,75.111,0.171,0.058,0.143,0.05,0.035,0.136,0.302,NORMAL,77.3,Low,SEED
2026-05-28 03:50:11,SEED-47,2511.287,16.176,67.106,4.709,266.324,85.402,92.629,0.319,0.372,0.302,0.215,0.486,0.497,0.76,FAULT,75.3,High,SEED
2026-05-28 04:00:11,SEED-48,3159.828,14.119,46.252,8.264,292.009,74.047,78.057,0.039,0.032,0.222,0.147,0.111,0.147,0.102,NORMAL,91.4,Low,SEED
2026-05-28 04:10:11,SEED-49,2869.642,14.719,49.096,5.342,246.85,73.289,82.937,0.204,0.277,0.234,0.167,0.236,0.347,0.525,DEGRADED,91.0,Medium,SEED
2026-05-28 04:20:11,SEED-50,3059.339,13.461,51.638,6.191,345.689,77.384,85.337,0.246,0.023,0.187,0.03,0.149,0.175,0.107,NORMAL,71.3,Low,SEED
2026-05-28 04:30:11,SEED-51,2918.183,13.545,41.806,6.218,285.645,68.878,87.956,0.256,0.124,0.098,0.189,0.165,0.05,0.328,NORMAL,80.3,Low,SEED
2026-05-28 04:40:11,SEED-52,3197.286,13.43,39.513,6.055,280.508,70.509,77.205,0.227,0.092,0.059,0.015,0.101,0.183,0.239,NORMAL,79.4,Low,SEED
2026-05-28 04:50:11,SEED-53,2605.453,16.538,54.053,5.904,298.993,77.44,84.727,0.292,0.42,0.238,0.314,0.225,0.121,0.581,DEGRADED,91.0,Medium,SEED
2026-05-28 05:00:11,SEED-54,2778.553,14.242,50.358,6.306,301.717,78.024,95.373,0.403,0.187,0.172,0.179,0.247,0.287,0.267,DEGRADED,91.0,Medium,SEED
2026-05-28 05:10:11,SEED-55,2557.697,17.902,64.504,4.477,275.313,81.447,93.306,0.459,0.506,0.413,0.295,0.293,0.367,0.453,FAULT,87.4,High,SEED
2026-05-28 05:20:11,SEED-56,2672.264,16.631,48.12,6.165,245.591,79.701,84.234,0.222,0.335,0.287,0.16,0.243,0.312,0.438,DEGRADED,91.0,Medium,SEED
2026-05-28 05:30:11,SEED-57,2992.978,12.215,37.236,8.707,305.436,74.431,83.91,0.283,0.203,0.042,0.084,0.137,0.02,0.392,NORMAL,91.9,Low,SEED
2026-05-28 05:40:11,SEED-58,2743.989,13.252,49.764,6.167,294.146,73.709,77.734,0.129,0.267,0.186,0.07,0.101,0.02,0.281,NORMAL,82.3,Low,SEED
2026-05-28 05:50:11,SEED-59,2832.272,16.477,55.666,5.962,304.297,74.325,99.407,0.351,0.192,0.351,0.24,0.344,0.317,0.556,DEGRADED,91.0,Medium,SEED
2026-05-28 06:00:11,SEED-60,2944.747,15.157,36.776,8.012,308.386,65.387,86.812,0.075,0.258,0.046,0.041,0.041,0.108,0.346,NORMAL,75.5,Low,SEED
2026-05-28 06:10:11,SEED-61,3133.946,12.476,40.65,6.387,328.556,71.274,85.927,0.065,0.092,0.202,0.132,0.179,0.174,0.234,NORMAL,72.6,Low,SEED
2026-05-28 06:20:11,SEED-62,2951.399,12.213,45.522,7.892,322.684,73.604,83.629,0.195,0.179,0.074,0.129,0.175,0.146,0.328,NORMAL,73.1,Low,SEED
2026-05-28 06:30:11,SEED-63,3127.54,12.432,48.701,7.232,299.045,70.847,84.265,0.158,0.173,0.107,0.023,0.103,0.027,0.31,NORMAL,75.6,Low,SEED
2026-05-28 06:40:11,SEED-64,3169.174,12.572,42.862,6.019,291.804,65.118,86.788,0.145,0.117,0.198,0.103,0.081,0.056,0.19,NORMAL,87.5,Low,SEED
2026-05-28 06:50:11,SEED-65,2839.392,15.892,43.335,7.486,325.286,66.139,88.771,0.289,0.189,0.168,0.145,0.036,0.06,0.337,NORMAL,70.7,Low,SEED
2026-05-28 07:00:11,SEED-66,2813.247,14.237,37.655,6.693,357.721,71.171,88.567,0.131,0.218,0.241,0.075,0.032,0.127,0.288,NORMAL,87.6,Low,SEED
2026-05-28 07:10:11,SEED-67,2714.555,14.164,46.748,5.49,306.208,76.352,95.736,0.384,0.303,0.322,0.34,0.127,0.16,0.561,DEGRADED,91.0,Medium,SEED
2026-05-28 07:20:11,SEED-68,2975.677,15.686,44.679,6.985,310.078,72.431,81.373,0.169,0.224,0.263,0.152,0.104,0.086,0.352,NORMAL,85.0,Low,SEED
2026-05-28 07:30:11,SEED-69,2921.743,14.99,50.89,6.317,337.523,71.331,81.138,0.233,0.081,0.035,0.071,0.175,0.099,0.241,NORMAL,91.9,Low,SEED
2026-05-28 07:40:11,SEED-70,3063.92,12.591,35.112,8.976,350.577,76.104,83.892,0.275,0.044,0.264,0.175,0.19,0.143,0.373,NORMAL,72.6,Low,SEED
2026-05-28 07:50:11,SEED-71,2904.574,15.625,47.963,7.532,290.506,71.228,79.21,0.215,0.086,0.052,0.087,0.186,0.016,0.313,NORMAL,77.4,Low,SEED
2026-05-28 08:00:11,SEED-72,2940.61,13.141,46.279,8.956,308.924,66.321,81.192,0.127,0.157,0.156,0.2,0.181,0.031,0.317,NORMAL,77.2,Low,SEED
2026-05-28 08:10:11,SEED-73,2817.905,16.223,60.77,5.78,275.452,72.249,93.855,0.318,0.188,0.282,0.169,0.237,0.255,0.515,DEGRADED,91.0,Medium,SEED
2026-05-28 08:20:11,SEED-74,3021.832,12.605,37.443,7.536,304.708,68.995,76.33,0.18,0.276,0.035,0.136,0.072,0.078,0.356,NORMAL,84.0,Low,SEED
2026-05-28 08:30:11,SEED-75,2588.378,17.598,68.721,4.421,239.154,86.104,99.811,0.469,0.494,0.527,0.331,0.465,0.482,0.617,FAULT,87.2,High,SEED
2026-05-28 08:40:11,SEED-76,3055.558,14.336,39.922,7.107,324.398,67.087,86.941,0.096,0.247,0.044,0.144,0.036,0.129,0.11,NORMAL,75.9,Low,SEED
2026-05-28 08:50:11,SEED-77,2716.363,15.9,44.198,6.611,340.349,72.704,76.45,0.284,0.146,0.154,0.013,0.113,0.032,0.184,NORMAL,74.6,Low,SEED
2026-05-28 09:00:11,SEED-78,2767.346,14.09,36.41,7.349,318.814,68.226,83.465,0.185,0.152,0.203,0.148,0.173,0.172,0.397,NORMAL,88.1,Low,SEED
2026-05-28 09:10:11,SEED-79,2741.107,14.02,44.052,8.92,337.222,76.32,81.609,0.181,0.149,0.237,0.018,0.095,0.123,0.305,NORMAL,86.3,Low,SEED
2026-05-28 09:20:11,SEED-80,2687.461,16.291,67.457,4.561,270.62,78.727,109.536,0.395,0.486,0.387,0.341,0.262,0.491,0.614,FAULT,82.0,High,SEED
2026-05-28 09:30:11,SEED-81,3000.799,14.234,42.595,6.398,296.843,74.023,79.056,0.103,0.121,0.102,0.061,0.15,0.164,0.249,NORMAL,93.3,Low,SEED
2026-05-28 09:40:11,SEED-82,2727.731,12.103,50.869,6.585,340.246,71.858,87.3,0.065,0.234,0.176,0.065,0.05,0.011,0.383,NORMAL,89.2,Low,SEED
2026-05-28 09:50:11,SEED-83,2888.418,14.535,45.121,5.624,246.818,72.886,88.152,0.341,0.23,0.246,0.174,0.173,0.342,0.479,DEGRADED,91.0,Medium,SEED
2026-05-28 10:00:11,SEED-84,3031.642,15.902,48.723,6.002,302.482,71.484,78.151,0.298,0.014,0.285,0.172,0.192,0.151,0.246,NORMAL,82.1,Low,SEED
2026-05-28 10:10:11,SEED-85,2617.804,16.865,55.752,7.241,240.145,74.553,93.945,0.362,0.295,0.337,0.154,0.157,0.282,0.293,DEGRADED,91.0,Medium,SEED
2026-05-28 10:20:11,SEED-86,3034.18,13.123,52.861,6.213,320.299,70.204,86.246,0.167,0.102,0.127,0.127,0.086,0.118,0.347,NORMAL,91.6,Low,SEED
2026-05-28 10:30:11,SEED-87,3129.296,12.726,50.846,7.696,289.909,68.973,88.803,0.261,0.288,0.24,0.155,0.113,0.106,0.275,NORMAL,93.0,Low,SEED
2026-05-28 10:40:11,SEED-88,2555.22,16.79,57.989,4.56,248.36,87.454,104.899,0.447,0.402,0.509,0.457,0.261,0.38,0.713,FAULT,76.5,High,SEED
2026-05-28 10:50:11,SEED-89,2861.173,14.14,51.754,6.2,272.733,77.238,90.74,0.392,0.299,0.414,0.317,0.247,0.319,0.473,DEGRADED,91.0,Medium,SEED
2026-05-28 11:00:11,SEED-90,2804.342,12.184,40.353,6.354,351.935,66.617,86.869,0.249,0.125,0.074,0.126,0.071,0.14,0.158,NORMAL,89.0,Low,SEED
2026-05-28 11:10:11,SEED-91,3054.617,14.807,49.296,7.686,330.492,72.737,89.471,0.117,0.126,0.207,0.107,0.171,0.106,0.361,NORMAL,87.1,Low,SEED
2026-05-28 11:20:11,SEED-92,2749.058,15.862,42.886,6.132,345.04,67.396,76.541,0.242,0.269,0.046,0.131,0.041,0.17,0.302,NORMAL,75.1,Low,SEED
2026-05-28 11:30:11,SEED-93,2990.727,13.898,52.54,8.41,344.813,77.305,75.776,0.033,0.02,0.057,0.049,0.137,0.153,0.311,NORMAL,81.9,Low,SEED
2026-05-28 11:40:11,SEED-94,2852.115,16.912,53.378,5.949,262.311,83.39,99.992,0.307,0.397,0.426,0.292,0.106,0.279,0.319,DEGRADED,91.0,Medium,SEED
2026-05-28 11:50:11,SEED-95,2674.772,17.525,61.475,5.815,263.405,81.501,103.094,0.463,0.528,0.489,0.382,0.484,0.363,0.649,FAULT,77.0,High,SEED
2026-05-28 12:00:11,SEED-96,2628.136,16.138,63.801,5.754,234.536,87.549,96.872,0.437,0.49,0.321,0.32,0.215,0.415,0.682,FAULT,90.6,High,SEED
2026-05-28 12:10:11,SEED-97,2730.138,14.772,44.753,8.793,350.357,74.725,82.933,0.032,0.047,0.291,0.166,0.196,0.024,0.392,NORMAL,72.1,Low,SEED
2026-05-28 12:20:11,SEED-98,2607.474,17.673,66.195,4.653,259.036,79.815,108.37,0.507,0.361,0.406,0.223,0.346,0.38,0.442,FAULT,72.3,High,SEED
2026-05-28 12:30:11,SEED-99,2702.521,14.775,45.071,6.155,306.086,69.926,83.708,0.171,0.023,0.128,0.044,0.026,0.161,0.38,NORMAL,89.0,Low,SEED
2026-05-28 12:40:11,SEED-100,2778.48,15.245,42.434,7.764,281.381,66.197,85.777,0.179,0.154,0.126,0.059,0.129,0.194,0.324,NORMAL,91.9,Low,SEED
2026-05-28 12:50:11,SEED-101,2791.041,14.583,50.137,6.312,326.343,68.653,77.207,0.123,0.271,0.195,0.09,0.143,0.042,0.316,NORMAL,82.2,Low,SEED
2026-05-28 13:00:11,SEED-102,2930.486,15.819,39.496,6.34,282.802,74.254,82.286,0.148,0.232,0.213,0.097,0.146,0.187,0.178,NORMAL,91.2,Low,SEED
2026-05-28 13:10:11,SEED-103,3025.232,14.644,39.67,8.058,355.599,75.808,78.859,0.169,0.219,0.204,0.172,0.176,0.012,0.195,NORMAL,70.3,Low,SEED
2026-05-28 13:20:11,SEED-104,3052.302,13.841,41.061,6.301,294.371,69.873,81.943,0.033,0.077,0.253,0.127,0.023,0.147,0.346,NORMAL,87.1,Low,SEED
2026-05-28 13:30:11,SEED-105,2885.04,14.56,51.837,8.69,358.548,66.107,82.671,0.18,0.145,0.074,0.167,0.111,0.181,0.28,NORMAL,90.9,Low,SEED
2026-05-28 13:40:11,SEED-106,3082.277,13.063,39.043,6.995,289.796,77.275,82.242,0.226,0.296,0.064,0.072,0.081,0.062,0.102,NORMAL,87.8,Low,SEED
2026-05-28 13:50:11,SEED-107,3176.345,12.465,44.638,6.569,318.118,77.318,79.107,0.275,0.276,0.019,0.027,0.142,0.157,0.21,NORMAL,92.9,Low,SEED
2026-05-28 14:00:11,SEED-108,2502.323,16.603,56.597,4.908,248.861,85.412,96.543,0.368,0.489,0.538,0.431,0.221,0.384,0.429,FAULT,94.2,High,SEED
2026-05-28 14:10:11,SEED-109,2725.21,15.757,46.582,8.053,287.857,70.047,77.737,0.083,0.252,0.228,0.067,0.147,0.145,0.186,NORMAL,80.3,Low,SEED
2026-05-28 14:20:11,SEED-110,2684.66,14.38,60.362,5.045,291.096,75.012,89.358,0.401,0.403,0.438,0.269,0.203,0.168,0.275,DEGRADED,91.0,Medium,SEED
2026-05-28 14:30:11,SEED-111,2762.942,15.223,48.333,7.134,320.663,76.386,88.025,0.223,0.062,0.176,0.139,0.152,0.173,0.323,NORMAL,88.9,Low,SEED
2026-05-28 14:40:11,SEED-112,3069.978,15.145,45.308,7.928,300.928,72.079,84.809,0.18,0.162,0.102,0.082,0.031,0.056,0.377,NORMAL,89.7,Low,SEED
2026-05-28 14:50:11,SEED-113,2860.735,15.169,45.282,6.284,326.525,75.928,87.781,0.018,0.027,0.035,0.063,0.116,0.117,0.283,NORMAL,92.8,Low,SEED
2026-05-28 15:00:11,SEED-114,2925.129,15.171,49.62,6.642,307.891,83.646,93.396,0.227,0.179,0.217,0.343,0.274,0.215,0.422,DEGRADED,91.0,Medium,SEED
2026-05-28 15:10:11,SEED-115,2718.408,15.886,58.474,5.831,310.679,83.798,90.122,0.308,0.213,0.374,0.331,0.243,0.341,0.501,DEGRADED,91.0,Medium,SEED
2026-05-28 15:20:11,SEED-116,2801.089,16.523,47.568,6.479,292.147,75.299,87.734,0.298,0.427,0.205,0.158,0.28,0.219,0.423,DEGRADED,91.0,Medium,SEED
2026-05-28 15:30:11,SEED-117,2963.588,13.93,40.256,6.327,317.483,71.921,80.367,0.276,0.1,0.18,0.042,0.135,0.124,0.381,NORMAL,88.4,Low,SEED
2026-05-28 15:40:11,SEED-118,2829.145,14.518,52.535,8.362,289.867,66.997,81.036,0.247,0.179,0.106,0.083,0.014,0.064,0.237,NORMAL,85.9,Low,SEED
2026-05-28 15:50:11,SEED-119,2967.398,15.86,48.642,7.02,319.157,68.277,84.106,0.24,0.287,0.033,0.189,0.146,0.096,0.373,NORMAL,72.1,Low,SEED
2026-05-28 16:00:11,SEED-120,2796.367,15.213,37.703,7.638,350.524,65.787,79.539,0.299,0.068,0.102,0.04,0.053,0.132,0.272,NORMAL,72.4,Low,SEED
2026-05-28 16:10:11,SEED-121,2831.644,15.399,53.523,5.643,257.616,74.54,99.599,0.391,0.386,0.34,0.203,0.343,0.12,0.288,DEGRADED,91.0,Medium,SEED
2026-05-28 16:20:11,SEED-122,2891.345,13.835,46.662,7.748,354.672,68.436,80.045,0.118,0.11,0.238,0.017,0.077,0.166,0.391,NORMAL,75.7,Low,SEED
2026-05-28 16:30:11,SEED-123,2824.621,15.963,49.61,8.87,291.262,72.886,75.802,0.229,0.132,0.179,0.165,0.165,0.011,0.354,NORMAL,85.4,Low,SEED
2026-05-28 16:40:11,SEED-124,2796.811,12.991,53.305,6.062,313.913,75.214,88.145,0.2,0.207,0.243,0.153,0.158,0.017,0.337,NORMAL,85.0,Low,SEED
2026-05-28 16:50:11,SEED-125,2833.37,14.979,62.126,6.76,296.533,75.216,94.451,0.251,0.29,0.395,0.268,0.133,0.109,0.431,DEGRADED,91.0,Medium,SEED
2026-05-28 17:00:11,SEED-126,3191.103,12.281,36.87,8.544,285.698,72.885,75.114,0.039,0.026,0.083,0.196,0.103,0.08,0.356,NORMAL,80.7,Low,SEED
2026-05-28 17:10:11,SEED-127,2848.814,15.316,46.955,6.968,278.338,77.667,83.447,0.444,0.287,0.276,0.123,0.34,0.239,0.533,DEGRADED,91.0,Medium,SEED
2026-05-28 17:20:11,SEED-128,2801.911,15.363,55.026,6.955,291.8,77.949,90.038,0.284,0.425,0.282,0.246,0.251,0.214,0.503,DEGRADED,91.0,Medium,SEED
2026-05-28 17:30:11,SEED-129,2657.614,16.881,69.496,4.104,249.141,82.274,101.128,0.467,0.33,0.304,0.4,0.224,0.224,0.41,FAULT,74.9,High,SEED
2026-05-28 17:40:11,SEED-130,2908.728,12.978,35.542,8.141,300.46,77.809,83.931,0.038,0.175,0.077,0.115,0.027,0.147,0.122,NORMAL,76.3,Low,SEED
2026-05-28 17:50:11,SEED-131,2931.634,15.516,53.975,5.306,259.884,78.072,88.174,0.404,0.219,0.282,0.272,0.199,0.304,0.313,DEGRADED,91.0,Medium,SEED
2026-05-28 18:00:11,SEED-132,2729.409,15.803,51.908,7.846,325.6,72.371,86.285,0.012,0.266,0.152,0.177,0.034,0.153,0.356,NORMAL,87.1,Low,SEED
2026-05-28 18:10:11,SEED-133,2953.627,14.389,35.196,6.625,332.976,68.388,87.564,0.266,0.063,0.25,0.161,0.094,0.09,0.281,NORMAL,81.3,Low,SEED
2026-05-28 18:20:11,SEED-134,2623.56,17.211,59.357,4.8,270.789,86.087,101.601,0.495,0.53,0.424,0.25,0.248,0.384,0.562,FAULT,72.4,High,SEED
2026-05-28 18:30:11,SEED-135,3196.197,15.875,40.631,7.76,315.865,67.179,89.296,0.087,0.063,0.031,0.133,0.109,0.097,0.159,NORMAL,88.2,Low,SEED
2026-05-28 18:40:11,SEED-136,2750.868,12.868,51.455,6.513,356.15,71.107,75.209,0.218,0.167,0.293,0.163,0.042,0.045,0.352,NORMAL,83.8,Low,SEED
2026-05-28 18:50:11,SEED-137,2613.007,14.627,56.655,5.449,241.032,79.844,88.001,0.253,0.44,0.337,0.329,0.304,0.164,0.377,DEGRADED,91.0,Medium,SEED
2026-05-28 19:00:11,SEED-138,2755.32,15.635,45.755,6.436,288.966,70.586,79.76,0.04,0.276,0.048,0.043,0.069,0.118,0.217,NORMAL,82.2,Low,SEED
2026-05-28 19:10:11,SEED-139,3192.134,12.673,43.27,7.053,287.271,73.789,79.168,0.045,0.161,0.129,0.117,0.089,0.174,0.338,NORMAL,84.6,Low,SEED
2026-05-28 19:20:11,SEED-140,2797.131,12.91,35.688,8.145,346.383,75.85,76.017,0.149,0.249,0.081,0.058,0.021,0.104,0.169,NORMAL,86.1,Low,SEED
2026-05-28 19:30:11,SEED-141,2739.997,15.382,59.417,5.957,268.964,77.674,90.992,0.382,0.431,0.164,0.343,0.193,0.284,0.351,DEGRADED,91.0,Medium,SEED
2026-05-28 19:40:11,SEED-142,2857.67,12.921,35.337,7.24,343.245,66.278,81.947,0.125,0.122,0.035,0.164,0.158,0.06,0.314,NORMAL,92.7,Low,SEED
2026-05-28 19:50:11,SEED-143,2659.79,14.906,49.194,7.082,242.026,81.051,88.303,0.363,0.161,0.42,0.193,0.263,0.221,0.578,DEGRADED,91.0,Medium,SEED
2026-05-28 20:00:11,SEED-144,2876.448,12.144,54.345,8.451,281.139,67.143,88.951,0.154,0.048,0.04,0.124,0.06,0.014,0.205,NORMAL,83.8,Low,SEED
2026-05-28 20:10:11,SEED-145,2942.859,13.621,39.922,7.199,348.648,69.569,79.155,0.104,0.191,0.181,0.065,0.089,0.048,0.251,NORMAL,82.1,Low,SEED
2026-05-28 20:20:11,SEED-146,2808.684,15.297,53.897,6.427,247.306,74.876,92.461,0.162,0.369,0.282,0.192,0.158,0.26,0.437,DEGRADED,91.0,Medium,SEED
2026-05-28 20:30:11,SEED-147,2857.716,16.288,48.462,5.923,319.933,73.419,83.08,0.252,0.389,0.343,0.196,0.326,0.163,0.456,DEGRADED,91.0,Medium,SEED
2026-05-28 20:40:11,SEED-148,2756.18,15.38,44.784,6.294,292.989,73.622,82.243,0.065,0.116,0.064,0.1,0.157,0.023,0.397,NORMAL,78.7,Low,SEED
2026-05-28 20:50:11,SEED-149,3000.211,15.044,47.331,7.312,315.443,72.918,84.536,0.067,0.141,0.046,0.092,0.028,0.115,0.221,NORMAL,88.8,Low,SEED
2026-05-28 21:00:11,SEED-150,2794.868,15.59,42.728,6.855,354.264,69.963,75.859,0.129,0.178,0.15,0.084,0.178,0.128,0.274,NORMAL,74.3,Low,SEED
2026-05-28 21:10:11,SEED-151,3132.081,13.593,53.229,6.598,325.355,75.591,86.408,0.116,0.081,0.296,0.116,0.015,0.074,0.14,NORMAL,81.3,Low,SEED
2026-05-28 21:20:11,SEED-152,2759.985,12.271,46.688,8.324,355.405,72.777,75.887,0.247,0.253,0.041,0.033,0.061,0.023,0.176,NORMAL,76.6,Low,SEED
2026-05-28 21:30:11,SEED-153,2667.437,17.152,66.279,5.685,258.899,84.373,97.714,0.336,0.579,0.388,0.451,0.475,0.33,0.417,FAULT,93.1,High,SEED
2026-05-28 21:40:11,SEED-154,2819.405,15.902,60.971,5.467,309.427,78.535,89.774,0.439,0.233,0.39,0.14,0.276,0.151,0.466,DEGRADED,91.0,Medium,SEED
2026-05-28 21:50:11,SEED-155,2843.839,14.38,57.848,5.934,288.421,72.891,90.73,0.232,0.375,0.236,0.18,0.107,0.223,0.429,DEGRADED,91.0,Medium,SEED
2026-05-28 22:00:11,SEED-156,2839.117,15.527,41.377,7.168,359.942,65.95,75.508,0.213,0.103,0.24,0.084,0.089,0.104,0.39,NORMAL,77.5,Low,SEED
2026-05-28 22:10:11,SEED-157,2712.47,16.472,59.02,6.4,258.52,73.602,90.224,0.284,0.408,0.358,0.153,0.181,0.253,0.553,DEGRADED,91.0,Medium,SEED
2026-05-28 22:20:11,SEED-158,3113.165,13.697,48.53,7.196,325.681,68.998,88.744,0.012,0.279,0.145,0.086,0.062,0.07,0.265,NORMAL,90.8,Low,SEED
2026-05-28 22:30:11,SEED-159,2961.46,12.489,41.854,8.165,350.051,76.339,75.31,0.104,0.167,0.038,0.117,0.075,0.138,0.327,NORMAL,86.0,Low,SEED
2026-05-28 22:40:11,SEED-160,2989.201,15.803,51.285,6.289,340.163,70.509,82.547,0.274,0.21,0.043,0.029,0.178,0.114,0.275,NORMAL,70.9,Low,SEED
2026-05-28 22:50:11,SEED-161,2756.769,15.82,46.237,7.254,274.087,80.814,93.051,0.255,0.251,0.245,0.213,0.184,0.125,0.551,DEGRADED,91.0,Medium,SEED
2026-05-28 23:00:11,SEED-162,2829.19,16.786,59.529,6.581,267.137,78.672,86.786,0.19,0.173,0.432,0.341,0.119,0.236,0.479,DEGRADED,91.0,Medium,SEED
2026-05-28 23:10:11,SEED-163,2843.523,14.806,54.145,7.011,349.513,65.758,78.692,0.151,0.047,0.241,0.193,0.163,0.021,0.219,NORMAL,75.2,Low,SEED
2026-05-28 23:20:11,SEED-164,2698.792,14.139,53.699,6.651,307.188,77.3,83.309,0.182,0.255,0.406,0.161,0.168,0.218,0.527,DEGRADED,91.0,Medium,SEED
2026-05-28 23:30:11,SEED-165,2972.151,15.735,45.943,8.719,288.654,69.014,79.848,0.179,0.15,0.292,0.15,0.163,0.056,0.355,NORMAL,78.7,Low,SEED
2026-05-28 23:40:11,SEED-166,2845.686,15.205,40.553,6.172,340.435,73.967,79.191,0.105,0.234,0.212,0.051,0.156,0.144,0.251,NORMAL,79.4,Low,SEED
2026-05-28 23:50:11,SEED-167,2966.871,15.742,37.54,7.315,294.616,67.753,81.714,0.206,0.245,0.178,0.023,0.104,0.094,0.365,NORMAL,88.3,Low,SEED
2026-05-29 00:00:11,SEED-168,2943.389,13.507,40.204,8.36,340.25,77.876,82.259,0.081,0.075,0.177,0.19,0.168,0.078,0.215,NORMAL,87.8,Low,SEED
2026-05-29 00:10:11,SEED-169,2660.946,14.797,46.537,7.424,258.993,75.585,96.418,0.178,0.193,0.335,0.278,0.311,0.282,0.402,DEGRADED,91.0,Medium,SEED
2026-05-29 00:20:11,SEED-170,2664.082,17.195,61.538,5.962,241.586,84.241,105.139,0.389,0.393,0.577,0.493,0.453,0.377,0.632,FAULT,83.8,High,SEED
2026-05-29 00:30:11,SEED-171,3093.808,14.523,48.539,8.319,281.062,65.884,80.517,0.287,0.192,0.07,0.085,0.032,0.127,0.374,NORMAL,78.5,Low,SEED
2026-05-29 00:40:11,SEED-172,3191.81,12.406,48.949,7.315,340.321,72.529,87.823,0.157,0.166,0.126,0.118,0.171,0.047,0.161,NORMAL,77.5,Low,SEED
2026-05-29 00:50:11,SEED-173,2578.727,16.691,67.392,5.812,221.552,80.11,105.726,0.475,0.564,0.381,0.238,0.336,0.286,0.638,FAULT,84.9,High,SEED
2026-05-29 01:00:11,SEED-174,2675.056,14.283,48.298,7.27,254.352,76.42,82.872,0.199,0.397,0.364,0.209,0.329,0.111,0.276,DEGRADED,91.0,Medium,SEED
2026-05-29 01:10:11,SEED-175,2728.745,13.457,41.786,7.571,310.129,76.73,75.605,0.146,0.183,0.168,0.069,0.071,0.168,0.317,NORMAL,93.2,Low,SEED
2026-05-29 01:20:11,SEED-176,2979.56,13.716,36.633,6.513,327.66,75.873,83.07,0.165,0.212,0.067,0.193,0.193,0.025,0.118,NORMAL,74.4,Low,SEED
2026-05-29 01:30:11,SEED-177,2779.596,12.424,42.998,6.784,347.528,67.387,86.538,0.049,0.292,0.14,0.169,0.181,0.079,0.165,NORMAL,71.7,Low,SEED
2026-05-29 01:40:11,SEED-178,3031.855,15.049,44.191,8.878,300.225,69.19,80.909,0.076,0.204,0.161,0.162,0.065,0.136,0.324,NORMAL,86.1,Low,SEED
2026-05-29 01:50:11,SEED-179,2564.865,17.72,69.185,5.62,218.562,78.717,107.676,0.431,0.358,0.584,0.32,0.235,0.486,0.688,FAULT,89.3,High,SEED
2026-05-29 02:00:11,SEED-180,2862.461,15.629,42.294,8.388,318.001,71.994,88.97,0.222,0.281,0.288,0.04,0.099,0.109,0.348,NORMAL,82.9,Low,SEED
2026-05-29 02:10:11,SEED-181,2785.198,14.75,47.247,7.06,292.263,79.14,97.459,0.445,0.327,0.189,0.14,0.129,0.172,0.27,DEGRADED,91.0,Medium,SEED
2026-05-29 02:20:11,SEED-182,2774.305,15.444,43.377,8.95,331.619,69.326,86.427,0.052,0.202,0.095,0.041,0.072,0.154,0.101,NORMAL,89.6,Low,SEED
2026-05-29 02:30:11,SEED-183,2810.071,14.424,44.219,8.292,339.072,77.099,85.899,0.098,0.18,0.067,0.199,0.034,0.17,0.126,NORMAL,94.4,Low,SEED
2026-05-29 02:40:11,SEED-184,2911.925,15.618,57.617,7.01,315.099,79.522,84.955,0.283,0.396,0.166,0.124,0.247,0.14,0.541,DEGRADED,91.0,Medium,SEED
2026-05-29 02:50:11,SEED-185,3012.046,13.277,36.941,6.777,288.501,73.204,78.768,0.138,0.016,0.179,0.013,0.197,0.049,0.35,NORMAL,76.2,Low,SEED
2026-05-29 03:00:11,SEED-186,3035.059,12.747,47.116,7.992,330.521,75.93,87.059,0.11,0.212,0.213,0.177,0.034,0.104,0.342,NORMAL,79.8,Low,SEED
2026-05-29 03:10:11,SEED-187,2609.375,16.555,64.555,4.264,233.924,89.183,103.557,0.311,0.558,0.576,0.447,0.258,0.488,0.639,FAULT,72.3,High,SEED
2026-05-29 03:20:11,SEED-188,2882.041,13.784,47.49,7.702,307.962,74.686,77.428,0.041,0.257,0.296,0.068,0.014,0.135,0.165,NORMAL,70.1,Low,SEED
2026-05-29 03:30:11,SEED-189,2766.53,15.256,57.474,7.472,253.159,75.352,90.002,0.391,0.421,0.23,0.237,0.306,0.111,0.415,DEGRADED,91.0,Medium,SEED
2026-05-29 03:40:11,SEED-190,3131.42,15.181,38.543,8.102,351.401,70.916,78.277,0.032,0.081,0.161,0.092,0.105,0.194,0.142,NORMAL,83.5,Low,SEED
2026-05-29 03:50:11,SEED-191,3183.687,15.895,54.21,7.413,319.46,71.028,85.295,0.047,0.056,0.29,0.026,0.143,0.169,0.285,NORMAL,88.4,Low,SEED
2026-05-29 04:00:11,SEED-192,2627.148,15.767,56.669,5.336,305.519,76.012,88.217,0.41,0.383,0.434,0.202,0.309,0.165,0.416,DEGRADED,91.0,Medium,SEED
2026-05-29 04:10:11,SEED-193,3087.294,14.588,46.136,7.0,332.897,72.44,81.905,0.164,0.298,0.126,0.015,0.032,0.165,0.347,NORMAL,92.8,Low,SEED
2026-05-29 04:20:11,SEED-194,2533.163,16.392,66.372,5.342,256.129,87.557,95.722,0.466,0.316,0.314,0.284,0.282,0.278,0.591,FAULT,85.5,High,SEED
2026-05-29 04:30:11,SEED-195,2744.894,12.722,54.139,7.594,293.006,73.487,75.551,0.258,0.06,0.166,0.089,0.184,0.046,0.24,NORMAL,71.4,Low,SEED
2026-05-29 04:40:11,SEED-196,2566.164,17.817,66.27,5.365,258.464,81.334,106.902,0.43,0.411,0.482,0.478,0.358,0.369,0.607,FAULT,87.1,High,SEED
2026-05-29 04:50:11,SEED-197,2718.975,15.161,35.31,7.363,303.125,68.14,78.646,0.297,0.114,0.072,0.107,0.081,0.129,0.131,NORMAL,91.1,Low,SEED
2026-05-29 05:00:11,SEED-198,3170.918,14.134,49.684,7.72,332.994,75.427,78.541,0.032,0.233,0.239,0.028,0.151,0.064,0.215,NORMAL,85.9,Low,SEED
2026-05-29 05:10:11,SEED-199,2606.261,16.754,68.557,5.178,231.828,86.444,101.981,0.402,0.417,0.301,0.276,0.425,0.463,0.606,FAULT,79.0,High,SEED
2026-05-29 05:20:11,SEED-200,3147.43,13.405,35.412,6.226,350.825,69.01,79.782,0.146,0.267,0.248,0.122,0.076,0.156,0.2,NORMAL,82.1,Low,SEED
2026-05-29 05:30:11,SEED-201,3085.799,15.883,44.993,6.158,334.51,66.093,75.64,0.021,0.132,0.131,0.018,0.112,0.027,0.294,NORMAL,86.0,Low,SEED
2026-05-29 05:40:11,SEED-202,3087.384,15.559,53.283,8.976,337.948,70.584,85.168,0.11,0.038,0.191,0.174,0.176,0.185,0.154,NORMAL,76.4,Low,SEED
2026-05-29 05:50:11,SEED-203,2818.669,13.761,43.242,7.941,323.003,65.643,78.985,0.055,0.06,0.297,0.179,0.174,0.163,0.329,NORMAL,80.0,Low,SEED
2026-05-29 06:00:11,SEED-204,2787.766,16.952,50.522,7.273,282.968,71.853,95.158,0.342,0.397,0.227,0.244,0.189,0.203,0.404,DEGRADED,91.0,Medium,SEED
2026-05-29 06:10:11,SEED-205,3128.003,15.274,36.368,6.308,281.732,73.511,79.05,0.233,0.115,0.149,0.065,0.179,0.011,0.344,NORMAL,77.7,Low,SEED
2026-05-29 06:20:11,SEED-206,2924.577,12.448,40.381,7.801,303.466,68.046,80.365,0.04,0.129,0.14,0.083,0.157,0.171,0.153,NORMAL,92.1,Low,SEED
2026-05-29 06:30:11,SEED-207,2682.123,15.885,60.59,5.673,247.062,76.12,84.349,0.338,0.308,0.177,0.213,0.141,0.11,0.48,DEGRADED,91.0,Medium,SEED
2026-05-29 06:40:11,SEED-208,2812.317,15.394,47.954,5.486,285.331,81.313,83.891,0.335,0.421,0.395,0.25,0.221,0.332,0.407,DEGRADED,91.0,Medium,SEED
2026-05-29 06:50:11,SEED-209,2877.878,14.447,40.219,7.738,354.485,68.397,79.276,0.284,0.133,0.045,0.045,0.128,0.06,0.108,NORMAL,80.4,Low,SEED
2026-05-29 07:00:11,SEED-210,2929.222,15.379,46.137,8.649,293.909,75.416,83.406,0.288,0.154,0.237,0.193,0.026,0.109,0.11,NORMAL,73.1,Low,SEED
2026-05-29 07:10:11,SEED-211,2664.606,15.551,61.927,6.256,242.082,83.819,90.184,0.187,0.329,0.433,0.178,0.186,0.163,0.262,DEGRADED,91.0,Medium,SEED
2026-05-29 07:20:11,SEED-212,2882.998,14.094,58.211,7.269,263.369,78.231,96.829,0.238,0.379,0.287,0.281,0.27,0.328,0.282,DEGRADED,91.0,Medium,SEED
2026-05-29 07:30:11,SEED-213,2850.105,12.016,40.614,8.208,286.561,73.299,86.178,0.174,0.245,0.277,0.073,0.04,0.156,0.152,NORMAL,86.0,Low,SEED
2026-05-29 07:40:11,SEED-214,2862.928,13.864,54.877,8.236,295.166,72.864,76.231,0.284,0.283,0.189,0.057,0.133,0.053,0.132,NORMAL,74.0,Low,SEED
2026-05-29 07:50:11,SEED-215,2848.076,16.286,50.469,5.823,319.871,73.87,89.57,0.279,0.438,0.378,0.29,0.202,0.106,0.271,DEGRADED,91.0,Medium,SEED
2026-05-29 08:00:11,SEED-216,2866.546,15.556,53.913,5.496,319.507,80.699,83.412,0.388,0.397,0.302,0.157,0.143,0.283,0.506,DEGRADED,91.0,Medium,SEED
2026-05-29 08:10:11,SEED-217,2755.018,14.314,62.192,6.609,267.76,80.015,86.03,0.3,0.21,0.294,0.185,0.146,0.134,0.381,DEGRADED,91.0,Medium,SEED
2026-05-29 08:20:11,SEED-218,2606.295,16.383,55.233,4.746,204.368,82.792,99.956,0.521,0.436,0.383,0.302,0.27,0.349,0.765,FAULT,90.7,High,SEED
2026-05-29 08:30:11,SEED-219,2708.108,15.658,59.4,6.057,257.904,82.256,87.295,0.185,0.176,0.312,0.219,0.339,0.33,0.272,DEGRADED,91.0,Medium,SEED
2026-05-29 08:40:11,SEED-220,3139.877,15.528,54.121,7.293,353.534,77.172,82.089,0.247,0.205,0.292,0.066,0.042,0.122,0.332,NORMAL,90.5,Low,SEED
2026-05-29 08:50:11,SEED-221,3069.485,14.236,38.146,8.749,283.394,69.484,82.569,0.118,0.144,0.134,0.075,0.163,0.01,0.148,NORMAL,88.3,Low,SEED
2026-05-29 09:00:11,SEED-222,2627.183,16.83,51.404,5.987,247.613,75.676,87.225,0.437,0.283,0.341,0.342,0.286,0.187,0.256,DEGRADED,91.0,Medium,SEED
2026-05-29 09:10:11,SEED-223,3032.053,13.383,53.221,8.305,315.264,76.899,79.407,0.068,0.122,0.116,0.094,0.198,0.185,0.326,NORMAL,86.9,Low,SEED
2026-05-29 09:20:11,SEED-224,2928.454,14.785,51.548,7.009,352.915,65.552,82.676,0.222,0.224,0.044,0.196,0.199,0.087,0.248,NORMAL,88.0,Low,SEED
2026-05-29 09:30:11,SEED-225,2887.387,14.162,52.577,8.784,292.791,74.161,85.457,0.044,0.286,0.266,0.023,0.13,0.051,0.397,NORMAL,77.7,Low,SEED
2026-05-29 09:40:11,SEED-226,2500.808,16.313,69.418,5.1,226.805,85.831,100.624,0.3,0.54,0.454,0.234,0.48,0.347,0.711,FAULT,83.2,High,SEED
2026-05-29 09:50:11,SEED-227,2623.763,14.412,52.586,6.631,316.428,83.075,95.685,0.227,0.388,0.312,0.302,0.144,0.221,0.541,DEGRADED,91.0,Medium,SEED
2026-05-29 10:00:11,SEED-228,2964.816,14.57,37.214,7.697,288.396,69.675,79.697,0.226,0.292,0.093,0.199,0.143,0.067,0.263,NORMAL,86.4,Low,SEED
2026-05-29 10:10:11,SEED-229,2830.179,15.63,39.753,7.31,345.208,69.376,85.65,0.167,0.253,0.042,0.06,0.055,0.161,0.141,NORMAL,89.4,Low,SEED
2026-05-29 10:20:11,SEED-230,3144.483,13.975,44.192,7.018,310.444,76.261,81.392,0.18,0.18,0.085,0.03,0.061,0.098,0.342,NORMAL,72.8,Low,SEED
2026-05-29 10:30:11,SEED-231,2896.657,12.944,52.844,6.466,345.293,66.566,76.555,0.127,0.261,0.167,0.197,0.041,0.131,0.393,NORMAL,80.3,Low,SEED
2026-05-29 10:40:11,SEED-232,3105.135,12.295,45.491,8.345,344.256,76.973,83.986,0.153,0.23,0.136,0.026,0.102,0.03,0.141,NORMAL,91.6,Low,SEED
2026-05-29 10:50:11,SEED-233,3100.06,12.828,48.418,8.978,291.323,66.446,83.993,0.037,0.06,0.209,0.097,0.09,0.145,0.261,NORMAL,74.6,Low,SEED
2026-05-29 11:00:11,SEED-234,2773.454,14.732,50.404,5.266,267.456,83.402,86.777,0.295,0.376,0.302,0.316,0.181,0.116,0.322,DEGRADED,91.0,Medium,SEED
2026-05-29 11:10:11,SEED-235,2944.578,14.746,54.976,7.484,340.027,68.882,88.082,0.214,0.294,0.182,0.172,0.043,0.035,0.168,NORMAL,79.2,Low,SEED
2026-05-29 11:20:11,SEED-236,3073.411,14.108,52.068,7.616,301.759,75.052,81.174,0.271,0.125,0.28,0.041,0.163,0.083,0.179,NORMAL,89.2,Low,SEED
2026-05-29 11:30:11,SEED-237,3012.753,12.179,37.755,7.044,330.286,70.947,79.098,0.16,0.297,0.114,0.14,0.042,0.092,0.182,NORMAL,72.4,Low,SEED
2026-05-29 11:40:11,SEED-238,2703.691,15.522,45.659,7.493,322.463,77.332,86.416,0.238,0.235,0.272,0.185,0.141,0.118,0.355,NORMAL,93.5,Low,SEED
2026-05-29 11:50:11,SEED-239,2523.189,16.808,64.77,4.204,253.643,82.484,98.345,0.46,0.422,0.438,0.448,0.404,0.316,0.651,FAULT,73.6,High,SEED
2026-05-29 12:00:11,SEED-240,2617.969,16.457,61.161,4.048,261.175,83.186,106.814,0.496,0.513,0.55,0.298,0.395,0.435,0.785,FAULT,74.7,High,SEED
2026-05-29 12:10:11,SEED-241,3010.49,15.624,35.092,8.494,327.628,66.209,75.366,0.08,0.291,0.283,0.113,0.193,0.117,0.295,NORMAL,89.3,Low,SEED
2026-05-29 12:20:11,SEED-242,2844.757,15.238,40.804,6.094,352.933,71.336,84.804,0.017,0.129,0.254,0.032,0.061,0.068,0.13,NORMAL,90.1,Low,SEED
2026-05-29 12:30:11,SEED-243,2885.554,14.409,39.215,8.549,302.024,65.091,89.669,0.298,0.069,0.129,0.144,0.105,0.079,0.323,NORMAL,89.2,Low,SEED
2026-05-29 12:40:11,SEED-244,2701.372,14.043,53.96,6.867,285.125,77.269,88.777,0.041,0.179,0.282,0.093,0.064,0.062,0.288,NORMAL,83.8,Low,SEED
2026-05-29 12:50:11,SEED-245,3150.999,14.91,44.924,7.74,338.047,65.727,80.84,0.261,0.25,0.26,0.158,0.18,0.09,0.338,NORMAL,77.3,Low,SEED
2026-05-29 13:00:11,SEED-246,3117.893,14.265,53.146,7.137,350.624,67.041,87.122,0.265,0.228,0.079,0.082,0.098,0.18,0.124,NORMAL,91.5,Low,SEED
2026-05-29 13:10:11,SEED-247,3183.934,14.135,53.216,8.177,348.209,70.215,77.028,0.167,0.139,0.195,0.149,0.138,0.034,0.235,NORMAL,82.7,Low,SEED
2026-05-29 13:20:11,SEED-248,2779.88,15.061,43.908,8.641,321.318,68.492,77.129,0.012,0.041,0.12,0.14,0.194,0.083,0.265,NORMAL,93.2,Low,SEED
2026-05-29 13:30:11,SEED-249,2997.83,14.677,35.424,7.433,319.454,71.979,87.194,0.16,0.285,0.135,0.154,0.123,0.096,0.314,NORMAL,86.5,Low,SEED
2026-05-29 13:40:11,SEED-250,3092.707,13.119,39.747,8.475,284.193,74.819,79.164,0.19,0.089,0.014,0.15,0.189,0.034,0.213,NORMAL,75.5,Low,SEED
2026-05-29 13:50:11,SEED-251,2737.029,16.697,53.375,5.9,278.078,75.784,95.286,0.278,0.247,0.364,0.127,0.186,0.27,0.495,DEGRADED,91.0,Medium,SEED
2026-05-29 14:00:11,SEED-252,3032.84,14.519,49.607,6.061,349.135,73.461,75.155,0.254,0.23,0.219,0.104,0.08,0.186,0.285,NORMAL,74.5,Low,SEED
2026-05-29 14:10:11,SEED-253,2937.318,15.017,48.264,6.998,308.597,83.085,91.725,0.268,0.44,0.288,0.113,0.315,0.268,0.478,DEGRADED,91.0,Medium,SEED
2026-05-29 14:20:11,SEED-254,2540.062,16.023,59.981,4.654,234.095,86.376,106.034,0.348,0.353,0.334,0.298,0.356,0.449,0.732,FAULT,76.1,High,SEED
2026-05-29 14:30:11,SEED-255,2649.86,15.674,59.015,6.367,251.96,75.2,90.259,0.278,0.318,0.238,0.152,0.202,0.208,0.371,DEGRADED,91.0,Medium,SEED
2026-05-29 14:40:11,SEED-256,2632.781,15.255,46.857,6.62,289.945,82.474,93.956,0.303,0.344,0.259,0.167,0.173,0.278,0.453,DEGRADED,91.0,Medium,SEED
2026-05-29 14:50:11,SEED-257,2903.134,12.746,35.418,8.337,307.825,75.927,79.121,0.081,0.132,0.039,0.181,0.118,0.161,0.255,NORMAL,82.9,Low,SEED
2026-05-29 15:00:11,SEED-258,2677.297,16.147,63.392,4.379,210.265,78.971,102.731,0.444,0.521,0.309,0.442,0.224,0.466,0.796,FAULT,89.5,High,SEED
2026-05-29 15:10:11,SEED-259,3128.457,14.966,53.541,8.128,308.581,73.98,87.501,0.027,0.025,0.19,0.02,0.059,0.153,0.376,NORMAL,92.3,Low,SEED
2026-05-29 15:20:11,SEED-260,2730.559,14.117,60.383,6.005,290.448,81.319,98.598,0.187,0.353,0.186,0.259,0.196,0.131,0.329,DEGRADED,91.0,Medium,SEED
2026-05-29 15:30:11,SEED-261,3040.458,12.146,43.005,7.906,338.347,67.998,85.999,0.152,0.105,0.116,0.095,0.157,0.184,0.37,NORMAL,71.6,Low,SEED
2026-05-29 15:40:11,SEED-262,2835.023,14.046,47.563,7.73,290.48,66.529,78.74,0.081,0.213,0.232,0.107,0.013,0.172,0.131,NORMAL,88.3,Low,SEED
2026-05-29 15:50:11,SEED-263,3124.363,15.236,37.681,8.374,355.476,77.161,89.818,0.097,0.245,0.229,0.173,0.053,0.047,0.35,NORMAL,88.3,Low,SEED
2026-05-29 16:00:11,SEED-264,3187.139,13.324,51.734,8.252,300.248,73.415,76.743,0.21,0.189,0.123,0.061,0.069,0.117,0.341,NORMAL,85.6,Low,SEED
2026-05-29 16:10:11,SEED-265,2689.661,17.694,67.97,4.915,273.836,88.86,90.779,0.405,0.552,0.596,0.379,0.364,0.315,0.495,FAULT,77.7,High,SEED
2026-05-29 16:20:11,SEED-266,2832.556,14.283,39.575,7.313,351.737,77.513,82.756,0.178,0.286,0.111,0.11,0.015,0.092,0.17,NORMAL,70.1,Low,SEED
2026-05-29 16:30:11,SEED-267,2644.953,15.424,45.246,5.969,316.791,82.977,89.956,0.287,0.327,0.356,0.307,0.181,0.234,0.49,DEGRADED,91.0,Medium,SEED
2026-05-29 16:40:11,SEED-268,3045.828,13.643,47.693,7.974,281.414,74.605,80.436,0.14,0.223,0.016,0.068,0.075,0.18,0.113,NORMAL,72.1,Low,SEED
2026-05-29 16:50:11,SEED-269,3114.362,15.61,40.332,8.12,340.24,65.289,81.281,0.218,0.184,0.047,0.019,0.052,0.129,0.365,NORMAL,87.4,Low,SEED
2026-05-29 17:00:11,SEED-270,2615.773,16.07,60.414,4.477,242.315,83.784,109.193,0.489,0.334,0.442,0.433,0.31,0.332,0.732,FAULT,84.5,High,SEED
2026-05-29 17:10:11,SEED-271,2948.065,13.826,36.992,7.4,337.105,73.694,81.231,0.25,0.224,0.279,0.109,0.123,0.019,0.134,NORMAL,73.5,Low,SEED
2026-05-29 17:20:11,SEED-272,2726.444,12.64,35.246,8.849,295.42,67.439,88.349,0.108,0.014,0.292,0.058,0.135,0.047,0.341,NORMAL,82.3,Low,SEED
2026-05-29 17:30:11,SEED-273,2742.979,14.22,59.415,7.149,278.07,79.068,98.279,0.335,0.306,0.279,0.109,0.163,0.127,0.456,DEGRADED,91.0,Medium,SEED
2026-05-29 17:40:11,SEED-274,2823.019,12.478,37.46,6.055,314.789,66.965,89.542,0.294,0.127,0.274,0.174,0.012,0.018,0.373,NORMAL,78.4,Low,SEED
2026-05-29 17:50:11,SEED-275,2585.001,16.384,58.348,4.518,225.651,78.81,96.085,0.379,0.423,0.319,0.351,0.362,0.411,0.787,FAULT,91.7,High,SEED
2026-05-29 18:00:11,SEED-276,3171.567,13.524,40.338,6.975,313.63,66.453,78.908,0.184,0.245,0.054,0.025,0.032,0.138,0.103,NORMAL,83.1,Low,SEED
2026-05-29 18:10:11,SEED-277,2665.305,17.322,64.949,4.974,216.671,83.017,93.813,0.58,0.478,0.477,0.312,0.427,0.39,0.6,FAULT,89.5,High,SEED
2026-05-29 18:20:11,SEED-278,2724.627,14.031,61.169,5.931,242.959,73.932,93.084,0.28,0.428,0.283,0.291,0.25,0.25,0.43,DEGRADED,91.0,Medium,SEED
2026-05-29 18:30:11,SEED-279,2896.937,14.435,38.724,6.343,281.722,70.482,86.285,0.28,0.209,0.017,0.123,0.172,0.128,0.389,NORMAL,91.6,Low,SEED
2026-05-29 18:40:11,SEED-280,2605.388,14.672,56.463,5.253,288.667,77.513,98.273,0.396,0.341,0.348,0.193,0.208,0.24,0.331,DEGRADED,91.0,Medium,SEED
2026-05-29 18:50:11,SEED-281,3139.325,14.635,39.189,8.146,335.835,70.366,85.29,0.081,0.14,0.061,0.026,0.065,0.071,0.27,NORMAL,82.6,Low,SEED
2026-05-29 19:00:11,SEED-282,2929.164,12.939,52.955,7.532,308.175,72.002,85.238,0.058,0.084,0.054,0.07,0.061,0.123,0.326,NORMAL,86.3,Low,SEED
2026-05-29 19:10:11,SEED-283,2879.19,15.573,42.359,8.613,324.381,70.537,79.041,0.203,0.052,0.021,0.098,0.152,0.117,0.152,NORMAL,94.3,Low,SEED
2026-05-29 19:20:11,SEED-284,2770.517,15.835,40.441,7.579,284.077,69.986,82.165,0.102,0.234,0.259,0.106,0.147,0.198,0.15,NORMAL,75.2,Low,SEED
2026-05-29 19:30:11,SEED-285,3031.284,12.962,53.146,6.792,344.139,74.902,89.102,0.12,0.061,0.259,0.027,0.199,0.066,0.234,NORMAL,77.6,Low,SEED
2026-05-29 19:40:11,SEED-286,2804.113,13.725,52.698,7.864,311.584,77.138,79.851,0.273,0.116,0.08,0.04,0.104,0.096,0.26,NORMAL,81.3,Low,SEED
2026-05-29 19:50:11,SEED-287,2951.437,13.548,50.851,6.92,322.694,69.625,78.63,0.057,0.068,0.015,0.151,0.13,0.137,0.271,NORMAL,82.3,Low,SEED
2026-05-29 20:00:11,SEED-288,2639.953,17.521,56.264,4.816,236.754,87.103,103.927,0.506,0.462,0.454,0.379,0.328,0.223,0.589,FAULT,81.9,High,SEED
2026-05-29 20:10:11,SEED-289,2730.782,15.328,49.855,6.608,296.163,77.089,92.334,0.207,0.244,0.279,0.168,0.321,0.211,0.346,DEGRADED,91.0,Medium,SEED
2026-05-29 20:20:11,SEED-290,2837.674,13.304,52.374,6.252,356.935,70.135,76.668,0.269,0.115,0.215,0.075,0.169,0.141,0.289,NORMAL,86.6,Low,SEED
2026-05-29 20:30:11,SEED-291,2679.222,15.396,61.777,6.429,306.61,72.222,95.053,0.255,0.334,0.415,0.208,0.308,0.241,0.6,DEGRADED,91.0,Medium,SEED
2026-05-29 20:40:11,SEED-292,2782.718,14.509,48.915,7.25,258.187,82.56,87.847,0.185,0.353,0.416,0.235,0.195,0.338,0.384,DEGRADED,91.0,Medium,SEED
2026-05-29 20:50:11,SEED-293,2745.114,13.67,36.627,8.366,280.073,73.935,78.041,0.146,0.254,0.038,0.031,0.015,0.032,0.378,NORMAL,87.9,Low,SEED
2026-05-29 21:00:11,SEED-294,2520.189,16.585,69.967,4.066,228.442,80.725,104.815,0.31,0.404,0.386,0.413,0.336,0.46,0.484,FAULT,74.7,High,SEED
2026-05-29 21:10:11,SEED-295,2843.571,15.261,40.726,7.407,301.573,76.381,83.814,0.267,0.233,0.05,0.198,0.098,0.068,0.275,NORMAL,87.2,Low,SEED
2026-05-29 21:20:11,SEED-296,3040.445,13.324,36.229,8.726,281.045,72.522,80.886,0.063,0.098,0.048,0.062,0.141,0.101,0.145,NORMAL,72.4,Low,SEED
2026-05-29 21:30:11,SEED-297,3142.327,13.73,35.843,7.305,329.757,66.386,82.346,0.077,0.215,0.031,0.082,0.122,0.154,0.335,NORMAL,82.5,Low,SEED
2026-05-29 21:40:11,SEED-298,2736.64,12.364,51.902,7.492,327.749,76.487,88.078,0.046,0.252,0.251,0.068,0.111,0.096,0.375,NORMAL,93.0,Low,SEED
2026-05-29 21:50:11,SEED-299,3062.875,15.242,51.482,6.743,307.577,73.01,86.866,0.094,0.18,0.172,0.03,0.064,0.046,0.197,NORMAL,81.1,Low,SEED
2026-05-29 22:00:11,SEED-300,2706.953,16.147,56.862,7.371,285.419,74.27,96.729,0.419,0.16,0.278,0.137,0.19,0.171,0.549,DEGRADED,91.0,Medium,SEED
2026-05-29 22:10:11,SEED-301,2747.585,13.389,45.477,8.535,287.51,75.064,80.406,0.015,0.062,0.261,0.144,0.058,0.109,0.313,NORMAL,91.5,Low,SEED
2026-05-29 22:20:11,SEED-302,3191.885,12.003,43.506,8.007,326.093,68.679,83.743,0.072,0.277,0.29,0.127,0.069,0.151,0.253,NORMAL,89.4,Low,SEED
2026-05-29 22:30:11,SEED-303,3101.729,12.119,47.842,6.532,332.067,68.985,83.761,0.099,0.201,0.216,0.146,0.185,0.023,0.142,NORMAL,83.5,Low,SEED
2026-05-29 22:40:11,SEED-304,2930.459,14.64,43.231,8.866,357.253,73.408,77.497,0.295,0.142,0.165,0.155,0.098,0.087,0.275,NORMAL,89.3,Low,SEED
2026-05-29 22:50:11,SEED-305,2624.927,17.785,59.577,4.515,257.232,86.391,96.515,0.462,0.546,0.47,0.381,0.467,0.223,0.66,FAULT,74.1,High,SEED
2026-05-29 23:00:11,SEED-306,3082.787,15.151,37.427,6.656,339.332,70.333,75.979,0.07,0.233,0.136,0.108,0.019,0.13,0.39,NORMAL,76.8,Low,SEED
2026-05-29 23:10:11,SEED-307,2703.278,13.703,42.957,7.974,313.845,76.021,85.45,0.15,0.082,0.221,0.142,0.16,0.059,0.387,NORMAL,82.9,Low,SEED
2026-05-29 23:20:11,SEED-308,3021.569,14.725,40.178,8.415,291.686,71.979,85.691,0.088,0.249,0.141,0.156,0.087,0.129,0.267,NORMAL,92.6,Low,SEED
2026-05-29 23:30:11,SEED-309,3051.532,15.74,36.818,7.515,352.856,66.742,81.286,0.064,0.079,0.194,0.016,0.027,0.189,0.399,NORMAL,88.8,Low,SEED
2026-05-29 23:40:11,SEED-310,2844.078,15.09,58.524,5.238,258.799,72.362,90.294,0.172,0.402,0.236,0.144,0.156,0.244,0.362,DEGRADED,91.0,Medium,SEED
2026-05-29 23:50:11,SEED-311,3070.563,14.808,50.98,7.007,288.826,75.857,83.055,0.144,0.101,0.074,0.077,0.185,0.191,0.191,NORMAL,74.6,Low,SEED
2026-05-30 00:00:11,SEED-312,2889.78,14.29,55.126,7.277,307.921,78.479,83.066,0.263,0.297,0.387,0.134,0.173,0.269,0.386,DEGRADED,91.0,Medium,SEED
2026-05-30 00:10:11,SEED-313,2658.352,17.44,65.478,5.282,250.916,87.462,90.391,0.43,0.315,0.468,0.371,0.263,0.411,0.673,FAULT,83.1,High,SEED
2026-05-30 00:20:11,SEED-314,2874.85,13.029,47.038,7.634,286.685,66.625,85.273,0.058,0.146,0.287,0.171,0.127,0.075,0.101,NORMAL,73.5,Low,SEED
2026-05-30 00:30:11,SEED-315,3145.497,15.558,37.809,8.457,347.371,72.081,81.926,0.272,0.23,0.059,0.08,0.021,0.177,0.251,NORMAL,92.4,Low,SEED
2026-05-30 00:40:11,SEED-316,2863.547,15.87,57.585,6.14,246.279,81.108,90.111,0.411,0.321,0.301,0.25,0.15,0.322,0.264,DEGRADED,91.0,Medium,SEED
2026-05-30 00:50:11,SEED-317,3138.656,15.933,51.909,8.441,354.084,77.476,83.503,0.012,0.133,0.186,0.025,0.021,0.054,0.377,NORMAL,81.2,Low,SEED
2026-05-30 01:00:11,SEED-318,2823.984,14.004,59.587,7.039,251.716,74.884,98.839,0.314,0.198,0.441,0.301,0.191,0.132,0.524,DEGRADED,91.0,Medium,SEED
2026-05-30 01:10:11,SEED-319,3052.752,12.411,40.501,8.955,304.845,75.552,77.22,0.284,0.015,0.061,0.013,0.034,0.045,0.203,NORMAL,86.2,Low,SEED
2026-05-30 01:20:11,SEED-320,2724.995,15.243,46.665,6.683,303.29,83.179,89.946,0.178,0.369,0.251,0.308,0.2,0.308,0.473,DEGRADED,91.0,Medium,SEED
2026-05-30 01:30:11,SEED-321,2926.259,15.923,36.735,6.997,340.407,77.476,86.042,0.282,0.103,0.278,0.047,0.066,0.041,0.311,NORMAL,78.3,Low,SEED
2026-05-30 01:40:11,SEED-322,2850.714,14.5,41.302,7.129,339.693,70.013,84.42,0.276,0.012,0.228,0.082,0.053,0.114,0.329,NORMAL,80.5,Low,SEED
2026-05-30 01:50:11,SEED-323,2574.234,17.041,62.531,5.502,248.211,83.538,106.083,0.544,0.303,0.576,0.21,0.392,0.398,0.647,FAULT,83.5,High,SEED
2026-05-30 02:00:11,SEED-324,2811.74,13.028,48.663,7.894,349.779,77.833,86.318,0.177,0.029,0.082,0.195,0.086,0.012,0.264,NORMAL,79.5,Low,SEED
2026-05-30 02:10:11,SEED-325,2869.211,16.025,50.587,6.591,291.925,72.677,86.425,0.447,0.247,0.314,0.107,0.134,0.138,0.356,DEGRADED,91.0,Medium,SEED
2026-05-30 02:20:11,SEED-326,3031.243,14.254,47.125,8.789,321.305,65.373,80.036,0.039,0.014,0.039,0.158,0.049,0.192,0.19,NORMAL,93.4,Low,SEED
2026-05-30 02:30:11,SEED-327,3111.859,13.673,51.239,7.329,331.096,67.848,81.73,0.047,0.179,0.111,0.065,0.141,0.014,0.132,NORMAL,91.2,Low,SEED
2026-05-30 02:40:11,SEED-328,2651.893,14.833,61.586,5.348,289.967,73.5,99.395,0.35,0.167,0.418,0.172,0.26,0.26,0.36,DEGRADED,91.0,Medium,SEED
2026-05-30 02:50:11,SEED-329,3088.84,14.328,47.716,8.997,322.903,74.99,75.379,0.057,0.27,0.096,0.146,0.17,0.161,0.355,NORMAL,83.7,Low,SEED
2026-05-30 03:00:11,SEED-330,2635.54,16.817,57.291,5.231,275.877,78.58,87.309,0.393,0.443,0.237,0.167,0.148,0.293,0.37,DEGRADED,91.0,Medium,SEED
2026-05-30 03:10:11,SEED-331,2705.458,15.475,39.898,6.661,328.703,74.702,83.954,0.135,0.108,0.106,0.016,0.095,0.072,0.341,NORMAL,87.8,Low,SEED
2026-05-30 03:20:11,SEED-332,2820.635,13.365,39.788,6.922,295.659,68.674,81.665,0.263,0.094,0.142,0.181,0.141,0.016,0.269,NORMAL,79.9,Low,SEED
2026-05-30 03:30:11,SEED-333,2625.405,14.379,56.83,5.763,274.488,71.977,83.53,0.207,0.177,0.298,0.294,0.306,0.207,0.539,DEGRADED,91.0,Medium,SEED
2026-05-30 03:40:11,SEED-334,2613.768,15.837,46.053,5.901,316.722,80.415,90.364,0.188,0.345,0.207,0.332,0.276,0.168,0.546,DEGRADED,91.0,Medium,SEED
2026-05-30 03:50:11,SEED-335,3082.228,13.949,44.431,7.338,318.262,69.96,86.637,0.191,0.066,0.153,0.04,0.104,0.089,0.333,NORMAL,83.1,Low,SEED
2026-05-30 04:00:11,SEED-336,3077.292,15.001,44.875,6.301,316.744,73.362,84.051,0.1,0.219,0.016,0.199,0.026,0.12,0.314,NORMAL,79.0,Low,SEED
2026-05-30 04:10:11,SEED-337,2592.89,17.327,58.168,5.4,243.919,80.765,106.769,0.435,0.451,0.409,0.49,0.201,0.48,0.546,FAULT,94.7,High,SEED
2026-05-30 04:20:11,SEED-338,2645.43,14.856,48.119,6.607,256.677,83.003,93.185,0.196,0.38,0.266,0.166,0.324,0.216,0.256,DEGRADED,91.0,Medium,SEED
2026-05-30 04:30:11,SEED-339,2659.531,14.312,48.106,5.905,281.374,72.098,98.196,0.218,0.41,0.195,0.171,0.125,0.3,0.324,DEGRADED,91.0,Medium,SEED
2026-05-30 04:40:11,SEED-340,2854.664,16.879,59.361,7.078,298.881,74.351,86.632,0.263,0.26,0.396,0.296,0.125,0.221,0.42,DEGRADED,91.0,Medium,SEED
2026-05-30 04:50:11,SEED-341,2841.687,16.747,45.394,6.401,287.594,75.248,88.135,0.341,0.424,0.232,0.224,0.246,0.171,0.411,DEGRADED,91.0,Medium,SEED
2026-05-30 05:00:11,SEED-342,2890.522,13.52,41.977,8.433,283.097,76.007,80.257,0.059,0.189,0.065,0.109,0.116,0.183,0.319,NORMAL,94.0,Low,SEED
2026-05-30 05:10:11,SEED-343,2912.244,14.307,43.2,8.201,303.908,73.292,88.117,0.181,0.157,0.091,0.049,0.11,0.178,0.34,NORMAL,81.4,Low,SEED
2026-05-30 05:20:11,SEED-344,2934.122,12.926,54.945,6.67,295.614,71.096,78.742,0.051,0.085,0.196,0.135,0.178,0.161,0.306,NORMAL,82.2,Low,SEED
2026-05-30 05:30:11,SEED-345,3177.617,14.685,48.902,6.173,336.279,75.286,88.086,0.173,0.084,0.171,0.03,0.121,0.188,0.364,NORMAL,89.5,Low,SEED
2026-05-30 05:40:11,SEED-346,2713.893,15.754,49.078,8.583,321.736,72.483,79.771,0.229,0.243,0.077,0.068,0.066,0.04,0.222,NORMAL,75.3,Low,SEED
2026-05-30 05:50:11,SEED-347,2769.79,14.511,50.346,6.982,330.184,66.759,85.588,0.033,0.013,0.13,0.113,0.12,0.067,0.303,NORMAL,94.7,Low,SEED
2026-05-30 06:00:11,SEED-348,3197.098,15.048,37.895,8.015,347.338,73.669,78.299,0.203,0.199,0.096,0.103,0.032,0.135,0.346,NORMAL,79.0,Low,SEED
2026-05-30 06:10:11,SEED-349,2626.837,14.342,59.814,5.115,245.05,79.195,92.285,0.179,0.36,0.361,0.17,0.212,0.274,0.265,DEGRADED,91.0,Medium,SEED
2026-05-30 06:20:11,SEED-350,2875.31,12.416,50.287,7.054,294.094,74.222,83.153,0.027,0.25,0.138,0.186,0.012,0.086,0.353,NORMAL,92.0,Low,SEED
2026-05-30 06:30:11,SEED-351,3095.933,12.655,40.647,6.449,356.128,65.949,76.294,0.135,0.079,0.263,0.116,0.04,0.068,0.395,NORMAL,94.1,Low,SEED
2026-05-30 06:40:11,SEED-352,2917.151,13.808,39.219,8.69,307.671,65.359,75.742,0.282,0.064,0.101,0.124,0.023,0.199,0.399,NORMAL,81.5,Low,SEED
2026-05-30 06:50:11,SEED-353,2863.98,12.952,53.785,6.366,280.441,68.179,75.821,0.218,0.1,0.059,0.192,0.115,0.039,0.161,NORMAL,79.2,Low,SEED
2026-05-30 07:00:11,SEED-354,2840.414,13.279,36.179,8.669,303.042,66.839,83.58,0.18,0.147,0.221,0.165,0.095,0.099,0.14,NORMAL,84.7,Low,SEED
2026-05-30 07:10:11,SEED-355,2954.022,14.203,50.884,6.11,336.502,74.394,82.969,0.117,0.077,0.057,0.144,0.034,0.027,0.19,NORMAL,73.3,Low,SEED
2026-05-30 07:20:11,SEED-356,2725.106,15.959,35.466,8.412,335.443,65.0,84.414,0.181,0.078,0.133,0.087,0.107,0.193,0.296,NORMAL,70.6,Low,SEED
2026-05-30 07:30:11,SEED-357,3175.879,15.181,48.541,6.849,292.379,66.309,76.872,0.28,0.168,0.097,0.179,0.123,0.082,0.331,NORMAL,75.5,Low,SEED
2026-05-30 07:40:11,SEED-358,3048.059,14.985,46.706,7.108,334.071,66.069,76.648,0.108,0.071,0.15,0.168,0.061,0.059,0.212,NORMAL,93.8,Low,SEED
2026-05-30 07:50:11,SEED-359,2807.208,12.547,37.512,7.741,302.408,74.456,81.383,0.103,0.274,0.118,0.139,0.186,0.153,0.264,NORMAL,88.0,Low,SEED
2026-05-30 08:00:11,SEED-360,3052.955,14.814,54.601,7.98,330.514,73.24,77.113,0.209,0.272,0.232,0.117,0.014,0.03,0.354,NORMAL,76.5,Low,SEED
2026-05-30 08:10:11,SEED-361,2578.864,16.364,57.136,5.81,218.148,80.247,100.793,0.498,0.524,0.595,0.455,0.242,0.329,0.755,FAULT,72.7,High,SEED
2026-05-30 08:20:11,SEED-362,2903.002,14.035,46.271,6.776,325.184,69.939,75.105,0.027,0.124,0.042,0.092,0.155,0.082,0.286,NORMAL,79.2,Low,SEED
2026-05-30 08:30:11,SEED-363,2933.484,14.788,52.864,5.213,290.317,81.75,83.475,0.41,0.404,0.243,0.253,0.169,0.132,0.554,DEGRADED,91.0,Medium,SEED
2026-05-30 08:40:11,SEED-364,2616.871,15.742,59.319,6.435,309.909,80.424,88.045,0.303,0.213,0.209,0.325,0.339,0.195,0.556,DEGRADED,91.0,Medium,SEED
2026-05-30 08:50:11,SEED-365,2748.228,15.59,48.82,6.441,269.145,76.26,98.254,0.194,0.34,0.386,0.136,0.244,0.223,0.582,DEGRADED,91.0,Medium,SEED
2026-05-30 09:00:11,SEED-366,2554.336,17.2,66.285,5.546,263.188,80.365,96.131,0.33,0.436,0.568,0.437,0.366,0.247,0.766,FAULT,86.7,High,SEED
2026-05-30 09:10:11,SEED-367,2770.046,13.805,54.601,6.003,345.648,71.322,82.707,0.266,0.187,0.104,0.143,0.111,0.019,0.167,NORMAL,87.9,Low,SEED
2026-05-30 09:20:11,SEED-368,2702.056,15.54,56.516,5.189,265.356,78.71,95.073,0.304,0.297,0.172,0.292,0.112,0.262,0.405,DEGRADED,91.0,Medium,SEED
2026-05-30 09:30:11,SEED-369,3127.674,12.785,42.662,7.426,348.304,67.122,78.083,0.047,0.138,0.3,0.073,0.118,0.092,0.291,NORMAL,70.1,Low,SEED
2026-05-30 09:40:11,SEED-370,2782.3,13.842,39.903,8.222,331.365,75.071,77.538,0.277,0.02,0.092,0.16,0.113,0.038,0.303,NORMAL,89.0,Low,SEED
2026-05-30 09:50:11,SEED-371,2719.411,14.968,49.693,6.342,311.264,65.075,85.605,0.048,0.187,0.241,0.103,0.13,0.029,0.223,NORMAL,81.2,Low,SEED
2026-05-30 10:00:11,SEED-372,2640.202,14.408,48.334,5.242,244.521,75.38,90.514,0.385,0.406,0.252,0.241,0.201,0.245,0.312,DEGRADED,91.0,Medium,SEED
2026-05-30 10:10:11,SEED-373,2791.931,13.818,52.474,6.644,355.897,69.007,75.755,0.123,0.138,0.079,0.093,0.038,0.019,0.129,NORMAL,93.7,Low,SEED
2026-05-30 10:20:11,SEED-374,2771.906,14.796,60.377,7.126,300.647,81.876,83.775,0.288,0.447,0.183,0.167,0.202,0.187,0.254,DEGRADED,91.0,Medium,SEED
2026-05-30 10:30:11,SEED-375,2732.712,14.986,36.887,6.629,326.541,67.613,87.677,0.161,0.238,0.241,0.02,0.158,0.193,0.327,NORMAL,89.8,Low,SEED
2026-05-30 10:40:11,SEED-376,2942.215,14.655,53.052,7.449,291.082,75.486,87.214,0.233,0.161,0.261,0.326,0.213,0.268,0.458,DEGRADED,91.0,Medium,SEED
2026-05-30 10:50:11,SEED-377,2761.732,14.586,46.055,7.983,299.393,66.465,75.926,0.191,0.197,0.093,0.073,0.142,0.121,0.322,NORMAL,75.8,Low,SEED
2026-05-30 11:00:11,SEED-378,2743.752,12.738,37.819,6.482,309.532,71.946,88.542,0.251,0.026,0.148,0.181,0.13,0.145,0.282,NORMAL,90.8,Low,SEED
2026-05-30 11:10:11,SEED-379,2630.256,16.588,59.448,4.953,225.336,83.927,98.528,0.367,0.503,0.495,0.481,0.284,0.363,0.412,FAULT,77.4,High,SEED
2026-05-30 11:20:11,SEED-380,3016.061,14.409,39.208,8.325,304.838,68.091,76.72,0.092,0.011,0.233,0.199,0.034,0.077,0.176,NORMAL,94.1,Low,SEED
2026-05-30 11:30:11,SEED-381,2834.754,16.802,50.475,7.352,306.398,78.152,89.016,0.284,0.287,0.271,0.336,0.265,0.245,0.454,DEGRADED,91.0,Medium,SEED
2026-05-30 11:40:11,SEED-382,2639.221,15.282,49.718,6.802,269.418,77.86,86.053,0.179,0.376,0.195,0.119,0.189,0.322,0.598,DEGRADED,91.0,Medium,SEED
2026-05-30 11:50:11,SEED-383,2899.39,14.264,53.49,7.937,352.987,71.921,82.51,0.122,0.198,0.131,0.063,0.112,0.076,0.238,NORMAL,74.3,Low,SEED
2026-05-30 12:00:11,SEED-384,2632.063,17.078,60.877,4.572,213.939,86.816,103.498,0.32,0.454,0.594,0.36,0.287,0.375,0.424,FAULT,93.7,High,SEED
2026-05-30 12:10:11,SEED-385,2699.658,14.837,53.811,6.728,246.455,81.341,99.66,0.352,0.322,0.214,0.304,0.13,0.344,0.374,DEGRADED,91.0,Medium,SEED
2026-05-30 12:20:11,SEED-386,3146.697,15.231,48.913,8.181,302.19,75.927,85.58,0.259,0.256,0.055,0.113,0.168,0.176,0.266,NORMAL,90.0,Low,SEED
2026-05-30 12:30:11,SEED-387,2627.547,17.245,55.843,4.657,213.943,80.476,93.575,0.34,0.492,0.331,0.414,0.427,0.229,0.708,FAULT,80.6,High,SEED
2026-05-30 12:40:11,SEED-388,2603.114,15.785,57.144,6.171,310.977,83.164,93.443,0.225,0.422,0.279,0.315,0.287,0.143,0.398,DEGRADED,91.0,Medium,SEED
2026-05-30 12:50:11,SEED-389,2940.247,14.622,42.367,6.391,319.724,74.104,76.863,0.186,0.218,0.135,0.107,0.118,0.056,0.223,NORMAL,74.6,Low,SEED
2026-05-30 13:00:11,SEED-390,2928.895,12.924,37.919,7.096,319.802,68.189,83.208,0.278,0.224,0.083,0.094,0.116,0.052,0.31,NORMAL,77.8,Low,SEED
2026-05-30 13:10:11,SEED-391,2777.405,15.025,52.927,6.221,275.967,82.526,94.473,0.379,0.202,0.185,0.315,0.344,0.256,0.416,DEGRADED,91.0,Medium,SEED
2026-05-30 13:20:11,SEED-392,2835.949,16.488,46.259,6.253,293.848,75.259,95.16,0.308,0.442,0.377,0.191,0.272,0.238,0.266,DEGRADED,91.0,Medium,SEED
2026-05-30 13:30:11,SEED-393,3135.951,12.504,36.608,8.329,353.479,74.684,79.682,0.188,0.215,0.288,0.101,0.067,0.087,0.364,NORMAL,73.0,Low,SEED
2026-05-30 13:40:11,SEED-394,2656.025,16.321,67.329,4.06,273.798,86.967,96.24,0.392,0.378,0.313,0.328,0.395,0.317,0.589,FAULT,74.2,High,SEED
2026-05-30 13:50:11,SEED-395,2517.965,17.294,67.439,4.164,246.015,83.91,106.02,0.422,0.591,0.47,0.301,0.461,0.489,0.741,FAULT,72.1,High,SEED
2026-05-30 14:00:11,SEED-396,2894.977,16.346,56.374,5.263,259.434,73.757,93.459,0.186,0.411,0.38,0.11,0.333,0.156,0.569,DEGRADED,91.0,Medium,SEED
2026-05-30 14:10:11,SEED-397,2736.781,15.52,51.447,6.792,267.884,81.004,87.115,0.313,0.363,0.332,0.208,0.254,0.112,0.251,DEGRADED,91.0,Medium,SEED
2026-05-30 14:20:11,SEED-398,2842.985,16.05,56.73,6.698,304.519,75.654,93.433,0.273,0.291,0.334,0.147,0.269,0.284,0.298,DEGRADED,91.0,Medium,SEED
2026-05-30 14:30:11,SEED-399,2568.77,16.178,65.376,4.887,218.355,86.175,91.524,0.551,0.458,0.396,0.399,0.425,0.378,0.8,FAULT,82.6,High,SEED
2026-05-30 14:40:11,SEED-400,3071.04,14.931,43.197,8.341,308.601,74.012,80.052,0.186,0.13,0.122,0.079,0.012,0.046,0.17,NORMAL,90.8,Low,SEED
2026-05-30 14:50:11,SEED-401,2859.478,14.61,59.663,6.079,254.147,78.558,89.414,0.165,0.183,0.364,0.346,0.129,0.162,0.571,DEGRADED,91.0,Medium,SEED
2026-05-30 15:00:11,SEED-402,3117.114,12.963,50.146,8.882,284.448,71.156,86.788,0.048,0.29,0.024,0.104,0.045,0.155,0.398,NORMAL,85.4,Low,SEED
2026-05-30 15:10:11,SEED-403,2626.243,17.877,56.643,5.59,223.852,84.954,95.073,0.31,0.576,0.329,0.38,0.436,0.389,0.76,FAULT,72.4,High,SEED
2026-05-30 15:20:11,SEED-404,2549.69,17.363,65.557,4.819,230.742,79.291,109.501,0.466,0.4,0.579,0.481,0.49,0.43,0.794,FAULT,91.9,High,SEED
2026-05-30 15:30:11,SEED-405,2845.551,12.375,45.695,8.929,311.502,70.508,75.263,0.071,0.176,0.15,0.1,0.028,0.174,0.357,NORMAL,76.3,Low,SEED
2026-05-30 15:40:11,SEED-406,2958.518,13.577,37.75,7.232,358.95,72.825,76.916,0.269,0.255,0.042,0.176,0.05,0.038,0.146,NORMAL,71.6,Low,SEED
2026-05-30 15:50:11,SEED-407,2953.909,12.41,36.878,6.539,344.671,76.906,76.187,0.153,0.038,0.011,0.025,0.185,0.137,0.153,NORMAL,84.9,Low,SEED
2026-05-30 16:00:11,SEED-408,3154.507,13.492,43.089,8.74,328.741,75.333,75.167,0.238,0.034,0.107,0.071,0.176,0.156,0.245,NORMAL,91.6,Low,SEED
2026-05-30 16:10:11,SEED-409,2947.159,14.943,38.477,8.459,280.524,73.927,82.057,0.046,0.021,0.224,0.028,0.042,0.195,0.125,NORMAL,86.2,Low,SEED
2026-05-30 16:20:11,SEED-410,3191.872,15.323,48.454,6.92,310.781,74.639,86.716,0.223,0.081,0.102,0.066,0.147,0.014,0.114,NORMAL,78.5,Low,SEED
2026-05-30 16:30:11,SEED-411,2688.61,15.422,46.645,5.002,255.919,74.112,86.527,0.307,0.323,0.183,0.147,0.127,0.192,0.472,DEGRADED,91.0,Medium,SEED
2026-05-30 16:40:11,SEED-412,3087.423,13.625,45.503,7.931,318.833,75.932,86.994,0.104,0.135,0.224,0.041,0.176,0.065,0.159,NORMAL,76.1,Low,SEED
2026-05-30 16:50:11,SEED-413,2784.349,14.905,46.889,6.086,355.433,77.787,78.029,0.129,0.086,0.082,0.08,0.083,0.043,0.373,NORMAL,80.8,Low,SEED
2026-05-30 17:00:11,SEED-414,2609.507,15.285,47.736,6.479,273.462,79.64,96.047,0.215,0.442,0.39,0.339,0.158,0.301,0.345,DEGRADED,91.0,Medium,SEED
2026-05-30 17:10:11,SEED-415,3058.305,14.312,35.643,8.796,332.045,70.676,83.324,0.101,0.203,0.104,0.137,0.053,0.046,0.378,NORMAL,84.6,Low,SEED
2026-05-30 17:20:11,SEED-416,2949.366,14.019,52.413,5.448,265.748,71.987,98.102,0.235,0.343,0.343,0.222,0.145,0.348,0.563,DEGRADED,91.0,Medium,SEED
2026-05-30 17:30:11,SEED-417,2970.472,12.182,51.86,6.757,347.006,76.063,75.872,0.231,0.074,0.169,0.071,0.108,0.089,0.351,NORMAL,86.9,Low,SEED
2026-05-30 17:40:11,SEED-418,2952.855,15.521,46.678,7.094,307.517,75.737,77.244,0.181,0.112,0.11,0.172,0.116,0.174,0.385,NORMAL,90.3,Low,SEED
2026-05-30 17:50:11,SEED-419,2706.07,14.006,52.807,6.812,290.565,75.801,86.427,0.305,0.231,0.303,0.134,0.146,0.164,0.462,DEGRADED,91.0,Medium,SEED
2026-05-30 18:00:11,SEED-420,2942.485,14.922,38.44,8.39,351.04,68.561,89.712,0.243,0.068,0.208,0.085,0.028,0.064,0.129,NORMAL,70.2,Low,SEED
2026-05-30 18:10:11,SEED-421,2750.208,13.764,44.021,8.443,290.22,77.853,87.137,0.284,0.188,0.07,0.018,0.185,0.197,0.393,NORMAL,82.0,Low,SEED
2026-05-30 18:20:11,SEED-422,2679.31,16.892,59.942,5.482,299.2,80.236,90.671,0.16,0.255,0.234,0.328,0.341,0.255,0.35,DEGRADED,91.0,Medium,SEED
2026-05-30 18:30:11,SEED-423,2890.713,12.652,39.152,7.397,350.917,74.827,86.567,0.076,0.118,0.274,0.066,0.054,0.043,0.294,NORMAL,78.0,Low,SEED
2026-05-30 18:40:11,SEED-424,2903.681,16.362,45.825,5.789,308.874,71.76,96.304,0.273,0.375,0.211,0.22,0.308,0.282,0.596,DEGRADED,91.0,Medium,SEED
2026-05-30 18:50:11,SEED-425,2762.93,16.497,49.427,5.293,289.679,71.513,89.473,0.437,0.336,0.43,0.255,0.294,0.239,0.596,DEGRADED,91.0,Medium,SEED
2026-05-30 19:00:11,SEED-426,2992.741,13.796,35.373,8.948,299.703,67.901,79.942,0.195,0.164,0.128,0.081,0.085,0.05,0.172,NORMAL,91.6,Low,SEED
2026-05-30 19:10:11,SEED-427,2759.441,15.248,37.736,6.551,317.848,77.038,86.179,0.099,0.126,0.118,0.071,0.028,0.015,0.187,NORMAL,75.7,Low,SEED
2026-05-30 19:20:11,SEED-428,2880.393,12.974,52.029,7.885,295.796,76.267,86.911,0.249,0.117,0.201,0.154,0.196,0.11,0.146,NORMAL,84.4,Low,SEED
2026-05-30 19:30:11,SEED-429,2816.089,14.781,54.172,6.269,314.358,74.458,86.789,0.091,0.03,0.261,0.109,0.124,0.061,0.214,NORMAL,71.8,Low,SEED
2026-05-30 19:40:11,SEED-430,2861.717,16.219,51.513,5.788,285.535,79.576,83.113,0.369,0.376,0.43,0.341,0.347,0.274,0.434,DEGRADED,91.0,Medium,SEED
2026-05-30 19:50:11,SEED-431,2887.952,15.587,36.143,8.469,345.485,71.073,88.479,0.215,0.199,0.274,0.184,0.144,0.094,0.102,NORMAL,70.7,Low,SEED
2026-05-30 20:00:11,SEED-432,2719.898,14.048,54.433,6.317,342.927,69.735,75.79,0.055,0.158,0.072,0.152,0.144,0.113,0.364,NORMAL,83.0,Low,SEED
2026-05-30 20:10:11,SEED-433,2938.488,12.851,49.19,8.687,335.376,74.557,78.42,0.292,0.023,0.089,0.013,0.012,0.182,0.149,NORMAL,70.7,Low,SEED
2026-05-30 20:20:11,SEED-434,3130.414,14.813,36.937,7.635,354.081,75.047,83.269,0.118,0.259,0.103,0.18,0.066,0.148,0.306,NORMAL,84.6,Low,SEED
2026-05-30 20:30:11,SEED-435,2799.763,13.638,37.581,7.87,297.264,77.798,85.228,0.199,0.201,0.06,0.049,0.196,0.077,0.133,NORMAL,77.4,Low,SEED
2026-05-30 20:40:11,SEED-436,2601.185,17.353,57.531,4.976,231.294,83.849,107.831,0.418,0.306,0.397,0.464,0.274,0.406,0.629,FAULT,81.5,High,SEED
2026-05-30 20:50:11,SEED-437,3024.752,15.021,41.409,8.015,281.828,70.189,82.192,0.024,0.207,0.15,0.125,0.098,0.163,0.335,NORMAL,84.1,Low,SEED
2026-05-30 21:00:11,SEED-438,2692.096,15.005,56.184,6.259,296.508,78.312,91.01,0.235,0.362,0.324,0.134,0.24,0.137,0.559,DEGRADED,91.0,Medium,SEED
2026-05-30 21:10:11,SEED-439,2815.511,15.966,52.009,8.19,307.806,69.875,89.303,0.135,0.04,0.272,0.174,0.162,0.014,0.337,NORMAL,91.4,Low,SEED
2026-05-30 21:20:11,SEED-440,3199.838,14.495,37.854,8.368,289.087,69.222,81.225,0.174,0.221,0.134,0.113,0.085,0.045,0.291,NORMAL,86.6,Low,SEED
2026-05-30 21:30:11,SEED-441,2928.946,15.299,55.031,6.41,290.943,71.964,87.562,0.42,0.219,0.263,0.258,0.263,0.129,0.335,DEGRADED,91.0,Medium,SEED
2026-05-30 21:40:11,SEED-442,3116.438,14.302,48.057,6.371,320.054,71.685,88.264,0.181,0.178,0.089,0.076,0.159,0.139,0.262,NORMAL,90.7,Low,SEED
2026-05-30 21:50:11,SEED-443,2617.946,17.742,67.222,4.665,219.979,88.902,95.039,0.457,0.514,0.52,0.247,0.32,0.229,0.784,FAULT,78.7,High,SEED
2026-05-30 22:00:11,SEED-444,2943.545,16.167,55.76,6.583,252.376,83.518,90.365,0.242,0.172,0.259,0.236,0.276,0.317,0.341,DEGRADED,91.0,Medium,SEED
2026-05-30 22:10:11,SEED-445,2884.692,14.042,60.196,5.874,255.464,78.577,87.827,0.245,0.182,0.411,0.311,0.292,0.302,0.302,DEGRADED,91.0,Medium,SEED
2026-05-30 22:20:11,SEED-446,2639.597,15.648,56.052,6.508,314.03,76.985,94.381,0.351,0.36,0.35,0.204,0.196,0.314,0.377,DEGRADED,91.0,Medium,SEED
2026-05-30 22:30:11,SEED-447,2871.051,13.131,51.599,8.333,324.059,72.754,85.231,0.078,0.246,0.118,0.184,0.145,0.059,0.168,NORMAL,93.0,Low,SEED
2026-05-30 22:40:11,SEED-448,2929.705,14.427,49.808,5.187,279.362,81.349,92.672,0.276,0.318,0.243,0.279,0.21,0.16,0.56,DEGRADED,91.0,Medium,SEED
2026-05-30 22:50:11,SEED-449,2797.42,14.045,48.581,7.804,341.374,71.252,80.087,0.023,0.208,0.067,0.057,0.024,0.163,0.293,NORMAL,75.1,Low,SEED
2026-05-30 23:00:11,SEED-450,2891.747,15.914,36.489,6.131,346.656,74.668,76.093,0.14,0.102,0.073,0.111,0.149,0.019,0.114,NORMAL,92.0,Low,SEED
2026-05-30 23:10:11,SEED-451,2607.834,14.358,61.033,6.64,283.616,78.919,89.233,0.324,0.326,0.276,0.279,0.221,0.226,0.491,DEGRADED,91.0,Medium,SEED
2026-05-30 23:20:11,SEED-452,2903.425,15.181,36.918,6.686,323.137,65.852,82.881,0.108,0.055,0.16,0.063,0.086,0.128,0.118,NORMAL,86.3,Low,SEED
2026-05-30 23:30:11,SEED-453,2632.184,16.05,59.393,6.309,256.579,78.197,83.987,0.182,0.395,0.243,0.253,0.227,0.268,0.333,DEGRADED,91.0,Medium,SEED
2026-05-30 23:40:11,SEED-454,2785.443,15.581,51.078,8.966,343.231,73.804,76.266,0.286,0.118,0.248,0.128,0.029,0.155,0.37,NORMAL,89.5,Low,SEED
2026-05-30 23:50:11,SEED-455,2918.06,15.59,38.194,7.866,338.841,77.707,87.037,0.173,0.119,0.054,0.162,0.143,0.109,0.294,NORMAL,93.9,Low,SEED
2026-05-31 00:00:11,SEED-456,2826.081,14.413,51.193,7.099,309.342,73.044,84.822,0.227,0.223,0.111,0.142,0.068,0.183,0.365,NORMAL,79.5,Low,SEED
2026-05-31 00:10:11,SEED-457,2838.823,15.317,42.203,6.087,358.65,65.259,89.26,0.215,0.239,0.231,0.038,0.106,0.12,0.381,NORMAL,82.1,Low,SEED
2026-05-31 00:20:11,SEED-458,3118.001,14.164,40.402,8.419,301.731,73.6,86.235,0.042,0.224,0.059,0.073,0.087,0.169,0.242,NORMAL,70.4,Low,SEED
2026-05-31 00:30:11,SEED-459,2997.368,12.35,46.889,6.398,352.276,67.548,89.622,0.297,0.098,0.156,0.187,0.161,0.05,0.398,NORMAL,88.0,Low,SEED
2026-05-31 00:40:11,SEED-460,2728.339,12.486,47.514,8.839,317.454,76.009,79.486,0.264,0.154,0.136,0.135,0.186,0.181,0.347,NORMAL,81.3,Low,SEED
2026-05-31 00:50:11,SEED-461,3109.657,12.114,50.548,6.159,316.638,73.492,76.125,0.118,0.173,0.07,0.174,0.186,0.095,0.336,NORMAL,79.9,Low,SEED
2026-05-31 01:00:11,SEED-462,2694.351,16.803,46.169,6.521,276.622,75.448,84.151,0.247,0.267,0.241,0.167,0.205,0.225,0.551,DEGRADED,91.0,Medium,SEED
2026-05-31 01:10:11,SEED-463,2915.116,15.872,60.018,6.982,304.035,82.96,94.363,0.35,0.18,0.28,0.243,0.347,0.331,0.261,DEGRADED,91.0,Medium,SEED
2026-05-31 01:20:11,SEED-464,2733.851,14.469,52.723,7.416,324.884,73.374,84.02,0.292,0.234,0.21,0.047,0.047,0.197,0.16,NORMAL,70.7,Low,SEED
2026-05-31 01:30:11,SEED-465,2767.388,14.72,54.303,5.562,316.129,80.853,94.664,0.431,0.184,0.417,0.237,0.276,0.201,0.373,DEGRADED,91.0,Medium,SEED
2026-05-31 01:40:11,SEED-466,2556.468,16.403,57.134,4.026,245.093,87.267,100.023,0.431,0.379,0.356,0.344,0.428,0.288,0.682,FAULT,76.3,High,SEED
2026-05-31 01:50:11,SEED-467,2715.061,13.912,40.919,8.191,291.711,71.576,87.531,0.263,0.1,0.029,0.194,0.03,0.018,0.262,NORMAL,92.3,Low,SEED
2026-05-31 02:00:11,SEED-468,2962.514,15.197,43.314,7.82,342.282,74.723,77.199,0.237,0.03,0.171,0.056,0.172,0.138,0.257,NORMAL,78.7,Low,SEED
2026-05-31 02:10:11,SEED-469,2997.257,12.96,35.394,7.998,349.388,70.161,88.256,0.283,0.195,0.277,0.17,0.064,0.167,0.21,NORMAL,84.2,Low,SEED
2026-05-31 02:20:11,SEED-470,2943.123,15.928,37.992,8.238,298.671,69.727,88.255,0.237,0.228,0.291,0.12,0.018,0.03,0.129,NORMAL,76.8,Low,SEED
2026-05-31 02:30:11,SEED-471,3076.282,15.281,45.186,6.628,332.976,75.075,86.279,0.256,0.234,0.115,0.039,0.034,0.176,0.384,NORMAL,74.6,Low,SEED
2026-05-31 02:40:11,SEED-472,3035.887,13.313,36.15,8.997,331.672,67.774,88.857,0.034,0.174,0.038,0.119,0.052,0.174,0.108,NORMAL,76.8,Low,SEED
2026-05-31 02:50:11,SEED-473,2687.803,17.439,65.819,4.595,262.343,83.006,93.52,0.459,0.415,0.522,0.398,0.249,0.349,0.558,FAULT,79.6,High,SEED
2026-05-31 03:00:11,SEED-474,2971.453,15.797,51.31,7.995,307.597,75.368,79.261,0.188,0.111,0.137,0.186,0.122,0.025,0.353,NORMAL,77.5,Low,SEED
2026-05-31 03:10:11,SEED-475,2938.736,14.664,53.764,7.751,359.482,73.161,76.335,0.271,0.243,0.045,0.153,0.03,0.096,0.376,NORMAL,94.4,Low,SEED
2026-05-31 03:20:11,SEED-476,3042.17,12.172,53.662,8.452,301.769,69.72,76.627,0.028,0.085,0.062,0.162,0.107,0.193,0.259,NORMAL,75.3,Low,SEED
2026-05-31 03:30:11,SEED-477,3000.387,12.931,41.042,8.533,314.597,69.37,83.723,0.262,0.248,0.196,0.097,0.081,0.08,0.206,NORMAL,92.2,Low,SEED
2026-05-31 03:40:11,SEED-478,2633.284,16.123,60.312,5.73,233.544,81.982,102.16,0.448,0.48,0.355,0.339,0.289,0.339,0.504,FAULT,78.9,High,SEED
2026-05-31 03:50:11,SEED-479,2712.268,15.813,45.095,7.174,356.802,71.19,88.936,0.044,0.222,0.3,0.127,0.118,0.159,0.38,NORMAL,82.7,Low,SEED
2026-05-31 04:00:11,SEED-480,2770.049,15.612,46.81,6.105,261.242,78.588,99.598,0.25,0.256,0.39,0.18,0.136,0.261,0.268,DEGRADED,91.0,Medium,SEED
2026-05-31 04:10:11,SEED-481,2983.225,12.694,43.2,7.487,280.776,65.88,81.341,0.224,0.105,0.25,0.044,0.033,0.11,0.247,NORMAL,76.7,Low,SEED
2026-05-31 04:20:11,SEED-482,2602.956,16.393,62.151,5.676,246.813,80.627,105.819,0.317,0.381,0.531,0.243,0.415,0.25,0.554,FAULT,78.2,High,SEED
2026-05-31 04:30:11,SEED-483,2869.812,12.856,48.409,6.899,353.926,75.773,89.237,0.123,0.02,0.132,0.039,0.067,0.141,0.184,NORMAL,89.0,Low,SEED
2026-05-31 04:40:11,SEED-484,2786.91,16.907,56.233,5.18,253.025,79.538,97.669,0.317,0.374,0.229,0.247,0.276,0.138,0.562,DEGRADED,91.0,Medium,SEED
2026-05-31 04:50:11,SEED-485,2908.929,16.849,50.198,5.762,257.707,81.352,96.949,0.34,0.374,0.218,0.24,0.267,0.143,0.448,DEGRADED,91.0,Medium,SEED
2026-05-31 05:00:11,SEED-486,2785.979,12.93,42.089,6.451,337.25,66.868,82.234,0.251,0.087,0.219,0.196,0.151,0.087,0.102,NORMAL,75.7,Low,SEED
2026-05-31 05:10:11,SEED-487,2816.781,15.645,55.374,7.357,309.076,73.02,98.53,0.277,0.243,0.228,0.26,0.114,0.205,0.468,DEGRADED,91.0,Medium,SEED
2026-05-31 05:20:11,SEED-488,2550.167,17.632,60.537,4.795,254.223,81.465,94.789,0.532,0.381,0.431,0.278,0.252,0.412,0.775,FAULT,82.5,High,SEED
2026-05-31 05:30:11,SEED-489,3197.504,12.505,43.677,7.033,341.078,65.53,83.26,0.105,0.244,0.245,0.148,0.089,0.184,0.18,NORMAL,86.9,Low,SEED
2026-05-31 05:40:11,SEED-490,3064.452,13.051,48.16,7.335,289.001,72.622,78.839,0.119,0.165,0.139,0.067,0.077,0.183,0.23,NORMAL,94.9,Low,SEED
2026-05-31 05:50:11,SEED-491,2956.82,15.097,46.842,7.69,359.727,65.639,76.133,0.058,0.206,0.164,0.192,0.121,0.1,0.113,NORMAL,81.6,Low,SEED
2026-05-31 06:00:11,SEED-492,2746.495,13.934,52.875,6.916,302.973,74.236,87.341,0.298,0.056,0.137,0.107,0.2,0.048,0.297,NORMAL,83.0,Low,SEED
2026-05-31 06:10:11,SEED-493,3046.546,15.04,45.8,8.673,283.822,68.479,83.064,0.189,0.059,0.13,0.083,0.114,0.131,0.199,NORMAL,84.2,Low,SEED
2026-05-31 06:20:11,SEED-494,2721.894,12.202,40.666,6.874,357.144,68.772,75.768,0.22,0.061,0.224,0.185,0.122,0.109,0.377,NORMAL,94.2,Low,SEED
2026-05-31 06:30:11,SEED-495,2823.397,15.041,61.139,5.684,305.173,73.717,99.136,0.35,0.156,0.341,0.282,0.304,0.126,0.557,DEGRADED,91.0,Medium,SEED
2026-05-31 06:40:11,SEED-496,3046.868,14.96,42.986,6.338,299.516,69.928,82.029,0.138,0.138,0.15,0.03,0.058,0.087,0.384,NORMAL,93.9,Low,SEED
2026-05-31 06:50:11,SEED-497,2569.073,16.782,63.0,4.882,271.132,84.307,101.777,0.571,0.589,0.385,0.463,0.48,0.208,0.547,FAULT,93.8,High,SEED
2026-05-31 07:00:11,SEED-498,2934.884,14.208,52.116,7.81,288.268,69.992,81.137,0.264,0.131,0.034,0.189,0.104,0.055,0.346,NORMAL,89.8,Low,SEED
2026-05-31 07:10:11,SEED-499,3150.801,15.078,42.288,6.924,296.94,68.51,79.352,0.256,0.051,0.133,0.057,0.181,0.192,0.25,NORMAL,75.3,Low,SEED
2026-05-31 07:20:11,SEED-500,3115.552,15.379,42.982,6.769,319.541,71.993,81.912,0.22,0.289,0.251,0.185,0.03,0.03,0.387,NORMAL,84.3,Low,SEED
2026-05-31 07:30:11,SEED-501,3070.548,14.18,51.92,8.79,353.317,67.041,82.484,0.06,0.195,0.224,0.047,0.079,0.037,0.104,NORMAL,71.1,Low,SEED
2026-05-31 07:40:11,SEED-502,2590.406,16.277,57.118,4.13,222.676,80.784,100.012,0.399,0.332,0.479,0.389,0.374,0.435,0.672,FAULT,83.6,High,SEED
2026-05-31 07:50:11,SEED-503,3023.291,15.629,54.47,7.492,358.163,70.411,86.382,0.017,0.102,0.295,0.166,0.17,0.029,0.123,NORMAL,82.8,Low,SEED
2026-05-31 08:00:11,SEED-504,2727.274,14.711,50.123,5.725,255.057,76.823,82.861,0.236,0.187,0.362,0.287,0.118,0.288,0.492,DEGRADED,91.0,Medium,SEED
2026-05-31 08:10:11,SEED-505,2890.554,12.681,48.84,6.025,298.178,74.427,81.117,0.246,0.207,0.298,0.038,0.098,0.031,0.289,NORMAL,91.1,Low,SEED
2026-05-31 08:20:11,SEED-506,2873.509,12.5,43.25,7.989,296.253,66.569,78.776,0.098,0.281,0.089,0.118,0.12,0.06,0.237,NORMAL,94.8,Low,SEED
2026-05-31 08:30:11,SEED-507,2748.771,14.348,54.204,8.145,349.779,75.891,80.137,0.184,0.092,0.232,0.031,0.021,0.19,0.185,NORMAL,90.6,Low,SEED
2026-05-31 08:40:11,SEED-508,3166.171,14.268,39.529,7.749,309.709,69.495,86.625,0.177,0.186,0.287,0.046,0.153,0.134,0.17,NORMAL,94.4,Low,SEED
2026-05-31 08:50:11,SEED-509,2976.899,15.173,45.432,6.953,344.038,76.592,81.659,0.124,0.079,0.289,0.033,0.168,0.036,0.186,NORMAL,81.5,Low,SEED
2026-05-31 09:00:11,SEED-510,2988.756,14.291,44.75,6.653,301.243,75.455,75.646,0.288,0.23,0.121,0.19,0.061,0.169,0.144,NORMAL,86.2,Low,SEED
2026-05-31 09:10:11,SEED-511,2721.472,12.312,52.952,7.82,299.723,66.079,86.735,0.125,0.236,0.224,0.195,0.138,0.186,0.154,NORMAL,91.4,Low,SEED
2026-05-31 09:20:11,SEED-512,2796.995,16.271,54.765,5.763,248.571,73.655,87.222,0.358,0.229,0.31,0.217,0.331,0.125,0.566,DEGRADED,91.0,Medium,SEED
2026-05-31 09:30:11,SEED-513,2637.637,14.259,46.613,5.684,275.877,75.571,85.368,0.408,0.263,0.381,0.321,0.312,0.27,0.503,DEGRADED,91.0,Medium,SEED
2026-05-31 09:40:11,SEED-514,2874.665,15.456,39.192,8.366,289.748,74.275,82.375,0.041,0.134,0.017,0.022,0.084,0.13,0.348,NORMAL,86.1,Low,SEED
2026-05-31 09:50:11,SEED-515,2732.236,14.199,49.132,8.664,305.897,69.194,75.725,0.29,0.119,0.11,0.146,0.159,0.015,0.271,NORMAL,71.9,Low,SEED
2026-05-31 10:00:11,SEED-516,3014.416,15.643,54.158,8.178,286.209,65.696,76.175,0.224,0.173,0.255,0.06,0.089,0.074,0.154,NORMAL,73.6,Low,SEED
2026-05-31 10:10:11,SEED-517,2649.931,17.137,66.49,4.699,216.319,87.387,95.164,0.53,0.456,0.503,0.218,0.239,0.218,0.771,FAULT,82.0,High,SEED
2026-05-31 10:20:11,SEED-518,2927.458,12.425,36.15,6.299,327.29,75.829,88.015,0.101,0.053,0.049,0.023,0.09,0.172,0.398,NORMAL,79.7,Low,SEED
2026-05-31 10:30:11,SEED-519,2612.791,16.768,61.6,4.586,275.584,85.676,90.297,0.366,0.445,0.301,0.371,0.233,0.36,0.605,FAULT,80.9,High,SEED
2026-05-31 10:40:11,SEED-520,2511.171,17.966,61.69,4.213,277.77,86.808,98.952,0.38,0.342,0.349,0.494,0.313,0.495,0.776,FAULT,92.3,High,SEED
2026-05-31 10:50:11,SEED-521,2919.297,15.074,40.876,8.104,330.278,71.189,78.224,0.103,0.204,0.244,0.107,0.041,0.117,0.104,NORMAL,73.6,Low,SEED
2026-05-31 11:00:11,SEED-522,2610.136,17.801,61.81,5.027,212.522,81.02,91.737,0.527,0.442,0.447,0.46,0.318,0.274,0.496,FAULT,79.9,High,SEED
2026-05-31 11:10:11,SEED-523,2593.592,17.976,56.412,4.577,218.231,82.561,94.455,0.352,0.53,0.475,0.366,0.345,0.26,0.414,FAULT,88.4,High,SEED
2026-05-31 11:20:11,SEED-524,2942.988,14.299,47.127,6.549,307.456,76.035,79.444,0.215,0.059,0.165,0.128,0.085,0.149,0.227,NORMAL,89.2,Low,SEED
2026-05-31 11:30:11,SEED-525,3170.059,12.22,43.304,7.311,322.983,65.242,76.319,0.094,0.053,0.2,0.195,0.108,0.11,0.271,NORMAL,92.1,Low,SEED
2026-05-31 11:40:11,SEED-526,2929.362,12.69,52.075,7.926,305.705,66.007,80.986,0.091,0.183,0.086,0.028,0.116,0.106,0.132,NORMAL,89.5,Low,SEED
2026-05-31 11:50:11,SEED-527,2895.87,15.678,58.972,5.988,268.726,77.983,90.53,0.334,0.329,0.395,0.24,0.308,0.33,0.265,DEGRADED,91.0,Medium,SEED
2026-05-31 12:00:11,SEED-528,3010.419,13.127,54.93,7.512,300.574,67.366,80.206,0.24,0.201,0.034,0.035,0.155,0.061,0.231,NORMAL,91.1,Low,SEED
2026-05-31 12:10:11,SEED-529,3066.11,15.528,38.887,7.034,289.148,67.746,80.449,0.293,0.21,0.102,0.198,0.086,0.03,0.107,NORMAL,70.6,Low,SEED
2026-05-31 12:20:11,SEED-530,2990.242,15.204,39.231,8.07,325.248,72.713,80.886,0.028,0.253,0.05,0.174,0.197,0.031,0.244,NORMAL,70.4,Low,SEED
2026-05-31 12:30:11,SEED-531,2718.666,16.21,61.864,6.046,287.667,74.812,95.504,0.199,0.254,0.302,0.149,0.291,0.131,0.599,DEGRADED,91.0,Medium,SEED
2026-05-31 12:40:11,SEED-532,2851.153,14.527,54.386,8.301,286.25,66.859,80.866,0.103,0.049,0.178,0.155,0.131,0.106,0.221,NORMAL,83.8,Low,SEED
2026-05-31 12:50:11,SEED-533,3053.633,12.009,44.023,7.965,319.007,65.709,84.734,0.105,0.272,0.13,0.083,0.146,0.028,0.324,NORMAL,92.6,Low,SEED
2026-05-31 13:00:11,SEED-534,2897.63,12.303,37.569,6.463,344.285,74.743,84.472,0.105,0.271,0.11,0.158,0.106,0.051,0.265,NORMAL,88.0,Low,SEED
2026-05-31 13:10:11,SEED-535,2716.626,14.334,51.493,8.399,326.744,71.144,76.796,0.28,0.284,0.138,0.054,0.12,0.131,0.206,NORMAL,78.7,Low,SEED
2026-05-31 13:20:11,SEED-536,3024.12,15.485,39.398,8.852,323.245,77.917,77.64,0.045,0.064,0.278,0.128,0.06,0.024,0.242,NORMAL,77.9,Low,SEED
2026-05-31 13:30:11,SEED-537,2712.134,14.172,46.323,6.352,298.279,70.433,76.118,0.115,0.157,0.22,0.153,0.069,0.108,0.391,NORMAL,92.8,Low,SEED
2026-05-31 13:40:11,SEED-538,2894.165,15.432,39.64,8.114,313.777,74.001,89.881,0.055,0.22,0.04,0.058,0.018,0.108,0.134,NORMAL,80.3,Low,SEED
2026-05-31 13:50:11,SEED-539,2548.226,16.364,60.763,5.251,220.944,88.696,109.498,0.376,0.345,0.438,0.26,0.396,0.441,0.455,FAULT,78.5,High,SEED
2026-05-31 14:00:11,SEED-540,3101.139,15.892,48.964,7.448,281.294,76.908,83.846,0.249,0.161,0.081,0.097,0.029,0.116,0.266,NORMAL,79.9,Low,SEED
2026-05-31 14:10:11,SEED-541,2979.92,15.534,45.226,6.406,294.333,65.988,77.113,0.158,0.289,0.098,0.089,0.087,0.104,0.237,NORMAL,85.0,Low,SEED
2026-05-31 14:20:11,SEED-542,2519.061,16.253,64.45,5.314,220.209,85.486,91.846,0.593,0.333,0.35,0.484,0.406,0.392,0.603,FAULT,92.1,High,SEED
2026-05-31 14:30:11,SEED-543,2650.806,14.236,45.328,7.278,317.551,81.076,90.45,0.183,0.448,0.221,0.308,0.266,0.342,0.294,DEGRADED,91.0,Medium,SEED
2026-05-31 14:40:11,SEED-544,2598.32,16.93,55.914,4.535,259.879,86.329,99.252,0.436,0.356,0.446,0.428,0.479,0.46,0.569,FAULT,83.1,High,SEED
2026-05-31 14:50:11,SEED-545,2606.573,16.07,52.006,6.214,252.999,81.475,92.509,0.202,0.299,0.325,0.314,0.288,0.328,0.487,DEGRADED,91.0,Medium,SEED
2026-05-31 15:00:11,SEED-546,2629.814,15.454,49.472,7.153,314.202,77.409,87.484,0.215,0.209,0.412,0.315,0.214,0.239,0.269,DEGRADED,91.0,Medium,SEED
2026-05-31 15:10:11,SEED-547,2607.86,16.011,57.782,4.236,245.124,88.656,101.321,0.35,0.563,0.444,0.47,0.268,0.218,0.661,FAULT,81.5,High,SEED
2026-05-31 15:20:11,SEED-548,2746.749,14.85,49.243,8.571,293.634,76.105,81.065,0.146,0.015,0.062,0.16,0.2,0.123,0.159,NORMAL,74.3,Low,SEED
2026-05-31 15:30:11,SEED-549,2618.467,16.902,69.144,4.514,228.4,83.366,94.398,0.541,0.407,0.339,0.249,0.385,0.451,0.495,FAULT,78.4,High,SEED
2026-05-31 15:40:11,SEED-550,3118.996,13.794,46.417,7.335,298.024,66.399,82.427,0.117,0.104,0.105,0.121,0.11,0.146,0.23,NORMAL,73.7,Low,SEED
2026-05-31 15:50:11,SEED-551,3088.642,13.927,45.972,6.543,345.19,73.629,86.602,0.169,0.132,0.063,0.164,0.051,0.036,0.348,NORMAL,93.4,Low,SEED
2026-05-31 16:00:11,SEED-552,2849.656,12.675,36.222,8.805,326.238,70.264,87.401,0.2,0.059,0.207,0.15,0.192,0.158,0.371,NORMAL,74.3,Low,SEED
2026-05-31 16:10:11,SEED-553,2956.678,13.345,37.61,8.656,292.804,70.161,80.434,0.277,0.2,0.057,0.052,0.111,0.177,0.251,NORMAL,87.0,Low,SEED
2026-05-31 16:20:11,SEED-554,2764.326,14.073,58.475,5.657,304.718,72.081,93.351,0.397,0.402,0.158,0.33,0.255,0.231,0.304,DEGRADED,91.0,Medium,SEED
2026-05-31 16:30:11,SEED-555,2760.551,14.413,45.469,6.887,309.141,72.515,81.363,0.148,0.249,0.038,0.013,0.042,0.018,0.32,NORMAL,89.2,Low,SEED
2026-05-31 16:40:11,SEED-556,2655.552,14.154,55.004,6.312,290.55,73.264,97.935,0.444,0.295,0.403,0.154,0.338,0.163,0.405,DEGRADED,91.0,Medium,SEED
2026-05-31 16:50:11,SEED-557,2738.771,12.873,44.215,8.487,329.404,74.136,78.176,0.08,0.089,0.019,0.105,0.18,0.082,0.375,NORMAL,73.3,Low,SEED
2026-05-31 17:00:11,SEED-558,2927.789,12.155,53.601,6.827,322.464,70.23,83.358,0.028,0.069,0.246,0.029,0.161,0.156,0.332,NORMAL,74.3,Low,SEED
2026-05-31 17:10:11,SEED-559,3123.373,13.782,50.287,6.527,284.484,72.159,89.479,0.285,0.134,0.096,0.183,0.072,0.05,0.394,NORMAL,90.2,Low,SEED
2026-05-31 17:20:11,SEED-560,3155.415,13.788,50.127,7.158,291.874,73.229,79.624,0.033,0.073,0.258,0.043,0.121,0.042,0.2,NORMAL,70.2,Low,SEED
2026-05-31 17:30:11,SEED-561,2747.291,16.823,54.114,5.492,266.204,72.52,95.921,0.267,0.417,0.231,0.347,0.188,0.158,0.589,DEGRADED,91.0,Medium,SEED
2026-05-31 17:40:11,SEED-562,3193.137,13.603,37.425,7.382,308.455,75.134,76.023,0.207,0.217,0.059,0.185,0.162,0.157,0.265,NORMAL,84.0,Low,SEED
2026-05-31 17:50:11,SEED-563,2690.194,16.559,46.516,6.538,246.932,78.944,97.995,0.431,0.33,0.413,0.237,0.132,0.192,0.393,DEGRADED,91.0,Medium,SEED
2026-05-31 18:00:11,SEED-564,3004.821,13.97,39.207,8.388,327.897,67.85,87.011,0.132,0.09,0.028,0.036,0.061,0.107,0.221,NORMAL,78.4,Low,SEED
2026-05-31 18:10:11,SEED-565,2817.512,14.267,51.74,5.183,314.743,83.541,87.391,0.292,0.291,0.191,0.141,0.289,0.336,0.324,DEGRADED,91.0,Medium,SEED
2026-05-31 18:20:11,SEED-566,2571.105,17.1,58.856,5.412,222.845,78.213,101.985,0.337,0.392,0.355,0.269,0.273,0.43,0.499,FAULT,80.0,High,SEED
2026-05-31 18:30:11,SEED-567,2886.14,15.345,38.554,8.979,357.514,71.877,86.391,0.235,0.066,0.191,0.182,0.058,0.117,0.196,NORMAL,89.3,Low,SEED
2026-05-31 18:40:11,SEED-568,2659.914,17.665,68.124,4.15,277.609,81.592,98.294,0.523,0.319,0.388,0.419,0.357,0.228,0.705,FAULT,83.1,High,SEED
2026-05-31 18:50:11,SEED-569,2559.539,17.405,55.134,5.12,279.496,88.345,92.456,0.457,0.336,0.456,0.283,0.347,0.434,0.663,FAULT,80.9,High,SEED
2026-05-31 19:00:11,SEED-570,2722.58,14.559,53.536,5.118,260.314,83.224,93.439,0.264,0.383,0.377,0.172,0.204,0.302,0.537,DEGRADED,91.0,Medium,SEED
2026-05-31 19:10:11,SEED-571,3145.552,12.523,47.337,7.894,287.246,66.644,83.728,0.09,0.078,0.1,0.092,0.169,0.137,0.126,NORMAL,75.2,Low,SEED
2026-05-31 19:20:11,SEED-572,2925.005,14.895,36.275,8.457,315.198,73.965,76.337,0.129,0.217,0.017,0.151,0.128,0.138,0.245,NORMAL,85.4,Low,SEED
2026-05-31 19:30:11,SEED-573,2900.463,13.691,53.305,7.625,303.495,66.944,85.122,0.2,0.227,0.281,0.118,0.115,0.185,0.165,NORMAL,71.2,Low,SEED
2026-05-31 19:40:11,SEED-574,3090.674,12.583,48.384,7.204,297.514,66.846,84.298,0.239,0.229,0.282,0.109,0.048,0.192,0.395,NORMAL,84.6,Low,SEED
2026-05-31 19:50:11,SEED-575,2913.364,14.728,35.444,7.773,311.597,77.263,86.35,0.198,0.252,0.171,0.089,0.056,0.125,0.335,NORMAL,94.4,Low,SEED
2026-05-31 20:00:11,SEED-576,2707.045,13.055,51.631,6.641,298.711,70.233,76.932,0.123,0.06,0.13,0.173,0.189,0.177,0.236,NORMAL,87.7,Low,SEED
2026-05-31 20:10:11,SEED-577,2963.728,13.119,53.581,7.091,287.441,70.316,77.085,0.03,0.202,0.07,0.057,0.14,0.133,0.134,NORMAL,88.0,Low,SEED
2026-05-31 20:20:11,SEED-578,3010.594,14.464,36.221,7.608,319.748,70.783,79.633,0.031,0.211,0.227,0.13,0.038,0.165,0.301,NORMAL,71.0,Low,SEED
2026-05-31 20:30:11,SEED-579,2953.815,15.745,47.006,7.226,359.23,69.599,88.27,0.272,0.139,0.237,0.012,0.054,0.027,0.12,NORMAL,92.6,Low,SEED
2026-05-31 20:40:11,SEED-580,2841.462,13.979,54.358,7.737,299.595,76.494,85.163,0.104,0.267,0.211,0.198,0.137,0.14,0.305,NORMAL,73.1,Low,SEED
2026-05-31 20:50:11,SEED-581,2746.002,16.05,52.214,6.081,309.976,73.779,88.873,0.281,0.384,0.308,0.143,0.173,0.232,0.282,DEGRADED,91.0,Medium,SEED
2026-05-31 21:00:11,SEED-582,2667.215,16.332,62.553,5.724,226.37,83.565,90.941,0.354,0.415,0.391,0.485,0.252,0.44,0.521,FAULT,89.4,High,SEED
2026-05-31 21:10:11,SEED-583,2819.033,13.818,42.118,6.676,352.368,72.029,78.54,0.105,0.241,0.199,0.02,0.136,0.066,0.257,NORMAL,74.4,Low,SEED
2026-05-31 21:20:11,SEED-584,2777.976,13.905,36.142,7.374,349.65,71.363,83.875,0.057,0.128,0.142,0.028,0.16,0.123,0.221,NORMAL,87.9,Low,SEED
2026-05-31 21:30:11,SEED-585,2603.899,14.399,57.476,6.732,268.105,76.799,91.424,0.289,0.443,0.273,0.278,0.129,0.32,0.289,DEGRADED,91.0,Medium,SEED
2026-05-31 21:40:11,SEED-586,2659.148,16.293,61.301,4.067,275.262,80.828,106.535,0.446,0.491,0.301,0.349,0.241,0.441,0.572,FAULT,85.7,High,SEED
2026-05-31 21:50:11,SEED-587,2688.19,16.325,46.683,5.33,302.201,78.921,94.511,0.434,0.367,0.411,0.29,0.183,0.342,0.528,DEGRADED,91.0,Medium,SEED
2026-05-31 22:00:11,SEED-588,3199.387,12.46,38.967,6.31,302.169,74.589,83.642,0.152,0.251,0.09,0.157,0.102,0.174,0.384,NORMAL,88.6,Low,SEED
2026-05-31 22:10:11,SEED-589,2902.915,15.211,58.658,6.718,311.205,80.579,85.438,0.23,0.275,0.304,0.311,0.238,0.172,0.446,DEGRADED,91.0,Medium,SEED
2026-05-31 22:20:11,SEED-590,2894.168,15.44,46.422,5.5,252.403,77.587,90.24,0.377,0.299,0.375,0.276,0.22,0.284,0.315,DEGRADED,91.0,Medium,SEED
2026-05-31 22:30:11,SEED-591,2889.607,12.832,41.857,7.849,310.341,67.052,83.487,0.022,0.185,0.042,0.037,0.193,0.036,0.127,NORMAL,89.4,Low,SEED
2026-05-31 22:40:11,SEED-592,3108.894,15.403,43.638,6.651,316.838,72.512,88.241,0.061,0.158,0.172,0.076,0.125,0.106,0.302,NORMAL,92.5,Low,SEED
2026-05-31 22:50:11,SEED-593,2560.509,17.095,68.033,5.189,269.296,79.335,106.915,0.505,0.347,0.582,0.299,0.413,0.27,0.499,FAULT,93.6,High,SEED
2026-05-31 23:00:11,SEED-594,2929.553,14.105,41.685,6.083,316.423,66.057,82.491,0.136,0.107,0.08,0.027,0.066,0.095,0.11,NORMAL,78.3,Low,SEED
2026-05-31 23:10:11,SEED-595,3005.992,15.938,54.96,6.478,283.442,65.357,86.204,0.28,0.028,0.266,0.166,0.062,0.12,0.268,NORMAL,83.7,Low,SEED
2026-05-31 23:20:11,SEED-596,3170.155,13.519,50.162,6.387,297.983,74.56,86.631,0.176,0.018,0.193,0.124,0.09,0.026,0.169,NORMAL,70.6,Low,SEED
2026-05-31 23:30:11,SEED-597,3044.238,13.228,50.289,8.032,291.923,74.059,83.018,0.274,0.295,0.063,0.173,0.167,0.151,0.351,NORMAL,83.8,Low,SEED
2026-05-31 23:40:11,SEED-598,2955.629,14.87,37.169,6.153,280.141,75.511,81.699,0.075,0.073,0.127,0.091,0.184,0.019,0.135,NORMAL,90.1,Low,SEED
2026-05-31 23:50:11,SEED-599,2890.98,14.311,60.615,6.255,277.656,76.764,92.494,0.164,0.437,0.385,0.145,0.239,0.305,0.433,DEGRADED,91.0,Medium,SEED
2026-06-01 00:00:11,SEED-600,2905.779,12.728,53.107,6.151,349.08,66.494,79.934,0.232,0.283,0.211,0.078,0.087,0.199,0.337,NORMAL,79.8,Low,SEED
2026-06-01 00:10:11,SEED-601,2509.118,17.183,67.76,4.749,208.952,82.896,107.048,0.308,0.407,0.54,0.295,0.325,0.466,0.419,FAULT,84.0,High,SEED
2026-06-01 00:20:11,SEED-602,2617.614,16.561,63.621,5.405,266.6,81.59,91.196,0.357,0.575,0.3,0.288,0.27,0.47,0.62,FAULT,77.1,High,SEED
2026-06-01 00:30:11,SEED-603,2740.323,12.114,53.829,8.291,281.912,67.496,78.299,0.131,0.248,0.238,0.115,0.017,0.037,0.31,NORMAL,92.4,Low,SEED
2026-06-01 00:40:11,SEED-604,3092.21,15.708,45.65,7.636,346.733,76.604,77.494,0.16,0.038,0.221,0.067,0.182,0.179,0.168,NORMAL,93.2,Low,SEED
2026-06-01 00:50:11,SEED-605,2869.664,12.081,40.091,7.175,291.336,74.217,76.237,0.288,0.063,0.063,0.017,0.187,0.149,0.246,NORMAL,93.5,Low,SEED
2026-06-01 01:00:11,SEED-606,2864.445,14.348,55.418,6.188,296.736,79.165,86.672,0.305,0.268,0.376,0.126,0.288,0.145,0.551,DEGRADED,91.0,Medium,SEED
2026-06-01 01:10:11,SEED-607,2864.461,12.44,47.101,7.987,285.355,77.432,89.725,0.093,0.117,0.05,0.176,0.11,0.064,0.109,NORMAL,76.9,Low,SEED
2026-06-01 01:20:11,SEED-608,2804.709,14.34,38.5,8.743,294.177,67.898,84.334,0.208,0.149,0.015,0.132,0.131,0.172,0.19,NORMAL,71.0,Low,SEED
2026-06-01 01:30:11,SEED-609,3036.724,14.49,50.258,6.36,309.538,71.544,89.794,0.247,0.054,0.27,0.034,0.159,0.103,0.336,NORMAL,82.3,Low,SEED
2026-06-01 01:40:11,SEED-610,2592.305,16.673,56.095,5.438,201.664,84.51,108.91,0.362,0.391,0.356,0.279,0.458,0.22,0.43,FAULT,77.9,High,SEED
2026-06-01 01:50:11,SEED-611,2880.903,14.196,45.128,8.445,294.435,75.784,83.622,0.055,0.057,0.19,0.124,0.05,0.156,0.123,NORMAL,76.4,Low,SEED
2026-06-01 02:00:11,SEED-612,3068.614,13.575,45.528,6.466,284.643,65.927,89.314,0.181,0.014,0.279,0.055,0.126,0.056,0.3,NORMAL,92.0,Low,SEED
2026-06-01 02:10:11,SEED-613,3072.381,12.796,47.873,6.719,333.93,66.264,77.734,0.126,0.153,0.212,0.109,0.158,0.101,0.258,NORMAL,89.2,Low,SEED
2026-06-01 02:20:11,SEED-614,2702.205,16.333,54.747,6.515,250.692,75.63,90.452,0.375,0.349,0.264,0.173,0.237,0.214,0.585,DEGRADED,91.0,Medium,SEED
2026-06-01 02:30:11,SEED-615,2869.53,15.567,39.582,8.863,305.879,67.428,84.839,0.252,0.271,0.025,0.112,0.127,0.135,0.314,NORMAL,79.6,Low,SEED
2026-06-01 02:40:11,SEED-616,3178.386,14.076,52.999,6.114,314.812,65.776,78.315,0.282,0.194,0.124,0.059,0.16,0.097,0.111,NORMAL,83.9,Low,SEED
2026-06-01 02:50:11,SEED-617,2984.556,14.127,36.702,6.879,306.072,74.25,84.805,0.031,0.228,0.099,0.06,0.098,0.102,0.198,NORMAL,82.0,Low,SEED
2026-06-01 03:00:11,SEED-618,2764.766,12.869,40.467,6.014,301.364,68.572,81.953,0.117,0.202,0.016,0.199,0.147,0.105,0.131,NORMAL,77.9,Low,SEED
2026-06-01 03:10:11,SEED-619,2896.553,15.961,42.124,6.033,341.998,71.35,77.201,0.221,0.158,0.21,0.159,0.157,0.149,0.198,NORMAL,77.7,Low,SEED
2026-06-01 03:20:11,SEED-620,2973.892,12.291,46.259,6.746,317.033,72.73,79.459,0.175,0.143,0.206,0.054,0.047,0.111,0.203,NORMAL,90.4,Low,SEED
2026-06-01 03:30:11,SEED-621,3198.641,14.037,47.316,8.829,297.717,76.195,75.058,0.223,0.058,0.047,0.193,0.163,0.05,0.37,NORMAL,81.8,Low,SEED
2026-06-01 03:40:11,SEED-622,2726.467,15.162,51.419,5.597,248.685,74.315,87.12,0.295,0.291,0.198,0.164,0.319,0.124,0.455,DEGRADED,91.0,Medium,SEED
2026-06-01 03:50:11,SEED-623,3161.849,12.144,45.128,6.871,347.409,71.47,82.355,0.105,0.263,0.179,0.112,0.175,0.047,0.322,NORMAL,75.4,Low,SEED
2026-06-01 04:00:11,SEED-624,2892.893,15.346,56.688,7.49,241.776,73.421,84.458,0.314,0.307,0.184,0.33,0.267,0.113,0.546,DEGRADED,91.0,Medium,SEED
2026-06-01 04:10:11,SEED-625,2682.586,16.33,68.84,5.137,211.701,81.793,108.547,0.55,0.432,0.321,0.283,0.391,0.483,0.448,FAULT,78.0,High,SEED
2026-06-01 04:20:11,SEED-626,3179.437,12.406,44.5,7.395,344.889,71.235,78.585,0.011,0.159,0.069,0.091,0.18,0.194,0.297,NORMAL,75.5,Low,SEED
2026-06-01 04:30:11,SEED-627,2719.335,13.811,53.485,6.715,328.617,68.815,83.752,0.246,0.023,0.257,0.158,0.136,0.021,0.187,NORMAL,82.9,Low,SEED
2026-06-01 04:40:11,SEED-628,3106.356,13.55,48.482,7.258,314.112,77.238,75.535,0.069,0.234,0.033,0.015,0.114,0.108,0.326,NORMAL,72.7,Low,SEED
2026-06-01 04:50:11,SEED-629,2786.925,15.017,55.71,6.051,243.51,74.612,90.92,0.264,0.269,0.226,0.297,0.265,0.169,0.257,DEGRADED,91.0,Medium,SEED
2026-06-01 05:00:11,SEED-630,2806.635,15.468,35.503,8.955,337.97,71.094,77.548,0.209,0.205,0.256,0.053,0.107,0.098,0.298,NORMAL,73.3,Low,SEED
2026-06-01 05:10:11,SEED-631,2862.64,16.445,50.153,7.412,240.329,76.392,95.91,0.194,0.432,0.367,0.154,0.269,0.224,0.266,DEGRADED,91.0,Medium,SEED
2026-06-01 05:20:11,SEED-632,2907.777,12.298,51.097,7.496,351.981,69.906,82.196,0.063,0.061,0.296,0.093,0.091,0.156,0.239,NORMAL,80.4,Low,SEED
2026-06-01 05:30:11,SEED-633,2609.07,16.446,67.529,5.317,230.897,80.226,93.557,0.47,0.401,0.452,0.379,0.214,0.233,0.592,FAULT,75.4,High,SEED
2026-06-01 05:40:11,SEED-634,2911.692,12.149,37.427,6.561,326.394,74.202,81.276,0.191,0.1,0.053,0.129,0.191,0.114,0.207,NORMAL,92.2,Low,SEED
2026-06-01 05:50:11,SEED-635,2544.794,17.751,59.073,5.187,225.256,87.969,103.78,0.394,0.56,0.504,0.366,0.247,0.428,0.595,FAULT,93.3,High,SEED
2026-06-01 06:00:11,SEED-636,2704.498,13.509,43.107,8.379,352.032,70.183,88.262,0.072,0.282,0.06,0.196,0.033,0.187,0.155,NORMAL,71.3,Low,SEED
2026-06-01 06:10:11,SEED-637,2633.444,15.499,49.056,6.975,307.425,76.354,88.006,0.319,0.283,0.446,0.176,0.194,0.292,0.33,DEGRADED,91.0,Medium,SEED
2026-06-01 06:20:11,SEED-638,2824.877,14.354,52.672,6.538,282.656,82.288,85.955,0.204,0.28,0.202,0.186,0.176,0.251,0.31,DEGRADED,91.0,Medium,SEED
2026-06-01 06:30:11,SEED-639,2834.953,15.427,53.367,6.785,272.927,80.172,92.131,0.331,0.338,0.28,0.188,0.247,0.24,0.372,DEGRADED,91.0,Medium,SEED
2026-06-01 06:40:11,SEED-640,2653.118,15.207,52.381,5.383,273.838,74.973,88.755,0.227,0.184,0.199,0.197,0.252,0.26,0.542,DEGRADED,91.0,Medium,SEED
2026-06-01 06:50:11,SEED-641,2741.961,12.761,53.22,6.218,352.308,71.549,89.543,0.051,0.074,0.246,0.151,0.07,0.126,0.277,NORMAL,83.0,Low,SEED
2026-06-01 07:00:11,SEED-642,2847.261,14.531,48.447,5.038,270.441,82.753,84.945,0.255,0.374,0.309,0.147,0.119,0.33,0.451,DEGRADED,91.0,Medium,SEED
2026-06-01 07:10:11,SEED-643,3127.296,12.273,35.647,7.938,310.313,72.591,79.867,0.067,0.173,0.213,0.138,0.019,0.065,0.233,NORMAL,79.8,Low,SEED
2026-06-01 07:20:11,SEED-644,2636.761,14.082,61.406,5.263,270.273,73.545,91.144,0.369,0.169,0.246,0.342,0.175,0.232,0.281,DEGRADED,91.0,Medium,SEED
2026-06-01 07:30:11,SEED-645,2807.566,13.964,52.893,7.243,293.173,72.862,88.385,0.239,0.121,0.217,0.134,0.045,0.081,0.38,NORMAL,72.0,Low,SEED
2026-06-01 07:40:11,SEED-646,2702.871,15.925,49.908,8.865,329.338,71.498,82.458,0.28,0.269,0.183,0.085,0.066,0.19,0.115,NORMAL,85.7,Low,SEED
2026-06-01 07:50:11,SEED-647,2927.646,16.03,45.983,5.094,281.075,78.685,84.649,0.159,0.408,0.371,0.336,0.214,0.21,0.302,DEGRADED,91.0,Medium,SEED
2026-06-01 08:00:11,SEED-648,2864.121,15.771,58.703,7.146,271.457,78.156,94.47,0.208,0.262,0.265,0.341,0.193,0.333,0.506,DEGRADED,91.0,Medium,SEED
2026-06-01 08:10:11,SEED-649,2642.804,17.77,68.131,5.503,213.423,78.706,99.944,0.36,0.496,0.445,0.4,0.255,0.243,0.799,FAULT,91.8,High,SEED
2026-06-01 08:20:11,SEED-650,2699.754,14.862,46.239,5.052,248.008,82.408,95.314,0.271,0.241,0.241,0.185,0.307,0.155,0.267,DEGRADED,91.0,Medium,SEED
2026-06-01 08:30:11,SEED-651,3089.952,15.147,37.668,7.205,296.843,69.016,75.236,0.206,0.06,0.157,0.019,0.135,0.112,0.207,NORMAL,85.0,Low,SEED
2026-06-01 08:40:11,SEED-652,2933.003,13.386,52.675,8.889,301.217,77.002,76.479,0.202,0.218,0.228,0.142,0.09,0.094,0.181,NORMAL,77.5,Low,SEED
2026-06-01 08:50:11,SEED-653,2893.28,14.635,53.911,5.891,279.571,82.097,88.662,0.189,0.277,0.201,0.144,0.289,0.182,0.291,DEGRADED,91.0,Medium,SEED
2026-06-01 09:00:11,SEED-654,2908.738,15.788,52.731,7.92,295.898,67.485,87.834,0.052,0.208,0.133,0.015,0.12,0.05,0.172,NORMAL,73.5,Low,SEED
2026-06-01 09:10:11,SEED-655,2685.547,16.896,57.782,5.355,267.309,88.847,94.679,0.325,0.545,0.378,0.428,0.247,0.323,0.651,FAULT,78.8,High,SEED
2026-06-01 09:20:11,SEED-656,2885.866,15.448,61.001,6.284,295.497,79.051,92.747,0.416,0.311,0.363,0.165,0.231,0.34,0.397,DEGRADED,91.0,Medium,SEED
2026-06-01 09:30:11,SEED-657,2564.242,17.758,69.807,5.159,272.936,78.526,98.147,0.375,0.492,0.579,0.392,0.448,0.366,0.752,FAULT,76.5,High,SEED
2026-06-01 09:40:11,SEED-658,2766.511,14.204,38.594,8.587,296.185,73.737,88.458,0.058,0.194,0.228,0.067,0.187,0.124,0.361,NORMAL,91.6,Low,SEED
2026-06-01 09:50:11,SEED-659,2872.779,14.491,48.739,6.758,268.218,76.369,86.472,0.317,0.207,0.432,0.196,0.172,0.205,0.447,DEGRADED,91.0,Medium,SEED
2026-06-01 10:00:11,SEED-660,2790.217,13.015,51.655,8.302,309.069,69.951,76.829,0.189,0.15,0.159,0.106,0.016,0.083,0.256,NORMAL,76.7,Low,SEED
2026-06-01 10:10:11,SEED-661,2964.433,15.159,41.594,6.866,313.848,76.69,87.556,0.178,0.03,0.172,0.185,0.028,0.104,0.381,NORMAL,88.0,Low,SEED
2026-06-01 10:20:11,SEED-662,3050.622,15.134,44.668,7.073,325.828,76.464,87.671,0.298,0.112,0.208,0.171,0.198,0.126,0.187,NORMAL,74.6,Low,SEED
2026-06-01 10:30:11,SEED-663,3188.855,14.379,53.615,8.911,302.227,69.443,87.785,0.165,0.274,0.144,0.044,0.04,0.194,0.118,NORMAL,94.8,Low,SEED
2026-06-01 10:40:11,SEED-664,2746.866,15.187,41.603,7.279,297.562,71.618,80.169,0.247,0.231,0.085,0.196,0.028,0.016,0.235,NORMAL,81.5,Low,SEED
2026-06-01 10:50:11,SEED-665,2798.012,15.336,46.385,6.519,262.032,79.022,84.555,0.334,0.264,0.242,0.163,0.233,0.144,0.457,DEGRADED,91.0,Medium,SEED
2026-06-01 11:00:11,SEED-666,2829.114,14.872,52.903,8.655,335.112,70.334,81.687,0.177,0.19,0.143,0.197,0.124,0.152,0.173,NORMAL,74.6,Low,SEED
2026-06-01 11:10:11,SEED-667,2796.108,14.556,46.773,5.16,310.378,81.063,85.645,0.262,0.362,0.361,0.311,0.312,0.161,0.525,DEGRADED,91.0,Medium,SEED
2026-06-01 11:20:11,SEED-668,2605.523,16.449,63.38,5.954,234.218,88.889,100.074,0.389,0.583,0.317,0.446,0.443,0.422,0.768,FAULT,72.9,High,SEED
2026-06-01 11:30:11,SEED-669,2647.087,16.316,62.479,5.971,266.951,84.352,107.257,0.33,0.495,0.535,0.431,0.487,0.226,0.706,FAULT,72.9,High,SEED
2026-06-01 11:40:11,SEED-670,2866.865,15.576,40.277,7.996,320.751,73.68,83.73,0.038,0.263,0.142,0.163,0.112,0.063,0.276,NORMAL,75.8,Low,SEED
2026-06-01 11:50:11,SEED-671,3040.775,13.145,38.007,8.759,349.991,75.841,88.65,0.04,0.293,0.273,0.195,0.15,0.155,0.174,NORMAL,73.0,Low,SEED
2026-06-01 12:00:11,SEED-672,3138.692,12.055,44.489,7.389,331.25,70.281,83.998,0.222,0.105,0.231,0.174,0.147,0.101,0.18,NORMAL,94.4,Low,SEED
2026-06-01 12:10:11,SEED-673,2873.617,15.413,50.421,6.563,295.105,72.995,86.641,0.169,0.069,0.177,0.073,0.116,0.053,0.397,NORMAL,90.0,Low,SEED
2026-06-01 12:20:11,SEED-674,2771.443,14.652,36.931,6.003,337.34,71.14,77.268,0.228,0.102,0.084,0.138,0.034,0.102,0.18,NORMAL,83.5,Low,SEED
2026-06-01 12:30:11,SEED-675,2866.282,15.785,36.928,8.71,297.494,74.233,89.652,0.175,0.234,0.108,0.12,0.067,0.159,0.38,NORMAL,80.5,Low,SEED
2026-06-01 12:40:11,SEED-676,2655.487,16.928,60.083,7.409,244.18,75.551,95.383,0.186,0.181,0.328,0.227,0.155,0.215,0.268,DEGRADED,91.0,Medium,SEED
2026-06-01 12:50:11,SEED-677,2702.887,14.265,47.248,6.403,273.986,81.667,88.446,0.384,0.228,0.247,0.192,0.234,0.324,0.592,DEGRADED,91.0,Medium,SEED
2026-06-01 13:00:11,SEED-678,2814.82,14.098,36.531,6.826,299.459,66.17,78.525,0.07,0.273,0.045,0.06,0.065,0.088,0.178,NORMAL,94.2,Low,SEED
2026-06-01 13:10:11,SEED-679,3117.569,15.829,36.732,7.264,346.662,77.115,84.084,0.024,0.277,0.121,0.087,0.134,0.185,0.227,NORMAL,71.5,Low,SEED
2026-06-01 13:20:11,SEED-680,3072.034,13.03,41.949,6.51,343.471,70.826,76.969,0.236,0.292,0.037,0.017,0.085,0.04,0.344,NORMAL,71.7,Low,SEED
2026-06-01 13:30:11,SEED-681,2781.198,12.969,35.324,8.984,355.108,69.23,79.983,0.196,0.02,0.277,0.038,0.104,0.098,0.199,NORMAL,93.1,Low,SEED
2026-06-01 13:40:11,SEED-682,2927.88,15.036,49.625,6.476,266.799,71.507,82.519,0.22,0.423,0.316,0.306,0.136,0.305,0.402,DEGRADED,91.0,Medium,SEED
2026-06-01 13:50:11,SEED-683,3067.232,14.827,35.549,8.933,301.641,69.231,83.652,0.055,0.01,0.083,0.184,0.057,0.031,0.198,NORMAL,79.1,Low,SEED
2026-06-01 14:00:11,SEED-684,2936.965,15.189,37.21,6.715,306.827,66.458,76.732,0.259,0.16,0.229,0.067,0.079,0.163,0.284,NORMAL,92.8,Low,SEED
2026-06-01 14:10:11,SEED-685,3011.735,13.901,35.44,7.848,302.598,74.695,83.842,0.048,0.147,0.154,0.089,0.149,0.013,0.268,NORMAL,80.9,Low,SEED
2026-06-01 14:20:11,SEED-686,3138.378,13.336,52.032,6.98,308.776,71.228,79.107,0.036,0.207,0.228,0.1,0.136,0.079,0.191,NORMAL,93.8,Low,SEED
2026-06-01 14:30:11,SEED-687,2880.113,12.176,50.486,6.397,308.168,76.205,81.014,0.103,0.056,0.102,0.081,0.175,0.181,0.326,NORMAL,80.6,Low,SEED
2026-06-01 14:40:11,SEED-688,2747.913,16.987,49.157,6.758,279.017,75.853,89.681,0.171,0.241,0.274,0.166,0.21,0.222,0.394,DEGRADED,91.0,Medium,SEED
2026-06-01 14:50:11,SEED-689,3118.299,12.38,43.174,8.427,316.195,72.688,84.571,0.188,0.101,0.038,0.188,0.118,0.122,0.135,NORMAL,86.0,Low,SEED
2026-06-01 15:00:11,SEED-690,2883.976,15.927,47.145,7.034,341.676,73.589,80.369,0.181,0.293,0.144,0.037,0.136,0.062,0.386,NORMAL,78.2,Low,SEED
2026-06-01 15:10:11,SEED-691,2782.296,14.953,48.474,6.004,349.179,66.704,89.054,0.257,0.234,0.063,0.063,0.199,0.141,0.231,NORMAL,74.5,Low,SEED
2026-06-01 15:20:11,SEED-692,3039.299,14.328,47.655,7.936,341.506,66.229,85.067,0.136,0.066,0.203,0.178,0.078,0.069,0.277,NORMAL,82.4,Low,SEED
2026-06-01 15:30:11,SEED-693,2501.934,17.647,62.234,4.256,214.755,85.148,100.084,0.329,0.598,0.38,0.227,0.459,0.282,0.489,FAULT,87.3,High,SEED
2026-06-01 15:40:11,SEED-694,2562.834,17.817,67.668,4.39,262.383,82.239,100.315,0.542,0.384,0.311,0.452,0.48,0.48,0.547,FAULT,94.8,High,SEED
2026-06-01 15:50:11,SEED-695,2625.168,16.976,62.353,4.309,265.429,89.167,95.983,0.524,0.543,0.411,0.252,0.22,0.224,0.667,FAULT,77.0,High,SEED
2026-06-01 16:00:11,SEED-696,2753.518,13.494,51.606,7.059,344.602,77.84,80.426,0.116,0.225,0.013,0.066,0.167,0.045,0.268,NORMAL,81.9,Low,SEED
2026-06-01 16:10:11,SEED-697,2882.794,14.708,36.552,7.263,324.56,73.742,77.291,0.059,0.046,0.171,0.121,0.192,0.073,0.23,NORMAL,94.4,Low,SEED
2026-06-01 16:20:11,SEED-698,2944.004,14.808,48.001,7.008,278.72,73.858,83.672,0.193,0.424,0.163,0.192,0.291,0.312,0.518,DEGRADED,91.0,Medium,SEED
2026-06-01 16:30:11,SEED-699,2784.381,13.001,36.525,6.948,349.141,68.295,81.618,0.088,0.122,0.093,0.064,0.016,0.174,0.205,NORMAL,74.3,Low,SEED
2026-06-01 16:40:11,SEED-700,2920.262,12.846,53.327,8.653,340.511,75.861,76.831,0.223,0.23,0.026,0.027,0.056,0.11,0.307,NORMAL,90.4,Low,SEED
2026-06-01 16:50:11,SEED-701,2642.453,15.513,45.777,5.979,273.495,71.531,94.944,0.313,0.255,0.173,0.169,0.154,0.183,0.422,DEGRADED,91.0,Medium,SEED
2026-06-01 17:00:11,SEED-702,2984.607,12.431,42.161,8.804,348.305,69.053,88.687,0.193,0.227,0.169,0.059,0.175,0.173,0.188,NORMAL,73.8,Low,SEED
2026-06-01 17:10:11,SEED-703,2564.813,16.962,62.778,4.672,217.615,85.05,109.08,0.476,0.458,0.471,0.317,0.472,0.238,0.411,FAULT,77.8,High,SEED
2026-06-01 17:20:11,SEED-704,2777.843,14.337,42.376,8.774,335.815,69.832,75.095,0.072,0.193,0.248,0.049,0.051,0.023,0.123,NORMAL,94.0,Low,SEED
2026-06-01 17:30:11,SEED-705,2808.252,14.124,42.541,8.263,284.952,66.395,76.376,0.264,0.23,0.169,0.132,0.078,0.081,0.195,NORMAL,82.4,Low,SEED
2026-06-01 17:40:11,SEED-706,3129.69,14.3,37.02,7.038,341.731,74.432,87.788,0.258,0.245,0.089,0.078,0.151,0.017,0.341,NORMAL,80.1,Low,SEED
2026-06-01 17:50:11,SEED-707,3059.18,12.947,39.321,6.139,284.157,74.741,85.997,0.082,0.114,0.207,0.052,0.067,0.084,0.379,NORMAL,72.5,Low,SEED
2026-06-01 18:00:11,SEED-708,2841.272,15.444,50.485,5.038,261.341,71.709,89.594,0.172,0.439,0.206,0.168,0.3,0.159,0.507,DEGRADED,91.0,Medium,SEED
2026-06-01 18:10:11,SEED-709,2803.773,14.345,36.44,6.073,291.222,75.461,83.631,0.1,0.202,0.242,0.062,0.079,0.016,0.101,NORMAL,90.1,Low,SEED
2026-06-01 18:20:11,SEED-710,3196.187,15.285,39.496,7.435,321.494,71.315,84.863,0.258,0.181,0.182,0.028,0.101,0.135,0.125,NORMAL,93.3,Low,SEED
2026-06-01 18:30:11,SEED-711,2908.69,15.963,54.463,5.836,267.138,79.199,85.203,0.364,0.309,0.16,0.113,0.226,0.243,0.452,DEGRADED,91.0,Medium,SEED
2026-06-01 18:40:11,SEED-712,2746.248,14.241,59.054,7.428,303.976,81.143,95.701,0.226,0.18,0.29,0.21,0.293,0.116,0.33,DEGRADED,91.0,Medium,SEED
2026-06-01 18:50:11,SEED-713,2536.923,16.811,66.651,5.084,224.654,88.446,96.346,0.401,0.583,0.376,0.242,0.32,0.466,0.765,FAULT,86.4,High,SEED
2026-06-01 19:00:11,SEED-714,2798.732,14.117,46.603,8.62,310.167,72.553,77.248,0.284,0.153,0.023,0.158,0.034,0.18,0.39,NORMAL,92.2,Low,SEED
2026-06-01 19:10:11,SEED-715,2916.419,14.116,38.153,6.892,343.884,74.974,80.48,0.127,0.154,0.073,0.162,0.051,0.159,0.381,NORMAL,74.9,Low,SEED
2026-06-01 19:20:11,SEED-716,2806.175,14.03,44.316,6.501,353.907,68.693,89.685,0.295,0.057,0.246,0.143,0.146,0.016,0.285,NORMAL,80.1,Low,SEED
2026-06-01 19:30:11,SEED-717,2690.805,17.049,66.202,5.833,226.243,83.171,101.583,0.499,0.547,0.368,0.224,0.471,0.257,0.486,FAULT,85.2,High,SEED
2026-06-01 19:40:11,SEED-718,2912.759,16.657,47.175,5.797,244.367,78.847,86.709,0.2,0.341,0.321,0.116,0.291,0.25,0.312,DEGRADED,91.0,Medium,SEED
2026-06-01 19:50:11,SEED-719,2978.13,12.723,45.266,8.168,290.187,65.498,80.652,0.286,0.239,0.244,0.011,0.062,0.145,0.197,NORMAL,88.1,Low,SEED
2026-06-01 20:00:11,SEED-720,3199.806,12.993,42.866,8.397,282.702,67.583,79.308,0.159,0.16,0.048,0.073,0.057,0.143,0.144,NORMAL,84.1,Low,SEED
2026-06-01 20:10:11,SEED-721,2611.561,15.369,59.649,5.624,293.341,78.516,84.252,0.413,0.427,0.4,0.175,0.246,0.311,0.579,DEGRADED,91.0,Medium,SEED
2026-06-01 20:20:11,SEED-722,2622.976,16.014,53.259,6.578,313.287,82.66,87.381,0.265,0.444,0.357,0.238,0.3,0.247,0.401,DEGRADED,91.0,Medium,SEED
2026-06-01 20:30:11,SEED-723,2758.128,13.229,37.61,8.74,288.157,65.026,76.273,0.04,0.153,0.293,0.139,0.179,0.016,0.157,NORMAL,81.1,Low,SEED
2026-06-01 20:40:11,SEED-724,2715.452,14.654,44.477,6.77,316.471,76.172,86.299,0.169,0.289,0.127,0.102,0.187,0.076,0.255,NORMAL,75.1,Low,SEED
2026-06-01 20:50:11,SEED-725,2669.05,16.234,61.435,4.63,235.19,79.214,102.859,0.498,0.451,0.524,0.266,0.315,0.427,0.472,FAULT,91.9,High,SEED
2026-06-01 21:00:11,SEED-726,2725.356,14.554,42.587,7.645,329.69,71.42,77.219,0.205,0.193,0.068,0.063,0.043,0.182,0.193,NORMAL,87.8,Low,SEED
2026-06-01 21:10:11,SEED-727,2974.747,15.413,54.218,8.551,332.969,69.488,86.137,0.1,0.189,0.122,0.159,0.098,0.182,0.151,NORMAL,88.7,Low,SEED
2026-06-01 21:20:11,SEED-728,2532.847,16.394,62.938,4.692,221.034,89.04,100.04,0.445,0.348,0.388,0.371,0.422,0.208,0.642,FAULT,74.7,High,SEED
2026-06-01 21:30:11,SEED-729,3021.175,15.007,35.696,8.22,356.097,77.866,86.44,0.097,0.233,0.122,0.048,0.103,0.158,0.274,NORMAL,75.6,Low,SEED
2026-06-01 21:40:11,SEED-730,2956.338,14.719,35.482,6.587,332.38,67.785,82.345,0.174,0.204,0.173,0.097,0.131,0.085,0.313,NORMAL,81.4,Low,SEED
2026-06-01 21:50:11,SEED-731,2735.605,15.603,44.505,6.035,341.0,69.554,75.744,0.068,0.109,0.228,0.069,0.054,0.088,0.328,NORMAL,80.3,Low,SEED
2026-06-01 22:00:11,SEED-732,2807.866,12.249,49.719,7.026,354.96,75.591,83.57,0.179,0.107,0.208,0.034,0.168,0.086,0.161,NORMAL,91.7,Low,SEED
2026-06-01 22:10:11,SEED-733,3150.608,12.702,43.932,6.374,338.234,67.513,82.881,0.037,0.109,0.299,0.194,0.172,0.062,0.226,NORMAL,88.2,Low,SEED
2026-06-01 22:20:11,SEED-734,2819.617,14.979,61.255,5.474,284.524,73.651,98.222,0.266,0.228,0.161,0.142,0.123,0.117,0.461,DEGRADED,91.0,Medium,SEED
2026-06-01 22:30:11,SEED-735,2859.012,14.989,46.139,5.34,299.955,71.994,92.885,0.41,0.294,0.395,0.345,0.304,0.123,0.542,DEGRADED,91.0,Medium,SEED
2026-06-01 22:40:11,SEED-736,3067.483,12.108,47.669,7.681,284.397,70.003,78.704,0.17,0.207,0.209,0.042,0.014,0.102,0.281,NORMAL,91.2,Low,SEED
2026-06-01 22:50:11,SEED-737,2706.276,12.958,35.43,6.187,304.444,74.291,84.943,0.105,0.051,0.064,0.078,0.141,0.028,0.257,NORMAL,85.5,Low,SEED
2026-06-01 23:00:11,SEED-738,2777.692,14.11,47.805,6.256,294.128,81.565,91.435,0.392,0.356,0.444,0.292,0.189,0.254,0.266,DEGRADED,91.0,Medium,SEED
2026-06-01 23:10:11,SEED-739,3058.12,15.857,43.165,7.361,356.649,70.078,88.787,0.158,0.162,0.116,0.023,0.144,0.04,0.361,NORMAL,82.9,Low,SEED
2026-06-01 23:20:11,SEED-740,2989.657,13.746,54.107,7.874,292.381,77.396,80.273,0.081,0.148,0.173,0.086,0.049,0.196,0.143,NORMAL,92.4,Low,SEED
2026-06-01 23:30:11,SEED-741,2977.788,13.096,42.517,6.911,351.943,69.477,85.991,0.03,0.181,0.062,0.046,0.017,0.193,0.355,NORMAL,80.2,Low,SEED
2026-06-01 23:40:11,SEED-742,2630.59,16.08,68.272,5.917,252.532,87.386,97.538,0.564,0.405,0.371,0.326,0.269,0.498,0.786,FAULT,83.2,High,SEED
2026-06-01 23:50:11,SEED-743,2767.711,15.665,59.779,5.928,292.58,78.429,96.293,0.246,0.394,0.351,0.183,0.107,0.226,0.569,DEGRADED,91.0,Medium,SEED
2026-06-02 00:00:11,SEED-744,2912.847,16.305,58.935,5.905,257.615,75.716,95.828,0.376,0.338,0.167,0.203,0.279,0.297,0.508,DEGRADED,91.0,Medium,SEED
2026-06-02 00:10:11,SEED-745,3070.418,14.86,37.197,6.857,349.181,65.854,86.423,0.178,0.02,0.145,0.103,0.15,0.028,0.196,NORMAL,85.8,Low,SEED
2026-06-02 00:20:11,SEED-746,2976.511,15.357,36.75,8.226,317.429,75.561,86.758,0.15,0.021,0.28,0.181,0.172,0.17,0.254,NORMAL,73.8,Low,SEED
2026-06-02 00:30:11,SEED-747,2775.043,14.285,39.711,8.438,316.975,67.969,75.465,0.225,0.113,0.251,0.194,0.126,0.105,0.295,NORMAL,78.3,Low,SEED
2026-06-02 00:40:11,SEED-748,2653.129,16.452,64.718,4.867,228.456,80.634,101.885,0.432,0.313,0.563,0.476,0.426,0.334,0.673,FAULT,73.8,High,SEED
2026-06-02 00:50:11,SEED-749,2952.97,12.521,35.607,8.212,295.886,67.45,89.879,0.243,0.164,0.164,0.049,0.034,0.028,0.132,NORMAL,80.4,Low,SEED
2026-06-02 01:00:11,SEED-750,2793.47,14.971,61.573,6.652,277.832,76.389,89.308,0.427,0.204,0.338,0.241,0.23,0.327,0.315,DEGRADED,91.0,Medium,SEED
2026-06-02 01:10:11,SEED-751,2759.046,15.54,46.487,6.015,309.27,77.349,85.06,0.265,0.018,0.183,0.05,0.032,0.136,0.177,NORMAL,87.0,Low,SEED
2026-06-02 01:20:11,SEED-752,2625.994,16.125,60.352,5.13,252.492,72.669,97.158,0.448,0.25,0.389,0.199,0.171,0.149,0.261,DEGRADED,91.0,Medium,SEED
2026-06-02 01:30:11,SEED-753,3088.629,13.741,52.952,8.68,296.101,77.624,86.214,0.188,0.036,0.28,0.104,0.061,0.197,0.396,NORMAL,91.9,Low,SEED
2026-06-02 01:40:11,SEED-754,2943.427,14.582,50.707,5.696,318.362,79.509,85.309,0.319,0.177,0.248,0.255,0.336,0.24,0.446,DEGRADED,91.0,Medium,SEED
2026-06-02 01:50:11,SEED-755,3185.233,14.51,39.574,7.444,353.113,76.53,84.951,0.03,0.245,0.114,0.074,0.157,0.171,0.163,NORMAL,71.2,Low,SEED
2026-06-02 02:00:11,SEED-756,2650.373,17.461,55.566,5.213,234.919,78.016,100.072,0.382,0.492,0.354,0.475,0.289,0.338,0.657,FAULT,83.3,High,SEED
2026-06-02 02:10:11,SEED-757,3159.727,15.737,40.305,6.644,335.23,72.943,82.168,0.16,0.109,0.19,0.167,0.186,0.087,0.144,NORMAL,92.6,Low,SEED
2026-06-02 02:20:11,SEED-758,3153.813,12.969,41.185,6.893,286.749,72.587,84.365,0.178,0.069,0.276,0.142,0.1,0.142,0.36,NORMAL,78.3,Low,SEED
2026-06-02 02:30:11,SEED-759,3036.631,13.821,42.375,7.477,308.621,70.634,82.064,0.278,0.084,0.235,0.076,0.075,0.127,0.245,NORMAL,82.8,Low,SEED
2026-06-02 02:40:11,SEED-760,3044.699,14.976,38.85,8.396,303.544,71.543,79.131,0.042,0.257,0.094,0.16,0.109,0.182,0.18,NORMAL,73.6,Low,SEED
2026-06-02 02:50:11,SEED-761,2698.289,17.677,57.623,4.503,271.844,88.626,108.714,0.592,0.304,0.41,0.429,0.33,0.348,0.559,FAULT,91.5,High,SEED
2026-06-02 03:00:11,SEED-762,2941.153,15.237,36.263,6.794,315.967,71.983,89.136,0.116,0.18,0.242,0.084,0.141,0.153,0.157,NORMAL,71.5,Low,SEED
2026-06-02 03:10:11,SEED-763,2851.496,15.751,36.437,6.711,309.354,69.176,76.955,0.275,0.159,0.056,0.135,0.177,0.158,0.346,NORMAL,83.6,Low,SEED
2026-06-02 03:20:11,SEED-764,2697.893,16.154,53.58,6.764,272.2,72.631,85.822,0.378,0.197,0.265,0.191,0.106,0.182,0.332,DEGRADED,91.0,Medium,SEED
2026-06-02 03:30:11,SEED-765,2712.498,14.718,46.02,8.629,303.2,74.48,82.683,0.251,0.242,0.163,0.152,0.045,0.022,0.322,NORMAL,79.5,Low,SEED
2026-06-02 03:40:11,SEED-766,2619.543,16.257,58.856,5.572,250.048,77.597,92.962,0.341,0.276,0.331,0.248,0.178,0.345,0.421,DEGRADED,91.0,Medium,SEED
2026-06-02 03:50:11,SEED-767,2684.148,16.339,50.775,7.014,319.702,71.688,98.988,0.261,0.228,0.203,0.113,0.231,0.156,0.398,DEGRADED,91.0,Medium,SEED
2026-06-02 04:00:11,SEED-768,2693.195,16.929,56.791,5.622,248.177,78.728,97.306,0.518,0.541,0.391,0.321,0.254,0.407,0.574,FAULT,94.8,High,SEED
2026-06-02 04:10:11,SEED-769,2941.801,13.395,48.531,7.674,337.413,77.623,75.936,0.033,0.244,0.014,0.188,0.19,0.119,0.27,NORMAL,73.2,Low,SEED
2026-06-02 04:20:11,SEED-770,2639.518,17.432,65.461,5.612,207.166,84.871,101.724,0.453,0.367,0.452,0.487,0.354,0.274,0.746,FAULT,83.2,High,SEED
2026-06-02 04:30:11,SEED-771,2749.551,14.158,39.15,6.146,343.479,74.99,81.327,0.125,0.255,0.074,0.088,0.148,0.172,0.303,NORMAL,84.1,Low,SEED
2026-06-02 04:40:11,SEED-772,3086.894,14.651,52.358,7.341,306.001,67.226,83.017,0.086,0.076,0.026,0.047,0.071,0.126,0.1,NORMAL,73.9,Low,SEED
2026-06-02 04:50:11,SEED-773,2676.601,14.541,62.352,6.472,309.479,80.17,95.383,0.323,0.292,0.416,0.185,0.336,0.216,0.351,DEGRADED,91.0,Medium,SEED
2026-06-02 05:00:11,SEED-774,3020.162,13.837,46.235,7.955,287.612,77.759,85.908,0.185,0.271,0.261,0.176,0.15,0.11,0.33,NORMAL,92.5,Low,SEED
2026-06-02 05:10:11,SEED-775,3057.574,14.977,49.414,8.068,281.901,73.92,87.264,0.118,0.036,0.217,0.081,0.18,0.098,0.37,NORMAL,92.7,Low,SEED
2026-06-02 05:20:11,SEED-776,3142.143,14.198,46.76,8.637,318.972,77.907,88.01,0.202,0.174,0.034,0.126,0.109,0.062,0.189,NORMAL,94.4,Low,SEED
2026-06-02 05:30:11,SEED-777,2725.774,15.878,37.221,6.404,328.678,66.617,86.286,0.019,0.293,0.016,0.017,0.07,0.098,0.145,NORMAL,81.6,Low,SEED
2026-06-02 05:40:11,SEED-778,2750.229,15.623,50.379,6.733,293.836,66.221,87.015,0.246,0.124,0.058,0.157,0.158,0.156,0.284,NORMAL,93.7,Low,SEED
2026-06-02 05:50:11,SEED-779,2851.768,16.796,48.566,6.491,301.017,83.655,82.965,0.224,0.241,0.268,0.313,0.337,0.332,0.33,DEGRADED,91.0,Medium,SEED
2026-06-02 06:00:11,SEED-780,2871.153,12.81,46.43,6.362,334.962,76.132,79.968,0.088,0.027,0.104,0.098,0.103,0.134,0.123,NORMAL,84.2,Low,SEED
2026-06-02 06:10:11,SEED-781,2862.983,14.186,50.728,5.0,287.623,73.42,98.476,0.189,0.238,0.306,0.217,0.318,0.229,0.468,DEGRADED,91.0,Medium,SEED
2026-06-02 06:20:11,SEED-782,2949.394,13.785,51.025,6.719,280.468,66.359,78.819,0.059,0.221,0.291,0.126,0.171,0.163,0.105,NORMAL,79.4,Low,SEED
2026-06-02 06:30:11,SEED-783,3187.5,14.375,48.899,7.287,310.721,66.226,89.348,0.129,0.09,0.041,0.145,0.186,0.148,0.375,NORMAL,80.8,Low,SEED
2026-06-02 06:40:11,SEED-784,2697.116,17.842,55.152,5.566,263.375,81.231,104.819,0.324,0.479,0.577,0.433,0.338,0.274,0.649,FAULT,94.3,High,SEED
2026-06-02 06:50:11,SEED-785,3083.833,12.083,39.605,8.827,341.844,70.526,87.523,0.133,0.267,0.202,0.085,0.025,0.129,0.384,NORMAL,94.7,Low,SEED
2026-06-02 07:00:11,SEED-786,2617.731,17.501,60.985,5.527,251.531,89.966,97.145,0.48,0.466,0.49,0.477,0.408,0.453,0.577,FAULT,83.1,High,SEED
2026-06-02 07:10:11,SEED-787,2896.408,15.609,51.334,8.063,341.975,72.139,80.371,0.191,0.047,0.217,0.129,0.019,0.166,0.311,NORMAL,79.4,Low,SEED
2026-06-02 07:20:11,SEED-788,2565.831,16.116,55.78,5.594,240.845,84.022,102.39,0.578,0.577,0.517,0.43,0.431,0.265,0.641,FAULT,91.7,High,SEED
2026-06-02 07:30:11,SEED-789,3156.863,14.442,43.708,8.134,300.123,70.993,77.851,0.056,0.091,0.055,0.033,0.169,0.165,0.171,NORMAL,75.7,Low,SEED
2026-06-02 07:40:11,SEED-790,2594.72,16.811,66.633,5.531,213.526,88.876,97.492,0.312,0.347,0.506,0.278,0.483,0.406,0.762,FAULT,85.9,High,SEED
2026-06-02 07:50:11,SEED-791,2856.576,16.247,61.102,6.847,270.507,82.46,91.183,0.318,0.361,0.446,0.122,0.309,0.333,0.285,DEGRADED,91.0,Medium,SEED
2026-06-02 08:00:11,SEED-792,3187.8,15.94,47.695,8.673,337.955,70.477,79.063,0.28,0.283,0.175,0.038,0.178,0.119,0.284,NORMAL,85.2,Low,SEED
2026-06-02 08:10:11,SEED-793,2723.244,14.034,60.87,6.575,267.427,73.515,95.349,0.402,0.199,0.282,0.322,0.129,0.222,0.468,DEGRADED,91.0,Medium,SEED
2026-06-02 08:20:11,SEED-794,2763.566,16.819,57.465,5.323,269.717,80.7,87.954,0.375,0.396,0.349,0.242,0.145,0.114,0.391,DEGRADED,91.0,Medium,SEED
2026-06-02 08:30:11,SEED-795,2899.857,15.327,44.871,6.302,325.164,73.027,82.699,0.13,0.12,0.08,0.176,0.194,0.075,0.153,NORMAL,71.9,Low,SEED
2026-06-02 08:40:11,SEED-796,2648.271,17.829,62.264,4.529,267.462,80.873,96.943,0.429,0.466,0.584,0.349,0.23,0.273,0.579,FAULT,93.1,High,SEED
2026-06-02 08:50:11,SEED-797,2904.668,15.313,41.656,8.665,350.945,69.783,80.167,0.079,0.056,0.093,0.17,0.138,0.18,0.256,NORMAL,80.8,Low,SEED
2026-06-02 09:00:11,SEED-798,2811.257,12.281,39.628,7.784,340.367,67.862,87.314,0.018,0.114,0.213,0.182,0.076,0.096,0.378,NORMAL,83.8,Low,SEED
2026-06-02 09:10:11,SEED-799,2807.453,16.925,59.784,6.908,306.621,81.643,88.856,0.364,0.241,0.309,0.256,0.326,0.26,0.485,DEGRADED,91.0,Medium,SEED
2026-06-02 09:20:11,SEED-800,3184.879,12.906,52.2,7.357,293.953,69.82,76.201,0.073,0.266,0.154,0.016,0.19,0.027,0.382,NORMAL,88.0,Low,SEED
2026-06-02 09:30:11,SEED-801,2816.746,14.466,42.357,8.993,285.194,72.687,88.763,0.239,0.253,0.089,0.033,0.035,0.087,0.251,NORMAL,82.4,Low,SEED
2026-06-02 09:40:11,SEED-802,2915.78,16.026,62.446,5.849,280.431,81.127,94.556,0.294,0.336,0.164,0.312,0.186,0.218,0.342,DEGRADED,91.0,Medium,SEED
2026-06-02 09:50:11,SEED-803,2580.535,16.707,57.288,5.094,255.43,87.194,109.291,0.51,0.461,0.517,0.218,0.485,0.29,0.714,FAULT,85.5,High,SEED
2026-06-02 10:00:11,SEED-804,3019.357,14.826,39.546,7.833,303.534,70.223,77.064,0.264,0.118,0.103,0.18,0.027,0.171,0.305,NORMAL,77.5,Low,SEED
2026-06-02 10:10:11,SEED-805,2622.042,16.411,65.845,5.33,277.391,83.063,95.34,0.599,0.454,0.445,0.468,0.212,0.349,0.634,FAULT,89.4,High,SEED
2026-06-02 10:20:11,SEED-806,2755.098,14.807,36.904,8.958,289.414,77.759,82.231,0.293,0.012,0.173,0.085,0.054,0.066,0.251,NORMAL,78.0,Low,SEED
2026-06-02 10:30:11,SEED-807,2853.105,15.734,57.2,5.602,247.049,73.777,95.536,0.427,0.238,0.417,0.136,0.127,0.151,0.317,DEGRADED,91.0,Medium,SEED
2026-06-02 10:40:11,SEED-808,2712.494,12.523,53.289,7.786,324.77,67.895,83.708,0.031,0.14,0.039,0.114,0.096,0.121,0.308,NORMAL,90.9,Low,SEED
2026-06-02 10:50:11,SEED-809,2651.632,15.536,49.704,6.326,249.718,77.853,84.663,0.337,0.35,0.217,0.333,0.213,0.185,0.471,DEGRADED,91.0,Medium,SEED
2026-06-02 11:00:11,SEED-810,2814.037,14.966,46.376,8.096,330.849,65.759,79.45,0.08,0.11,0.186,0.162,0.109,0.132,0.122,NORMAL,81.2,Low,SEED
2026-06-02 11:10:11,SEED-811,3137.502,12.833,46.43,8.543,347.158,77.801,85.979,0.182,0.185,0.194,0.153,0.029,0.03,0.341,NORMAL,72.1,Low,SEED
2026-06-02 11:20:11,SEED-812,2593.811,16.068,68.9,5.348,239.065,86.488,104.407,0.407,0.485,0.388,0.467,0.285,0.337,0.431,FAULT,78.1,High,SEED
2026-06-02 11:30:11,SEED-813,2793.875,14.991,42.608,6.168,331.493,76.578,89.928,0.158,0.097,0.273,0.037,0.113,0.127,0.226,NORMAL,88.7,Low,SEED
2026-06-02 11:40:11,SEED-814,2863.704,15.933,52.788,7.582,351.167,73.618,84.618,0.293,0.181,0.019,0.063,0.01,0.045,0.347,NORMAL,75.4,Low,SEED
2026-06-02 11:50:11,SEED-815,2721.497,14.568,51.431,8.037,327.555,67.475,80.854,0.185,0.04,0.099,0.096,0.136,0.159,0.216,NORMAL,89.4,Low,SEED
2026-06-02 12:00:11,SEED-816,2916.13,14.613,37.306,8.38,350.579,71.1,87.624,0.179,0.118,0.152,0.049,0.145,0.155,0.113,NORMAL,87.1,Low,SEED
2026-06-02 12:10:11,SEED-817,2983.456,15.162,51.998,6.863,338.156,75.936,81.16,0.251,0.224,0.217,0.066,0.148,0.074,0.229,NORMAL,75.9,Low,SEED
2026-06-02 12:20:11,SEED-818,2722.295,16.48,51.477,5.729,276.152,74.044,86.918,0.359,0.181,0.3,0.172,0.115,0.24,0.524,DEGRADED,91.0,Medium,SEED
2026-06-02 12:30:11,SEED-819,3139.427,12.893,36.344,8.523,355.092,67.517,76.723,0.172,0.054,0.116,0.085,0.099,0.073,0.261,NORMAL,74.5,Low,SEED
2026-06-02 12:40:11,SEED-820,2671.586,17.365,61.618,4.109,278.986,87.807,108.973,0.536,0.512,0.425,0.242,0.382,0.442,0.52,FAULT,77.6,High,SEED
2026-06-02 12:50:11,SEED-821,2579.304,16.573,61.463,5.698,254.359,78.95,104.095,0.304,0.458,0.453,0.411,0.436,0.301,0.691,FAULT,83.0,High,SEED
2026-06-02 13:00:11,SEED-822,2784.528,14.455,46.283,6.508,308.472,78.53,86.922,0.402,0.336,0.345,0.245,0.185,0.278,0.583,DEGRADED,91.0,Medium,SEED
2026-06-02 13:10:11,SEED-823,2987.39,15.617,51.872,6.929,311.083,67.938,87.231,0.252,0.171,0.018,0.09,0.174,0.113,0.193,NORMAL,88.2,Low,SEED
2026-06-02 13:20:11,SEED-824,2557.294,16.845,69.861,5.761,238.352,85.145,97.883,0.321,0.357,0.476,0.495,0.278,0.418,0.646,FAULT,90.9,High,SEED
2026-06-02 13:30:11,SEED-825,2608.171,16.738,51.572,5.435,251.706,80.879,86.697,0.181,0.345,0.409,0.277,0.207,0.301,0.555,DEGRADED,91.0,Medium,SEED
2026-06-02 13:40:11,SEED-826,2670.603,16.83,59.647,5.7,211.917,84.557,109.271,0.572,0.502,0.583,0.494,0.324,0.319,0.747,FAULT,83.4,High,SEED
2026-06-02 13:50:11,SEED-827,2524.557,17.11,66.827,5.509,273.943,79.693,92.328,0.466,0.435,0.478,0.304,0.42,0.226,0.471,FAULT,92.3,High,SEED
2026-06-02 14:00:11,SEED-828,2751.415,15.454,53.402,6.582,291.415,72.236,84.297,0.202,0.182,0.203,0.216,0.295,0.105,0.394,DEGRADED,91.0,Medium,SEED
2026-06-02 14:10:11,SEED-829,2586.638,17.385,67.855,4.072,257.955,82.016,99.294,0.582,0.459,0.53,0.435,0.211,0.276,0.664,FAULT,86.1,High,SEED
2026-06-02 14:20:11,SEED-830,2617.905,17.208,58.286,5.199,259.694,88.672,103.859,0.469,0.562,0.365,0.384,0.392,0.377,0.544,FAULT,85.4,High,SEED
2026-06-02 14:30:11,SEED-831,2844.432,14.057,58.941,6.948,275.952,73.981,85.732,0.412,0.331,0.413,0.316,0.193,0.272,0.377,DEGRADED,91.0,Medium,SEED
2026-06-02 14:40:11,SEED-832,2734.329,12.739,41.814,6.126,313.386,77.722,86.907,0.222,0.25,0.168,0.188,0.186,0.014,0.148,NORMAL,90.5,Low,SEED
2026-06-02 14:50:11,SEED-833,3053.341,13.66,53.539,8.902,352.01,66.862,76.052,0.199,0.198,0.11,0.183,0.148,0.014,0.335,NORMAL,73.1,Low,SEED
2026-06-02 15:00:11,SEED-834,2992.823,12.082,50.872,8.207,280.769,77.668,83.994,0.291,0.108,0.035,0.043,0.04,0.016,0.309,NORMAL,71.9,Low,SEED
2026-06-02 15:10:11,SEED-835,2901.395,14.972,52.342,5.156,318.507,82.395,98.852,0.43,0.363,0.442,0.334,0.14,0.334,0.574,DEGRADED,91.0,Medium,SEED
2026-06-02 15:20:11,SEED-836,2956.612,13.372,47.486,6.036,315.701,72.661,77.391,0.059,0.223,0.101,0.049,0.013,0.127,0.331,NORMAL,73.5,Low,SEED
2026-06-02 15:30:11,SEED-837,3089.023,13.265,43.49,8.73,357.865,68.688,81.458,0.13,0.269,0.06,0.089,0.05,0.069,0.183,NORMAL,75.0,Low,SEED
2026-06-02 15:40:11,SEED-838,2653.426,14.782,55.435,6.445,285.21,78.185,86.398,0.285,0.208,0.317,0.154,0.17,0.275,0.554,DEGRADED,91.0,Medium,SEED
2026-06-02 15:50:11,SEED-839,3071.37,14.225,54.46,7.803,338.259,68.788,85.241,0.031,0.12,0.101,0.067,0.066,0.027,0.173,NORMAL,75.9,Low,SEED
2026-06-02 16:00:11,SEED-840,2884.099,12.117,35.754,8.202,333.978,69.196,80.937,0.067,0.117,0.116,0.187,0.024,0.054,0.175,NORMAL,73.7,Low,SEED
2026-06-02 16:10:11,SEED-841,3050.595,12.593,39.105,6.542,341.202,71.522,85.073,0.247,0.22,0.014,0.112,0.049,0.017,0.229,NORMAL,91.4,Low,SEED
2026-06-02 16:20:11,SEED-842,2729.681,15.584,62.459,5.145,255.628,71.56,99.102,0.399,0.431,0.173,0.162,0.195,0.35,0.483,DEGRADED,91.0,Medium,SEED
2026-06-02 16:30:11,SEED-843,2957.052,13.91,46.446,7.374,304.913,73.561,82.593,0.253,0.041,0.234,0.02,0.145,0.034,0.302,NORMAL,75.9,Low,SEED
2026-06-02 16:40:11,SEED-844,3027.229,13.144,50.933,6.596,322.047,76.782,79.799,0.053,0.068,0.16,0.171,0.197,0.072,0.367,NORMAL,71.2,Low,SEED
2026-06-02 16:50:11,SEED-845,2908.29,15.994,50.093,5.255,316.329,75.382,98.126,0.259,0.411,0.256,0.209,0.125,0.218,0.498,DEGRADED,91.0,Medium,SEED
2026-06-02 17:00:11,SEED-846,3180.029,12.127,54.832,7.172,314.229,66.904,81.967,0.29,0.206,0.297,0.185,0.137,0.058,0.249,NORMAL,93.5,Low,SEED
2026-06-02 17:10:11,SEED-847,2746.683,14.234,49.575,5.678,260.12,83.627,92.551,0.367,0.241,0.415,0.174,0.144,0.139,0.577,DEGRADED,91.0,Medium,SEED
2026-06-02 17:20:11,SEED-848,3097.295,12.026,41.131,6.49,348.679,76.569,81.362,0.028,0.056,0.193,0.179,0.067,0.108,0.202,NORMAL,91.6,Low,SEED
2026-06-02 17:30:11,SEED-849,2642.984,17.083,69.063,5.021,230.799,78.793,107.051,0.314,0.586,0.33,0.336,0.359,0.491,0.734,FAULT,82.3,High,SEED
2026-06-02 17:40:11,SEED-850,3031.774,15.608,54.687,8.579,280.094,74.383,89.798,0.109,0.252,0.11,0.078,0.087,0.122,0.166,NORMAL,74.3,Low,SEED
2026-06-02 17:50:11,SEED-851,3129.855,12.796,40.93,7.78,290.354,75.316,88.834,0.294,0.15,0.049,0.141,0.138,0.139,0.326,NORMAL,86.9,Low,SEED
2026-06-02 18:00:11,SEED-852,3169.082,12.397,39.85,6.94,344.464,70.761,77.217,0.119,0.078,0.014,0.092,0.117,0.071,0.156,NORMAL,79.9,Low,SEED
2026-06-02 18:10:11,SEED-853,2989.429,14.53,37.997,8.307,287.368,74.265,85.674,0.262,0.159,0.066,0.122,0.07,0.19,0.254,NORMAL,77.5,Low,SEED
2026-06-02 18:20:11,SEED-854,2939.633,14.845,46.957,6.769,285.685,78.848,96.985,0.435,0.382,0.417,0.307,0.281,0.272,0.465,DEGRADED,91.0,Medium,SEED
2026-06-02 18:30:11,SEED-855,2762.346,12.308,35.923,8.841,322.077,76.822,79.584,0.03,0.276,0.285,0.163,0.013,0.042,0.193,NORMAL,76.5,Low,SEED
2026-06-02 18:40:11,SEED-856,2949.215,13.927,54.085,6.972,314.579,73.099,78.372,0.044,0.123,0.212,0.116,0.153,0.013,0.333,NORMAL,76.4,Low,SEED
2026-06-02 18:50:11,SEED-857,2736.087,16.427,58.021,5.755,309.849,77.983,84.925,0.283,0.2,0.343,0.271,0.115,0.248,0.344,DEGRADED,91.0,Medium,SEED
2026-06-02 19:00:11,SEED-858,2654.536,14.262,53.677,6.546,295.596,73.337,91.304,0.181,0.202,0.358,0.259,0.227,0.217,0.574,DEGRADED,91.0,Medium,SEED
2026-06-02 19:10:11,SEED-859,2952.232,14.004,45.505,6.3,304.735,69.074,76.142,0.045,0.171,0.133,0.037,0.148,0.037,0.224,NORMAL,89.6,Low,SEED
2026-06-02 19:20:11,SEED-860,2763.189,16.649,48.513,7.493,306.84,83.64,92.65,0.262,0.369,0.433,0.338,0.161,0.132,0.567,DEGRADED,91.0,Medium,SEED
2026-06-02 19:30:11,SEED-861,2974.988,15.548,40.37,7.466,339.077,77.276,81.07,0.125,0.14,0.109,0.159,0.151,0.16,0.37,NORMAL,78.5,Low,SEED
2026-06-02 19:40:11,SEED-862,2778.52,13.927,36.098,6.451,342.536,71.123,85.977,0.252,0.051,0.151,0.014,0.152,0.135,0.213,NORMAL,83.1,Low,SEED
2026-06-02 19:50:11,SEED-863,3145.797,15.65,53.305,8.822,285.357,68.501,83.724,0.186,0.048,0.251,0.194,0.047,0.014,0.33,NORMAL,87.1,Low,SEED
2026-06-02 20:00:11,SEED-864,3161.411,14.487,38.206,8.321,285.664,72.761,85.344,0.046,0.234,0.064,0.103,0.042,0.115,0.155,NORMAL,85.9,Low,SEED
2026-06-02 20:10:11,SEED-865,3037.578,12.495,36.043,6.631,355.24,75.134,84.304,0.241,0.017,0.184,0.111,0.035,0.144,0.221,NORMAL,76.3,Low,SEED
2026-06-02 20:20:11,SEED-866,2946.83,15.404,44.525,6.962,359.372,71.559,84.369,0.298,0.082,0.121,0.166,0.12,0.148,0.191,NORMAL,79.5,Low,SEED
2026-06-02 20:30:11,SEED-867,2642.217,17.244,60.923,4.773,260.055,88.506,95.332,0.445,0.411,0.325,0.356,0.495,0.257,0.649,FAULT,73.2,High,SEED
2026-06-02 20:40:11,SEED-868,3176.356,12.837,36.534,6.415,359.791,66.364,86.875,0.077,0.093,0.233,0.137,0.155,0.15,0.285,NORMAL,70.0,Low,SEED
2026-06-02 20:50:11,SEED-869,2856.06,13.149,45.588,8.34,335.794,66.341,75.816,0.017,0.039,0.079,0.085,0.013,0.07,0.18,NORMAL,77.4,Low,SEED
2026-06-02 21:00:11,SEED-870,2707.416,13.322,53.726,6.564,315.021,68.493,78.75,0.193,0.097,0.239,0.158,0.142,0.182,0.269,NORMAL,81.3,Low,SEED
2026-06-02 21:10:11,SEED-871,2802.463,12.275,52.45,8.138,281.501,72.277,78.466,0.193,0.137,0.278,0.144,0.076,0.097,0.161,NORMAL,84.9,Low,SEED
2026-06-02 21:20:11,SEED-872,2921.196,16.655,48.879,5.931,257.546,76.211,94.283,0.349,0.404,0.361,0.237,0.272,0.326,0.311,DEGRADED,91.0,Medium,SEED
2026-06-02 21:30:11,SEED-873,2862.6,16.816,55.951,7.209,273.623,77.226,88.57,0.242,0.246,0.239,0.109,0.282,0.338,0.251,DEGRADED,91.0,Medium,SEED
2026-06-02 21:40:11,SEED-874,2994.122,15.536,46.498,7.379,351.981,77.606,83.886,0.276,0.167,0.169,0.133,0.15,0.164,0.161,NORMAL,81.3,Low,SEED
2026-06-02 21:50:11,SEED-875,3163.696,14.487,51.326,8.83,313.882,72.961,87.129,0.272,0.182,0.154,0.017,0.161,0.061,0.169,NORMAL,92.9,Low,SEED
2026-06-02 22:00:11,SEED-876,2770.392,15.125,48.827,5.683,244.394,78.463,88.002,0.41,0.258,0.297,0.296,0.305,0.188,0.487,DEGRADED,91.0,Medium,SEED
2026-06-02 22:10:11,SEED-877,2780.107,14.89,41.517,7.673,290.658,70.178,86.039,0.164,0.039,0.149,0.159,0.132,0.06,0.379,NORMAL,82.4,Low,SEED
2026-06-02 22:20:11,SEED-878,2703.547,15.125,53.162,8.463,323.696,73.304,87.601,0.155,0.175,0.02,0.19,0.16,0.039,0.16,NORMAL,76.0,Low,SEED
2026-06-02 22:30:11,SEED-879,2681.901,16.777,60.633,4.309,229.305,84.258,95.926,0.314,0.328,0.477,0.47,0.494,0.479,0.56,FAULT,84.9,High,SEED
2026-06-02 22:40:11,SEED-880,2774.169,15.964,49.546,6.773,318.22,70.676,77.127,0.246,0.071,0.135,0.128,0.129,0.07,0.339,NORMAL,81.7,Low,SEED
2026-06-02 22:50:11,SEED-881,3050.723,14.63,44.723,8.898,293.547,77.217,78.527,0.24,0.198,0.161,0.177,0.185,0.103,0.2,NORMAL,77.2,Low,SEED
2026-06-02 23:00:11,SEED-882,2813.791,16.823,54.568,7.215,250.839,77.51,87.879,0.377,0.273,0.325,0.134,0.301,0.183,0.309,DEGRADED,91.0,Medium,SEED
2026-06-02 23:10:11,SEED-883,2853.162,13.688,37.369,6.156,342.68,68.147,89.776,0.196,0.203,0.296,0.146,0.198,0.067,0.294,NORMAL,71.8,Low,SEED
2026-06-02 23:20:11,SEED-884,2883.984,14.776,45.102,8.234,341.293,75.386,80.705,0.286,0.124,0.246,0.133,0.011,0.094,0.349,NORMAL,94.4,Low,SEED
2026-06-02 23:30:11,SEED-885,2829.188,13.996,51.014,7.139,309.275,66.333,89.557,0.205,0.236,0.096,0.077,0.179,0.072,0.193,NORMAL,84.2,Low,SEED
2026-06-02 23:40:11,SEED-886,2725.882,15.018,52.555,8.2,293.566,76.494,82.61,0.138,0.069,0.287,0.128,0.021,0.029,0.328,NORMAL,80.1,Low,SEED
2026-06-02 23:50:11,SEED-887,2652.958,17.99,55.802,4.203,231.385,89.59,99.26,0.339,0.415,0.39,0.484,0.461,0.44,0.417,FAULT,74.7,High,SEED
2026-06-03 00:00:11,SEED-888,2753.105,15.001,55.224,6.641,246.448,75.758,96.16,0.424,0.288,0.366,0.115,0.192,0.215,0.415,DEGRADED,91.0,Medium,SEED
2026-06-03 00:10:11,SEED-889,2964.052,13.393,45.164,8.807,343.631,72.634,89.012,0.067,0.086,0.285,0.062,0.19,0.047,0.26,NORMAL,92.9,Low,SEED
2026-06-03 00:20:11,SEED-890,2842.932,12.009,35.057,6.359,294.057,77.987,89.212,0.106,0.161,0.139,0.179,0.167,0.098,0.201,NORMAL,75.4,Low,SEED
2026-06-03 00:30:11,SEED-891,3145.557,12.133,49.09,7.3,305.802,65.918,87.276,0.26,0.018,0.176,0.132,0.061,0.039,0.207,NORMAL,94.7,Low,SEED
2026-06-03 00:40:11,SEED-892,2632.959,17.916,66.442,5.963,246.309,87.555,105.826,0.512,0.524,0.353,0.254,0.268,0.274,0.58,FAULT,72.5,High,SEED
2026-06-03 00:50:11,SEED-893,2697.671,16.104,54.487,6.075,302.781,82.251,90.367,0.301,0.224,0.334,0.113,0.192,0.168,0.559,DEGRADED,91.0,Medium,SEED
2026-06-03 01:00:11,SEED-894,2906.976,15.14,52.129,8.405,311.446,75.962,88.825,0.234,0.256,0.277,0.076,0.042,0.032,0.164,NORMAL,86.6,Low,SEED
2026-06-03 01:10:11,SEED-895,3016.288,13.503,40.897,6.54,344.939,72.413,80.717,0.045,0.084,0.047,0.162,0.053,0.2,0.263,NORMAL,90.5,Low,SEED
2026-06-03 01:20:11,SEED-896,2541.927,17.309,56.066,4.158,215.63,82.453,105.892,0.31,0.563,0.562,0.415,0.471,0.425,0.498,FAULT,77.0,High,SEED
2026-06-03 01:30:11,SEED-897,2611.459,17.798,59.105,5.675,207.943,87.56,108.674,0.577,0.447,0.514,0.394,0.274,0.318,0.553,FAULT,85.2,High,SEED
2026-06-03 01:40:11,SEED-898,2778.891,15.852,52.375,8.975,297.825,75.835,82.342,0.163,0.289,0.124,0.175,0.096,0.048,0.28,NORMAL,82.2,Low,SEED
2026-06-03 01:50:11,SEED-899,2838.255,15.548,59.601,5.818,253.94,77.281,84.516,0.434,0.258,0.443,0.256,0.161,0.18,0.568,DEGRADED,91.0,Medium,SEED
2026-06-03 02:00:11,SEED-900,3128.009,12.632,42.475,6.017,329.788,70.281,83.343,0.146,0.272,0.266,0.117,0.091,0.106,0.22,NORMAL,89.1,Low,SEED
2026-06-03 02:10:11,SEED-901,3105.566,13.064,43.695,8.852,335.752,77.126,80.887,0.176,0.221,0.139,0.135,0.176,0.135,0.121,NORMAL,86.1,Low,SEED
2026-06-03 02:20:11,SEED-902,2855.9,15.491,47.214,8.629,293.972,75.915,82.008,0.299,0.288,0.046,0.044,0.082,0.072,0.152,NORMAL,84.5,Low,SEED
2026-06-03 02:30:11,SEED-903,2745.403,14.65,47.003,5.467,276.122,83.25,82.99,0.217,0.255,0.424,0.295,0.208,0.313,0.348,DEGRADED,91.0,Medium,SEED
2026-06-03 02:40:11,SEED-904,2891.258,12.262,52.829,7.492,296.357,74.611,79.743,0.037,0.121,0.254,0.12,0.14,0.197,0.313,NORMAL,80.5,Low,SEED
2026-06-03 02:50:11,SEED-905,2904.716,14.328,38.702,6.082,329.808,70.022,76.08,0.297,0.04,0.127,0.028,0.091,0.151,0.212,NORMAL,87.2,Low,SEED
2026-06-03 03:00:11,SEED-906,2763.794,13.595,36.059,8.139,313.751,72.173,82.471,0.038,0.055,0.187,0.095,0.182,0.016,0.279,NORMAL,83.1,Low,SEED
2026-06-03 03:10:11,SEED-907,2652.024,15.619,54.794,7.06,289.048,74.142,85.169,0.431,0.353,0.428,0.145,0.312,0.35,0.251,DEGRADED,91.0,Medium,SEED
2026-06-03 03:20:11,SEED-908,2803.58,15.598,42.576,6.155,350.892,74.283,81.495,0.207,0.084,0.088,0.136,0.119,0.123,0.382,NORMAL,84.4,Low,SEED
2026-06-03 03:30:11,SEED-909,2920.577,14.431,53.078,7.03,346.12,77.501,86.17,0.298,0.128,0.06,0.058,0.018,0.164,0.248,NORMAL,70.5,Low,SEED
2026-06-03 03:40:11,SEED-910,2771.747,16.929,51.716,5.214,289.857,74.559,87.387,0.387,0.366,0.368,0.171,0.247,0.275,0.478,DEGRADED,91.0,Medium,SEED
2026-06-03 03:50:11,SEED-911,3108.607,13.668,50.826,7.74,316.071,73.399,82.86,0.268,0.229,0.211,0.109,0.048,0.196,0.124,NORMAL,79.9,Low,SEED
2026-06-03 04:00:11,SEED-912,2783.599,12.972,54.466,8.46,320.961,75.6,87.919,0.164,0.046,0.072,0.091,0.079,0.166,0.123,NORMAL,73.5,Low,SEED
2026-06-03 04:10:11,SEED-913,2682.806,17.131,68.785,5.369,270.643,86.82,92.084,0.375,0.561,0.577,0.475,0.34,0.249,0.773,FAULT,84.7,High,SEED
2026-06-03 04:20:11,SEED-914,3163.288,12.011,44.278,7.215,304.783,65.848,75.23,0.173,0.263,0.16,0.109,0.09,0.067,0.273,NORMAL,89.0,Low,SEED
2026-06-03 04:30:11,SEED-915,2692.209,17.78,63.471,5.382,213.243,86.022,101.7,0.461,0.417,0.537,0.243,0.329,0.289,0.402,FAULT,76.3,High,SEED
2026-06-03 04:40:11,SEED-916,2657.096,16.727,67.691,4.13,231.832,89.364,97.726,0.473,0.569,0.532,0.422,0.261,0.406,0.596,FAULT,90.6,High,SEED
2026-06-03 04:50:11,SEED-917,2843.751,14.215,49.2,7.735,359.917,70.494,81.616,0.208,0.135,0.12,0.162,0.058,0.071,0.309,NORMAL,86.9,Low,SEED
2026-06-03 05:00:11,SEED-918,3132.115,13.853,48.485,7.255,357.373,73.234,82.133,0.275,0.269,0.035,0.181,0.177,0.11,0.311,NORMAL,81.7,Low,SEED
2026-06-03 05:10:11,SEED-919,2737.709,16.32,61.442,6.958,312.525,80.477,88.942,0.348,0.374,0.188,0.327,0.179,0.116,0.549,DEGRADED,91.0,Medium,SEED
2026-06-03 05:20:11,SEED-920,2921.292,14.123,45.608,6.551,292.423,68.065,88.014,0.253,0.153,0.011,0.126,0.061,0.105,0.159,NORMAL,78.9,Low,SEED
2026-06-03 05:30:11,SEED-921,2753.002,15.128,36.725,8.132,342.47,72.314,86.714,0.189,0.071,0.027,0.175,0.162,0.051,0.385,NORMAL,89.9,Low,SEED
2026-06-03 05:40:11,SEED-922,2592.621,16.757,68.008,4.938,212.574,81.996,109.82,0.331,0.307,0.413,0.345,0.327,0.273,0.547,FAULT,87.3,High,SEED
2026-06-03 05:50:11,SEED-923,3175.265,12.9,41.527,6.917,344.19,73.745,89.88,0.03,0.02,0.158,0.017,0.138,0.049,0.197,NORMAL,86.3,Low,SEED
2026-06-03 06:00:11,SEED-924,2706.653,12.467,43.349,8.6,320.49,73.782,78.357,0.071,0.13,0.115,0.155,0.05,0.116,0.185,NORMAL,91.0,Low,SEED
2026-06-03 06:10:11,SEED-925,2831.843,16.819,53.915,6.437,241.626,76.285,99.932,0.211,0.377,0.414,0.163,0.165,0.257,0.501,DEGRADED,91.0,Medium,SEED
2026-06-03 06:20:11,SEED-926,2553.332,17.735,55.132,4.749,237.037,80.269,102.079,0.463,0.571,0.551,0.236,0.393,0.484,0.653,FAULT,83.7,High,SEED
2026-06-03 06:30:11,SEED-927,2651.059,16.256,55.835,5.185,279.284,83.902,91.461,0.317,0.395,0.371,0.311,0.215,0.135,0.58,DEGRADED,91.0,Medium,SEED
2026-06-03 06:40:11,SEED-928,2848.045,12.227,39.962,6.721,293.999,73.106,89.995,0.254,0.022,0.012,0.173,0.054,0.16,0.333,NORMAL,74.3,Low,SEED
2026-06-03 06:50:11,SEED-929,3022.739,12.355,37.832,8.779,332.97,73.98,77.599,0.075,0.132,0.061,0.099,0.122,0.031,0.264,NORMAL,93.4,Low,SEED
2026-06-03 07:00:11,SEED-930,2889.662,12.827,37.342,6.049,327.051,72.458,80.589,0.089,0.072,0.141,0.052,0.041,0.027,0.275,NORMAL,82.4,Low,SEED
2026-06-03 07:10:11,SEED-931,2603.309,15.064,58.707,5.003,284.944,78.954,98.625,0.282,0.198,0.368,0.299,0.225,0.326,0.31,DEGRADED,91.0,Medium,SEED
2026-06-03 07:20:11,SEED-932,2687.838,14.632,56.179,5.046,265.839,77.544,97.058,0.426,0.45,0.181,0.25,0.304,0.204,0.593,DEGRADED,91.0,Medium,SEED
2026-06-03 07:30:11,SEED-933,2881.326,13.183,39.238,7.984,316.438,71.543,75.843,0.15,0.231,0.031,0.188,0.134,0.054,0.208,NORMAL,70.4,Low,SEED
2026-06-03 07:40:11,SEED-934,2917.88,12.459,45.289,8.361,300.407,75.627,81.618,0.018,0.161,0.163,0.193,0.033,0.106,0.293,NORMAL,90.2,Low,SEED
2026-06-03 07:50:11,SEED-935,2768.203,14.777,59.576,6.388,291.201,83.772,97.19,0.339,0.201,0.242,0.173,0.24,0.251,0.295,DEGRADED,91.0,Medium,SEED
2026-06-03 08:00:11,SEED-936,2739.455,14.977,41.632,6.195,294.012,74.355,81.516,0.107,0.121,0.034,0.112,0.067,0.025,0.254,NORMAL,87.5,Low,SEED
2026-06-03 08:10:11,SEED-937,2689.88,16.888,59.07,5.657,229.878,79.941,105.573,0.593,0.436,0.58,0.485,0.478,0.486,0.771,FAULT,78.7,High,SEED
2026-06-03 08:20:11,SEED-938,2567.813,17.631,66.866,4.564,248.346,78.26,96.571,0.315,0.398,0.363,0.478,0.235,0.421,0.759,FAULT,93.3,High,SEED
2026-06-03 08:30:11,SEED-939,2738.019,14.508,57.626,6.931,267.419,82.094,85.939,0.356,0.31,0.256,0.154,0.113,0.293,0.466,DEGRADED,91.0,Medium,SEED
2026-06-03 08:40:11,SEED-940,2770.378,12.289,54.537,8.39,284.131,66.877,86.902,0.05,0.131,0.243,0.021,0.156,0.174,0.18,NORMAL,74.2,Low,SEED
2026-06-03 08:50:11,SEED-941,3006.385,13.173,36.874,8.148,297.235,70.976,81.112,0.179,0.206,0.218,0.134,0.114,0.14,0.207,NORMAL,85.4,Low,SEED
2026-06-03 09:00:11,SEED-942,3117.37,15.371,41.63,6.481,292.229,70.467,82.056,0.286,0.285,0.082,0.056,0.032,0.16,0.294,NORMAL,73.0,Low,SEED
2026-06-03 09:10:11,SEED-943,2993.124,15.241,37.231,6.075,350.972,76.532,76.308,0.194,0.03,0.091,0.084,0.086,0.166,0.324,NORMAL,80.9,Low,SEED
2026-06-03 09:20:11,SEED-944,2613.651,16.893,52.839,5.702,269.452,75.938,85.039,0.204,0.343,0.341,0.232,0.106,0.272,0.593,DEGRADED,91.0,Medium,SEED
2026-06-03 09:30:11,SEED-945,2706.814,14.182,45.401,6.77,252.063,73.452,91.833,0.23,0.175,0.373,0.322,0.256,0.292,0.44,DEGRADED,91.0,Medium,SEED
2026-06-03 09:40:11,SEED-946,2735.759,14.2,43.335,8.387,322.229,69.666,86.404,0.272,0.131,0.139,0.15,0.043,0.168,0.386,NORMAL,76.1,Low,SEED
2026-06-03 09:50:11,SEED-947,2503.72,16.942,57.898,4.657,217.669,84.722,108.166,0.357,0.431,0.318,0.402,0.278,0.458,0.538,FAULT,87.8,High,SEED
2026-06-03 10:00:11,SEED-948,2510.696,17.179,67.744,4.696,245.45,86.445,96.688,0.39,0.513,0.425,0.366,0.448,0.22,0.566,FAULT,74.8,High,SEED
2026-06-03 10:10:11,SEED-949,3027.599,12.866,35.865,8.064,282.394,70.855,80.881,0.014,0.122,0.293,0.044,0.027,0.155,0.264,NORMAL,82.1,Low,SEED
2026-06-03 10:20:11,SEED-950,3028.806,13.783,36.711,6.241,331.051,65.325,77.152,0.152,0.211,0.288,0.093,0.01,0.198,0.229,NORMAL,71.6,Low,SEED
2026-06-03 10:30:11,SEED-951,3079.191,12.857,52.914,7.874,301.295,66.665,85.198,0.056,0.011,0.087,0.112,0.084,0.163,0.205,NORMAL,84.9,Low,SEED
2026-06-03 10:40:11,SEED-952,2770.309,12.441,49.738,7.733,281.561,77.181,79.053,0.144,0.22,0.197,0.04,0.106,0.186,0.341,NORMAL,82.6,Low,SEED
2026-06-03 10:50:11,SEED-953,2710.352,14.038,48.284,5.303,299.479,76.336,91.409,0.228,0.193,0.33,0.234,0.176,0.275,0.514,DEGRADED,91.0,Medium,SEED
2026-06-03 11:00:11,SEED-954,3042.089,14.771,49.97,8.19,317.882,65.944,84.631,0.148,0.217,0.05,0.129,0.091,0.016,0.104,NORMAL,90.2,Low,SEED
2026-06-03 11:10:11,SEED-955,2976.381,15.322,35.101,7.937,345.821,67.195,83.064,0.293,0.068,0.228,0.101,0.096,0.153,0.285,NORMAL,94.4,Low,SEED
2026-06-03 11:20:11,SEED-956,2680.795,17.552,55.22,5.113,276.228,81.528,108.157,0.365,0.342,0.493,0.45,0.5,0.302,0.413,FAULT,76.3,High,SEED
2026-06-03 11:30:11,SEED-957,2689.35,17.448,63.117,4.658,257.519,79.886,93.342,0.429,0.422,0.47,0.27,0.205,0.217,0.561,FAULT,94.5,High,SEED
2026-06-03 11:40:11,SEED-958,2754.996,14.542,43.043,6.543,357.391,75.683,79.321,0.239,0.116,0.033,0.043,0.19,0.082,0.296,NORMAL,75.5,Low,SEED
2026-06-03 11:50:11,SEED-959,3107.212,13.921,38.226,7.266,294.293,74.507,89.304,0.045,0.062,0.099,0.194,0.158,0.058,0.165,NORMAL,71.3,Low,SEED
2026-06-03 12:00:11,SEED-960,2886.049,12.705,35.305,7.832,355.127,68.221,80.141,0.297,0.27,0.172,0.159,0.052,0.098,0.18,NORMAL,95.0,Low,SEED
2026-06-03 12:10:11,SEED-961,3113.968,13.105,49.359,7.111,358.11,66.882,79.967,0.295,0.24,0.131,0.1,0.118,0.083,0.249,NORMAL,86.1,Low,SEED
2026-06-03 12:20:11,SEED-962,2775.171,16.345,61.833,6.388,267.77,81.992,97.395,0.283,0.434,0.382,0.246,0.165,0.26,0.442,DEGRADED,91.0,Medium,SEED
2026-06-03 12:30:11,SEED-963,2519.345,16.022,57.39,5.411,251.083,80.789,107.814,0.581,0.409,0.302,0.208,0.435,0.396,0.706,FAULT,94.8,High,SEED
2026-06-03 12:40:11,SEED-964,3111.896,15.046,52.681,7.592,287.632,75.648,78.937,0.07,0.073,0.21,0.033,0.148,0.076,0.152,NORMAL,80.5,Low,SEED
2026-06-03 12:50:11,SEED-965,2789.458,15.416,36.269,6.742,349.366,77.944,88.721,0.165,0.053,0.013,0.144,0.12,0.085,0.149,NORMAL,72.1,Low,SEED
2026-06-03 13:00:11,SEED-966,3190.168,14.625,46.692,6.861,294.347,75.109,84.445,0.11,0.195,0.238,0.173,0.044,0.14,0.113,NORMAL,83.6,Low,SEED
2026-06-03 13:10:11,SEED-967,3178.588,15.584,36.513,8.077,320.787,76.213,83.642,0.265,0.078,0.061,0.039,0.145,0.163,0.28,NORMAL,76.1,Low,SEED
2026-06-03 13:20:11,SEED-968,3184.329,14.679,42.912,6.545,342.915,72.884,80.828,0.234,0.297,0.166,0.097,0.055,0.089,0.178,NORMAL,76.5,Low,SEED
2026-06-03 13:30:11,SEED-969,2865.595,14.823,45.195,8.99,332.272,77.255,79.527,0.273,0.138,0.237,0.078,0.187,0.125,0.141,NORMAL,70.2,Low,SEED
2026-06-03 13:40:11,SEED-970,2830.301,15.251,60.782,5.02,241.195,79.068,87.075,0.224,0.167,0.403,0.344,0.121,0.287,0.523,DEGRADED,91.0,Medium,SEED
2026-06-03 13:50:11,SEED-971,2797.211,12.368,42.601,8.008,307.077,67.875,80.05,0.199,0.045,0.162,0.063,0.08,0.115,0.195,NORMAL,82.8,Low,SEED
2026-06-03 14:00:11,SEED-972,2869.269,16.739,55.189,5.336,305.7,82.034,94.327,0.379,0.262,0.225,0.312,0.228,0.304,0.526,DEGRADED,91.0,Medium,SEED
2026-06-03 14:10:11,SEED-973,2789.613,13.254,52.554,7.168,280.073,77.508,82.526,0.113,0.048,0.158,0.06,0.05,0.176,0.139,NORMAL,85.1,Low,SEED
2026-06-03 14:20:11,SEED-974,3064.353,14.173,50.593,8.209,347.404,65.965,84.849,0.042,0.178,0.169,0.018,0.101,0.178,0.21,NORMAL,86.7,Low,SEED
2026-06-03 14:30:11,SEED-975,3151.983,13.317,50.81,6.762,298.806,69.703,76.251,0.057,0.262,0.213,0.132,0.038,0.059,0.112,NORMAL,74.7,Low,SEED
2026-06-03 14:40:11,SEED-976,2720.245,16.937,57.522,6.167,275.779,72.582,92.471,0.253,0.429,0.433,0.126,0.332,0.286,0.3,DEGRADED,91.0,Medium,SEED
2026-06-03 14:50:11,SEED-977,2680.068,14.88,48.213,5.39,281.949,81.09,99.007,0.223,0.406,0.377,0.142,0.232,0.315,0.317,DEGRADED,91.0,Medium,SEED
2026-06-03 15:00:11,SEED-978,2766.472,15.178,37.137,7.726,285.71,66.096,80.676,0.27,0.215,0.103,0.169,0.048,0.176,0.12,NORMAL,88.8,Low,SEED
2026-06-03 15:10:11,SEED-979,2548.08,17.228,62.871,5.687,221.248,87.194,104.426,0.326,0.457,0.565,0.256,0.276,0.407,0.45,FAULT,72.7,High,SEED
2026-06-03 15:20:11,SEED-980,2585.386,16.526,66.228,5.287,228.507,81.906,94.608,0.322,0.595,0.494,0.3,0.305,0.223,0.457,FAULT,92.6,High,SEED
2026-06-03 15:30:11,SEED-981,3148.779,12.449,49.29,6.991,341.263,68.796,86.99,0.151,0.273,0.089,0.157,0.158,0.139,0.31,NORMAL,70.7,Low,SEED
2026-06-03 15:40:11,SEED-982,2891.001,13.902,49.968,8.309,307.518,70.528,88.033,0.104,0.279,0.018,0.166,0.1,0.042,0.252,NORMAL,83.0,Low,SEED
2026-06-03 15:50:11,SEED-983,2908.508,16.972,56.267,6.971,242.836,72.496,97.229,0.236,0.226,0.325,0.273,0.149,0.335,0.445,DEGRADED,91.0,Medium,SEED
2026-06-03 16:00:11,SEED-984,3092.026,14.24,47.811,6.295,305.96,71.019,84.428,0.237,0.034,0.12,0.065,0.112,0.127,0.224,NORMAL,94.6,Low,SEED
2026-06-03 16:10:11,SEED-985,3055.012,14.635,37.962,8.825,293.709,74.363,76.604,0.102,0.082,0.225,0.136,0.062,0.161,0.242,NORMAL,79.2,Low,SEED
2026-06-03 16:20:11,SEED-986,2844.466,13.928,50.43,7.94,330.745,75.105,79.657,0.015,0.134,0.1,0.165,0.081,0.138,0.176,NORMAL,70.3,Low,SEED
2026-06-03 16:30:11,SEED-987,2505.703,17.022,65.975,4.185,273.341,89.159,99.679,0.482,0.434,0.492,0.485,0.45,0.256,0.498,FAULT,76.7,High,SEED
2026-06-03 16:40:11,SEED-988,2728.365,14.453,51.165,6.008,309.118,70.449,77.042,0.205,0.09,0.048,0.196,0.119,0.071,0.195,NORMAL,88.4,Low,SEED
2026-06-03 16:50:11,SEED-989,2893.074,13.686,52.956,8.445,281.987,72.69,75.154,0.16,0.255,0.115,0.083,0.102,0.064,0.174,NORMAL,80.1,Low,SEED
2026-06-03 17:00:11,SEED-990,2708.95,14.867,53.134,8.096,356.238,77.43,88.786,0.126,0.201,0.05,0.041,0.093,0.169,0.107,NORMAL,73.8,Low,SEED
2026-06-03 17:10:11,SEED-991,2774.126,15.235,58.894,6.845,255.044,78.494,92.822,0.274,0.339,0.225,0.193,0.126,0.113,0.341,DEGRADED,91.0,Medium,SEED
2026-06-03 17:20:11,SEED-992,3084.498,15.022,53.292,7.327,332.312,68.142,86.014,0.175,0.011,0.091,0.035,0.149,0.051,0.211,NORMAL,72.6,Low,SEED
2026-06-03 17:30:11,SEED-993,2554.166,17.138,60.41,4.721,210.224,79.296,98.867,0.476,0.568,0.554,0.4,0.444,0.247,0.779,FAULT,91.4,High,SEED
2026-06-03 17:40:11,SEED-994,3167.875,13.876,40.981,6.921,345.326,69.85,86.793,0.247,0.254,0.148,0.057,0.175,0.136,0.102,NORMAL,81.6,Low,SEED
2026-06-03 17:50:11,SEED-995,3111.062,14.597,36.75,6.082,356.901,70.669,77.957,0.208,0.115,0.124,0.039,0.015,0.066,0.29,NORMAL,93.5,Low,SEED
2026-06-03 18:00:11,SEED-996,2702.779,16.709,55.13,7.116,292.15,77.549,96.129,0.203,0.404,0.365,0.263,0.246,0.299,0.424,DEGRADED,91.0,Medium,SEED
2026-06-03 18:10:11,SEED-997,2999.892,14.169,40.356,6.16,283.336,65.975,76.682,0.177,0.158,0.153,0.116,0.06,0.015,0.38,NORMAL,77.3,Low,SEED
2026-06-03 18:20:11,SEED-998,2843.833,12.018,47.275,7.588,309.787,76.612,78.434,0.083,0.112,0.117,0.17,0.116,0.047,0.331,NORMAL,80.1,Low,SEED
2026-06-03 18:30:11,SEED-999,2967.792,12.311,41.389,6.151,282.311,69.154,83.118,0.128,0.213,0.082,0.168,0.096,0.149,0.258,NORMAL,87.2,Low,SEED
2026-06-03 20:07:27,AUTO-CMP,2553.3,17.14,59.05,5.39,268.9,87.1,96.1,0.491,0.324,0.579,0.295,0.274,0.236,0.631,NORMAL,91.0,Low,AUTO
2026-06-03 20:09:28,AUTO-CMP,2798.9,14.37,44.98,7.67,321.6,72.8,85.6,0.254,0.226,0.162,0.093,0.168,0.08,0.232,NORMAL,91.0,Low,AUTO
2026-06-03 20:11:29,AUTO-CMP,3091.0,14.96,50.6,6.56,356.7,71.5,77.4,0.027,0.274,0.032,0.132,0.036,0.026,0.113,NORMAL,91.0,Low,AUTO
2026-06-03 20:13:30,AUTO-CMP,2780.8,12.16,36.67,8.29,290.2,67.1,88.8,0.011,0.011,0.221,0.056,0.102,0.036,0.384,NORMAL,91.0,Low,AUTO
2026-06-03 20:15:31,AUTO-CMP,2522.4,16.84,64.76,4.74,206.4,84.8,105.4,0.534,0.409,0.529,0.247,0.325,0.443,0.427,NORMAL,91.0,Low,AUTO
2026-06-03 20:17:32,AUTO-CMP,2795.7,12.21,51.05,6.65,301.2,66.8,85.9,0.117,0.171,0.036,0.121,0.016,0.052,0.36,NORMAL,91.0,Low,AUTO
2026-06-03 20:19:33,AUTO-CMP,2999.9,14.98,54.57,7.77,336.0,76.3,75.7,0.118,0.125,0.129,0.137,0.107,0.193,0.151,NORMAL,91.0,Low,AUTO
2026-06-03 20:21:54,AUTO-CMP,3140.8,14.86,45.98,8.36,288.5,74.9,77.7,0.241,0.258,0.253,0.162,0.166,0.12,0.206,NORMAL,91.0,Low,AUTO
2026-06-03 20:23:55,AUTO-CMP,3050.9,15.54,44.16,7.64,317.5,70.9,82.0,0.081,0.23,0.101,0.022,0.109,0.012,0.327,NORMAL,91.0,Low,AUTO
2026-06-03 20:25:56,AUTO-CMP,2779.3,13.72,39.46,8.77,345.0,68.6,83.7,0.278,0.093,0.269,0.136,0.166,0.085,0.294,NORMAL,91.0,Low,AUTO
2026-06-03 20:27:56,AUTO-CMP,2648.6,17.27,62.47,5.72,240.4,86.9,93.8,0.489,0.562,0.429,0.421,0.492,0.258,0.599,NORMAL,91.0,Low,AUTO
2026-06-03 20:29:57,AUTO-CMP,2800.4,15.31,44.45,8.76,356.4,68.7,79.1,0.096,0.188,0.244,0.155,0.083,0.158,0.111,NORMAL,91.0,Low,AUTO
2026-06-03 20:31:59,AUTO-CMP,2904.2,12.49,51.4,8.49,293.3,76.8,84.5,0.28,0.064,0.024,0.164,0.146,0.122,0.306,NORMAL,91.0,Low,AUTO
2026-06-03 20:34:00,AUTO-CMP,2852.7,15.54,40.66,7.66,295.9,66.2,80.5,0.165,0.208,0.017,0.185,0.154,0.129,0.307,NORMAL,91.0,Low,AUTO
2026-06-03 20:36:02,AUTO-CMP,2796.4,12.31,50.77,7.31,310.3,74.8,88.5,0.147,0.291,0.238,0.187,0.087,0.096,0.148,NORMAL,91.0,Low,AUTO
2026-06-03 20:38:03,AUTO-CMP,2899.9,14.36,42.18,7.81,332.3,71.0,89.9,0.289,0.083,0.044,0.145,0.017,0.079,0.313,NORMAL,91.0,Low,AUTO
2026-06-03 20:50:54,AUTO-CMP,2982.9,13.54,44.31,6.79,298.7,65.2,81.6,0.231,0.267,0.105,0.11,0.033,0.124,0.177,NORMAL,91.0,Low,AUTO
2026-06-03 20:52:55,AUTO-CMP,2723.7,14.42,45.91,8.6,343.8,69.8,76.9,0.225,0.063,0.136,0.183,0.035,0.147,0.366,NORMAL,91.0,Low,AUTO
2026-06-03 20:54:56,AUTO-CMP,2806.6,14.96,53.53,6.15,303.1,74.7,75.0,0.245,0.256,0.224,0.145,0.088,0.015,0.326,NORMAL,91.0,Low,AUTO
2026-06-03 20:56:56,AUTO-CMP,2858.1,14.52,49.42,8.78,348.7,72.0,87.0,0.287,0.074,0.266,0.151,0.181,0.059,0.326,NORMAL,91.0,Low,AUTO
2026-06-03 20:58:57,AUTO-CMP,3147.1,15.67,38.51,8.33,354.7,74.7,85.9,0.225,0.193,0.272,0.02,0.019,0.15,0.239,NORMAL,91.0,Low,AUTO
2026-06-03 21:00:58,AUTO-CMP,3038.4,12.16,49.81,6.35,340.3,66.2,76.3,0.053,0.018,0.132,0.187,0.165,0.177,0.239,NORMAL,91.0,Low,AUTO
2026-06-03 21:02:59,AUTO-CMP,3102.3,15.34,41.55,7.09,331.0,72.2,83.7,0.039,0.096,0.29,0.142,0.012,0.022,0.237,NORMAL,91.0,Low,AUTO
2026-06-03 21:05:00,AUTO-CMP,3181.0,13.06,50.82,8.66,353.6,71.2,81.2,0.207,0.044,0.236,0.104,0.086,0.136,0.386,NORMAL,91.0,Low,AUTO
2026-06-03 21:07:01,AUTO-CMP,2674.0,16.32,58.38,5.89,221.5,79.8,109.8,0.422,0.535,0.36,0.224,0.442,0.287,0.424,NORMAL,91.0,Low,AUTO
2026-06-03 21:09:02,AUTO-CMP,2786.4,13.55,51.06,7.22,286.8,70.1,79.7,0.177,0.21,0.133,0.057,0.044,0.121,0.238,NORMAL,91.0,Low,AUTO
2026-06-03 21:11:03,AUTO-CMP,2983.7,12.45,42.13,6.38,291.6,65.8,85.8,0.164,0.096,0.256,0.026,0.031,0.183,0.261,NORMAL,91.0,Low,AUTO
2026-06-03 21:13:03,AUTO-CMP,3100.0,12.84,45.7,8.65,330.5,65.3,87.6,0.083,0.127,0.203,0.051,0.151,0.13,0.106,NORMAL,91.0,Low,AUTO
2026-06-03 21:15:04,AUTO-CMP,2587.2,16.19,67.23,5.64,200.1,78.4,96.4,0.399,0.386,0.35,0.316,0.254,0.284,0.599,NORMAL,91.0,Low,AUTO
2026-06-03 21:17:05,AUTO-CMP,2655.3,16.49,61.81,4.84,204.5,89.9,105.5,0.578,0.482,0.489,0.359,0.376,0.279,0.696,NORMAL,91.0,Low,AUTO
2026-06-03 21:19:05,AUTO-CMP,2736.0,13.57,51.13,8.31,338.3,72.8,75.9,0.145,0.028,0.25,0.025,0.179,0.193,0.247,NORMAL,91.0,Low,AUTO
2026-06-03 21:21:06,AUTO-CMP,3128.0,12.62,49.76,8.04,284.2,67.6,84.5,0.291,0.195,0.292,0.171,0.195,0.052,0.214,NORMAL,91.0,Low,AUTO
2026-06-03 21:23:07,AUTO-CMP,2906.7,12.32,39.0,7.19,354.4,69.8,87.1,0.021,0.029,0.082,0.03,0.06,0.119,0.387,NORMAL,91.0,Low,AUTO
2026-06-03 21:25:08,AUTO-CMP,2750.5,12.76,49.1,7.5,336.4,69.7,79.9,0.025,0.115,0.12,0.082,0.037,0.09,0.28,NORMAL,91.0,Low,AUTO
2026-06-03 21:46:26,AUTO-CMP,3112.6,14.97,40.65,6.76,346.8,68.8,85.7,0.201,0.289,0.183,0.169,0.013,0.029,0.121,NORMAL,91.0,Low,AUTO
2026-06-03 21:48:27,AUTO-CMP,3039.7,14.69,39.47,6.27,280.9,70.3,85.6,0.226,0.084,0.192,0.19,0.058,0.17,0.239,NORMAL,91.0,Low,AUTO
2026-06-03 21:50:27,AUTO-CMP,3189.7,14.32,35.35,7.82,320.4,74.7,84.6,0.144,0.144,0.186,0.052,0.095,0.107,0.18,NORMAL,91.0,Low,AUTO
2026-06-03 21:52:28,AUTO-CMP,3101.9,15.3,48.65,6.69,289.2,65.2,77.4,0.211,0.11,0.109,0.015,0.101,0.133,0.284,NORMAL,91.0,Low,AUTO
2026-06-03 21:54:29,AUTO-CMP,2827.6,12.8,47.94,6.15,331.2,72.8,80.7,0.211,0.067,0.168,0.135,0.199,0.028,0.163,NORMAL,91.0,Low,AUTO
2026-06-03 21:56:29,AUTO-CMP,2568.1,16.3,67.9,4.84,209.8,80.8,95.2,0.499,0.485,0.516,0.224,0.347,0.353,0.556,NORMAL,91.0,Low,AUTO
2026-06-03 21:58:30,AUTO-CMP,2911.6,15.65,44.61,6.79,301.2,68.8,81.2,0.121,0.177,0.254,0.11,0.142,0.012,0.377,NORMAL,91.0,Low,AUTO
2026-06-03 22:00:31,AUTO-CMP,3169.3,13.4,47.41,8.98,321.5,73.4,84.9,0.062,0.172,0.073,0.059,0.023,0.194,0.114,NORMAL,91.0,Low,AUTO
2026-06-03 22:02:31,AUTO-CMP,2767.4,15.33,46.51,7.26,299.2,77.3,81.7,0.169,0.293,0.176,0.062,0.085,0.097,0.232,NORMAL,91.0,Low,AUTO
2026-06-03 22:04:32,AUTO-CMP,3129.0,13.71,36.93,8.75,284.0,69.7,81.3,0.153,0.169,0.191,0.146,0.117,0.183,0.138,NORMAL,91.0,Low,AUTO
2026-06-03 22:06:33,AUTO-CMP,2774.0,15.63,51.62,7.94,348.2,73.8,76.1,0.179,0.083,0.223,0.023,0.063,0.111,0.2,NORMAL,91.0,Low,AUTO
2026-06-03 22:15:16,AUTO-CMP,2821.2,13.42,43.62,8.33,313.0,70.1,84.2,0.086,0.151,0.094,0.087,0.126,0.07,0.347,NORMAL,91.0,Low,AUTO
2026-06-03 22:17:17,AUTO-CMP,3125.5,15.64,47.77,6.79,323.5,68.7,78.4,0.047,0.097,0.215,0.123,0.152,0.182,0.295,NORMAL,91.0,Low,AUTO
2026-06-03 22:19:17,AUTO-CMP,2851.0,14.51,47.98,7.43,304.5,69.7,76.6,0.152,0.225,0.157,0.022,0.09,0.152,0.303,NORMAL,91.0,Low,AUTO
2026-06-03 22:21:18,AUTO-CMP,2746.6,15.05,49.92,7.51,286.1,75.0,75.5,0.019,0.181,0.152,0.142,0.039,0.191,0.338,NORMAL,91.0,Low,AUTO
2026-06-03 22:23:19,AUTO-CMP,3060.4,12.55,44.36,8.42,346.1,66.0,87.2,0.078,0.151,0.024,0.071,0.015,0.107,0.398,NORMAL,91.0,Low,AUTO
2026-06-03 22:25:19,AUTO-CMP,3070.8,13.91,44.92,8.55,342.8,70.5,88.6,0.104,0.238,0.261,0.086,0.101,0.171,0.232,NORMAL,91.0,Low,AUTO
2026-06-03 22:27:20,AUTO-CMP,2844.1,15.72,52.6,6.9,346.2,73.7,86.4,0.157,0.128,0.247,0.026,0.035,0.187,0.244,NORMAL,91.0,Low,AUTO
2026-06-03 22:29:21,AUTO-CMP,2976.9,13.55,54.29,8.44,295.6,72.0,89.9,0.024,0.287,0.151,0.063,0.108,0.074,0.117,NORMAL,91.0,Low,AUTO
2026-06-03 22:31:22,AUTO-CMP,2590.3,16.23,57.77,5.77,264.9,83.5,99.7,0.388,0.403,0.477,0.434,0.21,0.395,0.769,NORMAL,91.0,Low,AUTO
2026-06-03 22:33:23,AUTO-CMP,2584.1,16.61,56.52,4.36,220.2,79.4,93.9,0.568,0.584,0.405,0.38,0.333,0.287,0.437,NORMAL,91.0,Low,AUTO
2026-06-03 22:35:23,AUTO-CMP,3033.5,13.51,50.22,7.68,284.3,72.2,83.1,0.133,0.284,0.02,0.153,0.187,0.128,0.294,NORMAL,91.0,Low,AUTO
2026-06-03 22:36:29,AUTO-CMP,3066.2,13.66,42.74,7.17,333.5,71.0,83.2,0.268,0.274,0.299,0.09,0.166,0.195,0.236,NORMAL,91.0,Low,AUTO
2026-06-03 22:38:40,AUTO-CMP,2590.2,17.41,63.36,5.72,259.1,81.6,107.8,0.467,0.339,0.563,0.432,0.5,0.402,0.533,NORMAL,91.0,Low,AUTO
2026-06-03 22:40:34,AUTO-CMP,2663.3,17.43,63.75,5.64,208.0,86.4,97.5,0.567,0.501,0.411,0.265,0.273,0.484,0.587,NORMAL,91.0,Low,AUTO
2026-06-03 22:44:42,AUTO-CMP,2774.8,14.13,52.99,7.62,304.8,71.6,82.8,0.179,0.097,0.039,0.123,0.028,0.06,0.117,NORMAL,91.0,Low,AUTO
2026-06-03 22:46:42,AUTO-CMP,2793.5,13.79,52.87,8.41,334.7,66.1,88.7,0.163,0.056,0.11,0.089,0.037,0.058,0.254,NORMAL,91.0,Low,AUTO
2026-06-03 22:48:43,AUTO-CMP,3187.8,12.21,39.57,6.15,351.9,71.9,88.6,0.259,0.28,0.107,0.13,0.143,0.152,0.135,NORMAL,91.0,Low,AUTO
2026-06-03 22:50:44,AUTO-CMP,2923.8,12.01,46.79,7.2,331.8,71.8,81.4,0.1,0.067,0.19,0.198,0.044,0.072,0.156,NORMAL,91.0,Low,AUTO
2026-06-03 22:52:44,AUTO-CMP,2588.0,16.47,68.69,5.0,254.8,84.2,102.6,0.563,0.508,0.333,0.342,0.287,0.324,0.47,NORMAL,91.0,Low,AUTO
