timestamp,machine_id,sensor_00,sensor_02,sensor_03,sensor_04,sensor_05,sensor_06,sensor_07,sensor_08,sensor_09,sensor_10,sensor_11,sensor_12,prediction,confidence,risk_level,source
2026-05-27 20:00:11,SEED-0,1.72,41.512,1.125,1.307,0.801,3.348,1.216,1.583,0.573,1.215,0.832,2.73,NORMAL,83.2,Low,SEED
2026-05-27 20:10:11,SEED-1,1.969,46.093,1.155,1.357,0.786,2.444,1.163,2.212,0.877,1.736,0.984,3.174,NORMAL,71.9,Low,SEED
2026-05-27 20:20:11,SEED-2,2.442,37.916,1.187,1.474,0.699,4.391,0.813,1.985,0.696,1.462,0.886,2.879,NORMAL,87.7,Low,SEED
2026-05-27 20:30:11,SEED-3,3.359,58.47,0.445,0.899,0.424,5.676,0.508,3.25,0.347,0.857,0.43,5.278,BROKEN,85.2,High,SEED
2026-05-27 20:40:11,SEED-4,1.517,34.857,0.939,1.433,0.876,3.563,0.863,2.219,0.692,1.502,0.952,2.668,NORMAL,86.0,Low,SEED
2026-05-27 20:50:11,SEED-5,2.364,40.667,1.181,1.066,0.653,4.057,0.948,2.427,0.788,1.642,0.713,4.258,NORMAL,84.0,Low,SEED
2026-05-27 21:00:11,SEED-6,2.166,36.789,0.968,1.406,0.606,2.912,1.239,1.844,0.57,1.623,0.907,4.008,NORMAL,79.9,Low,SEED
2026-05-27 21:10:11,SEED-7,2.766,47.158,1.075,1.306,0.919,2.213,0.939,2.153,0.734,1.478,0.626,3.343,NORMAL,85.9,Low,SEED
2026-05-27 21:20:11,SEED-8,2.171,47.082,1.179,1.368,0.923,4.369,0.917,2.685,0.551,1.405,0.735,2.665,NORMAL,79.8,Low,SEED
2026-05-27 21:30:11,SEED-9,1.98,30.023,0.816,1.377,0.935,3.311,1.118,1.558,0.861,1.388,0.834,3.577,NORMAL,78.6,Low,SEED
2026-05-27 21:40:11,SEED-10,3.283,72.307,0.441,0.989,0.409,5.187,0.574,2.897,0.452,1.078,0.477,6.187,BROKEN,80.8,High,SEED
2026-05-27 21:50:11,SEED-11,2.182,51.139,0.751,1.28,0.638,2.282,1.3,1.984,0.737,1.607,0.758,4.126,NORMAL,90.6,Low,SEED
2026-05-27 22:00:11,SEED-12,1.919,37.32,0.904,1.07,0.627,4.236,1.228,2.697,0.724,1.304,0.633,4.472,NORMAL,81.2,Low,SEED
2026-05-27 22:10:11,SEED-13,2.705,51.504,1.179,1.286,0.634,4.352,1.045,1.552,0.765,1.553,0.768,3.801,NORMAL,91.8,Low,SEED
2026-05-27 22:20:11,SEED-14,2.874,60.698,0.51,0.988,0.367,5.239,0.607,3.993,0.37,0.939,0.508,6.013,BROKEN,92.3,High,SEED
2026-05-27 22:30:11,SEED-15,2.03,53.678,1.187,1.016,0.842,3.782,0.869,2.555,0.645,1.599,0.832,3.284,NORMAL,75.5,Low,SEED
2026-05-27 22:40:11,SEED-16,2.691,42.6,0.754,1.449,0.714,3.847,1.067,1.811,0.703,1.335,0.612,3.418,NORMAL,77.0,Low,SEED
2026-05-27 22:50:11,SEED-17,2.234,58.737,0.619,1.225,0.57,3.713,0.915,3.266,0.586,1.471,0.737,3.896,RECOVERING,69.3,Medium,SEED
2026-05-27 23:00:11,SEED-18,2.109,51.34,0.826,1.335,0.692,2.986,0.864,1.994,0.626,1.78,0.609,3.771,NORMAL,73.3,Low,SEED
2026-05-27 23:10:11,SEED-19,2.899,63.688,0.884,1.145,0.718,4.082,0.963,2.785,0.496,1.242,0.636,4.191,RECOVERING,68.7,Medium,SEED
2026-05-27 23:20:11,SEED-20,1.725,53.407,0.947,1.027,0.609,4.236,0.893,2.147,0.568,1.367,0.861,4.248,NORMAL,72.6,Low,SEED
2026-05-27 23:30:11,SEED-21,2.319,57.407,0.675,1.077,0.532,4.147,0.698,2.58,0.497,1.419,0.545,4.309,RECOVERING,70.0,Medium,SEED
2026-05-27 23:40:11,SEED-22,2.302,45.529,0.728,1.154,0.723,4.296,1.283,1.723,0.513,1.703,0.681,3.972,NORMAL,84.2,Low,SEED
2026-05-27 23:50:11,SEED-23,2.585,49.381,0.753,1.203,0.917,2.133,1.104,1.681,0.573,1.312,0.882,3.343,NORMAL,91.8,Low,SEED
2026-05-28 00:00:11,SEED-24,2.627,35.436,1.164,1.234,0.87,2.189,0.852,2.102,0.877,1.42,0.996,2.706,NORMAL,88.3,Low,SEED
2026-05-28 00:10:11,SEED-25,2.302,40.029,1.041,1.48,0.754,3.123,0.868,1.613,0.716,1.203,0.716,3.74,NORMAL,83.2,Low,SEED
2026-05-28 00:20:11,SEED-26,2.635,45.409,0.552,1.011,0.534,5.158,0.662,2.218,0.633,1.468,0.56,4.512,RECOVERING,68.7,Medium,SEED
2026-05-28 00:30:11,SEED-27,1.742,47.808,1.093,1.435,0.911,3.483,0.841,2.073,0.673,1.224,0.956,4.21,NORMAL,87.9,Low,SEED
2026-05-28 00:40:11,SEED-28,2.389,46.255,1.05,1.232,0.936,4.041,0.97,2.07,0.529,1.217,0.669,2.52,NORMAL,77.8,Low,SEED
2026-05-28 00:50:11,SEED-29,1.793,46.059,0.871,1.126,0.83,2.503,0.847,2.08,0.809,1.767,0.663,4.125,NORMAL,86.3,Low,SEED
2026-05-28 01:00:11,SEED-30,1.672,54.476,1.076,1.356,0.616,2.36,0.803,2.742,0.501,1.507,0.657,4.118,NORMAL,91.3,Low,SEED
2026-05-28 01:10:11,SEED-31,3.394,57.307,0.5,0.823,0.446,4.82,0.557,3.493,0.43,0.88,0.438,5.89,BROKEN,87.5,High,SEED
2026-05-28 01:20:11,SEED-32,2.938,66.783,0.854,1.202,0.544,3.587,0.928,2.397,0.517,1.26,0.66,4.962,RECOVERING,68.7,Medium,SEED
2026-05-28 01:30:11,SEED-33,2.307,53.301,1.01,1.137,0.934,2.531,1.299,2.182,0.639,1.341,0.688,3.911,NORMAL,80.3,Low,SEED
2026-05-28 01:40:11,SEED-34,1.678,34.628,1.131,1.474,0.902,3.075,1.195,2.106,0.776,1.505,0.704,4.237,NORMAL,94.4,Low,SEED
2026-05-28 01:50:11,SEED-35,2.903,75.631,0.511,0.835,0.473,5.685,0.67,2.964,0.433,0.926,0.45,5.694,BROKEN,93.0,High,SEED
2026-05-28 02:00:11,SEED-36,3.481,77.427,0.483,0.91,0.351,4.728,0.654,3.486,0.47,0.978,0.436,6.444,BROKEN,79.7,High,SEED
2026-05-28 02:10:11,SEED-37,2.47,48.975,0.921,1.201,0.914,2.769,1.13,2.452,0.759,1.376,0.934,2.701,NORMAL,70.6,Low,SEED
2026-05-28 02:20:11,SEED-38,2.946,56.057,0.58,1.076,0.722,3.57,0.66,2.89,0.58,1.164,0.633,5.309,RECOVERING,68.7,Medium,SEED
2026-05-28 02:30:11,SEED-39,2.14,51.405,1.017,1.459,0.975,3.831,0.822,2.225,0.83,1.528,0.684,2.697,NORMAL,82.6,Low,SEED
2026-05-28 02:40:11,SEED-40,2.96,77.091,0.465,0.965,0.383,4.786,0.575,3.354,0.42,0.959,0.598,6.056,BROKEN,93.4,High,SEED
2026-05-28 02:50:11,SEED-41,1.708,34.533,0.94,1.071,0.854,3.814,1.06,2.75,0.678,1.401,0.824,3.173,NORMAL,74.6,Low,SEED
2026-05-28 03:00:11,SEED-42,1.813,34.487,0.895,1.063,0.897,4.159,0.961,2.18,0.767,1.435,0.661,3.155,NORMAL,91.7,Low,SEED
2026-05-28 03:10:11,SEED-43,2.335,60.073,0.654,0.911,0.631,3.426,0.826,2.956,0.425,1.452,0.739,4.009,RECOVERING,69.7,Medium,SEED
2026-05-28 03:20:11,SEED-44,2.314,66.823,0.767,1.071,0.695,4.295,0.798,3.098,0.484,1.269,0.7,4.541,RECOVERING,70.0,Medium,SEED
2026-05-28 03:30:11,SEED-45,1.686,33.832,1.185,1.427,0.927,3.202,1.041,2.576,0.588,1.314,0.82,3.756,NORMAL,94.6,Low,SEED
2026-05-28 03:40:11,SEED-46,1.74,46.539,0.914,1.492,0.724,3.525,1.073,2.614,0.588,1.735,0.889,3.314,NORMAL,94.0,Low,SEED
2026-05-28 03:50:11,SEED-47,3.042,64.004,0.595,0.973,0.43,5.95,0.592,2.908,0.498,0.904,0.488,5.742,BROKEN,85.0,High,SEED
2026-05-28 04:00:11,SEED-48,1.631,30.025,1.103,1.065,0.619,2.066,0.93,2.263,0.501,1.597,0.676,2.834,NORMAL,77.9,Low,SEED
2026-05-28 04:10:11,SEED-49,2.727,60.68,0.785,1.221,0.48,3.974,0.81,2.703,0.412,1.472,0.623,5.097,RECOVERING,68.7,Medium,SEED
2026-05-28 04:20:11,SEED-50,2.529,43.327,1.129,1.048,0.727,2.881,1.036,2.579,0.762,1.657,0.627,3.26,NORMAL,92.0,Low,SEED
2026-05-28 04:30:11,SEED-51,1.892,36.028,0.768,1.362,0.866,2.937,0.804,2.16,0.63,1.704,0.81,3.767,NORMAL,87.2,Low,SEED
2026-05-28 04:40:11,SEED-52,2.416,42.786,0.709,1.196,0.87,3.186,1.178,2.106,0.607,1.786,0.749,4.491,NORMAL,87.3,Low,SEED
2026-05-28 04:50:11,SEED-53,2.722,58.481,0.713,1.131,0.663,5.238,0.732,3.238,0.586,1.201,0.545,4.553,RECOVERING,69.0,Medium,SEED
2026-05-28 05:00:11,SEED-54,2.433,49.604,0.654,1.066,0.635,4.02,0.664,3.371,0.425,1.478,0.781,4.344,RECOVERING,69.0,Medium,SEED
2026-05-28 05:10:11,SEED-55,3.308,77.23,0.41,0.971,0.479,5.205,0.54,3.438,0.495,0.874,0.414,6.418,BROKEN,78.2,High,SEED
2026-05-28 05:20:11,SEED-56,2.927,47.912,0.765,1.003,0.612,4.472,0.996,2.508,0.469,1.453,0.794,3.837,RECOVERING,69.7,Medium,SEED
2026-05-28 05:30:11,SEED-57,1.572,30.062,0.725,1.349,0.826,4.169,0.817,1.551,0.685,1.562,0.867,3.739,NORMAL,92.9,Low,SEED
2026-05-28 05:40:11,SEED-58,2.216,53.441,0.893,1.274,0.794,3.792,1.27,2.601,0.649,1.779,0.67,3.909,NORMAL,71.9,Low,SEED
2026-05-28 05:50:11,SEED-59,3.04,46.934,0.848,1.085,0.617,3.563,0.972,2.367,0.6,1.009,0.702,4.204,RECOVERING,69.7,Medium,SEED
2026-05-28 06:00:11,SEED-60,2.117,54.657,1.147,1.031,0.729,2.735,1.214,2.133,0.834,1.73,0.941,3.477,NORMAL,94.3,Low,SEED
2026-05-28 06:10:11,SEED-61,2.108,35.286,0.801,1.231,0.656,3.982,1.176,1.768,0.562,1.241,0.754,3.876,NORMAL,79.4,Low,SEED
2026-05-28 06:20:11,SEED-62,2.63,35.971,0.919,1.263,0.653,3.483,1.16,2.706,0.74,1.494,0.844,3.544,NORMAL,94.1,Low,SEED
2026-05-28 06:30:11,SEED-63,2.296,32.881,1.129,1.429,0.947,2.04,1.001,2.554,0.59,1.799,0.92,4.344,NORMAL,71.2,Low,SEED
2026-05-28 06:40:11,SEED-64,2.776,37.639,1.133,1.435,0.925,3.572,1.062,2.332,0.863,1.326,0.899,4.347,NORMAL,70.6,Low,SEED
2026-05-28 06:50:11,SEED-65,1.543,37.613,1.138,1.215,0.803,2.172,1.069,1.977,0.892,1.455,0.716,4.404,NORMAL,82.2,Low,SEED
2026-05-28 07:00:11,SEED-66,1.653,42.055,0.732,1.195,0.709,2.877,0.988,2.723,0.538,1.591,0.653,3.546,NORMAL,82.3,Low,SEED
2026-05-28 07:10:11,SEED-67,2.745,47.721,0.623,0.92,0.637,5.08,0.759,2.498,0.629,1.029,0.778,5.086,RECOVERING,70.0,Medium,SEED
2026-05-28 07:20:11,SEED-68,1.569,52.738,0.945,1.175,0.603,4.135,1.093,2.618,0.604,1.29,0.757,3.28,NORMAL,84.3,Low,SEED
2026-05-28 07:30:11,SEED-69,2.42,45.502,1.106,1.181,0.935,3.373,1.284,1.998,0.65,1.788,0.857,3.383,NORMAL,84.2,Low,SEED
2026-05-28 07:40:11,SEED-70,2.252,36.26,0.717,1.346,0.625,3.68,0.904,2.323,0.545,1.581,0.79,4.148,NORMAL,72.5,Low,SEED
2026-05-28 07:50:11,SEED-71,2.291,39.83,1.079,1.193,0.908,3.383,0.822,2.446,0.652,1.566,0.863,2.941,NORMAL,88.6,Low,SEED
2026-05-28 08:00:11,SEED-72,2.716,50.374,0.797,1.323,0.75,4.15,1.178,2.798,0.587,1.481,0.961,3.852,NORMAL,88.9,Low,SEED
2026-05-28 08:10:11,SEED-73,3.106,60.534,0.687,1.119,0.683,4.157,0.956,2.501,0.553,1.161,0.566,4.946,RECOVERING,69.0,Medium,SEED
2026-05-28 08:20:11,SEED-74,2.269,38.604,0.907,1.009,0.901,3.304,1.245,2.543,0.654,1.792,0.736,3.321,NORMAL,86.1,Low,SEED
2026-05-28 08:30:11,SEED-75,3.347,62.629,0.547,0.903,0.348,4.84,0.592,2.867,0.319,1.122,0.526,5.548,BROKEN,83.8,High,SEED
2026-05-28 08:40:11,SEED-76,2.67,48.522,0.946,1.046,0.61,3.452,0.87,1.55,0.763,1.693,0.975,2.721,NORMAL,92.8,Low,SEED
2026-05-28 08:50:11,SEED-77,1.778,33.085,0.865,1.379,0.956,4.247,1.27,2.768,0.842,1.601,0.693,2.561,NORMAL,90.5,Low,SEED
2026-05-28 09:00:11,SEED-78,2.121,34.435,0.866,1.417,0.936,3.686,0.839,2.34,0.513,1.798,0.89,3.559,NORMAL,78.5,Low,SEED
2026-05-28 09:10:11,SEED-79,1.642,34.195,1.072,1.021,0.904,2.259,1.15,2.701,0.613,1.208,0.807,2.657,NORMAL,81.8,Low,SEED
2026-05-28 09:20:11,SEED-80,3.434,69.555,0.529,0.883,0.372,5.374,0.547,3.33,0.43,1.199,0.546,5.039,BROKEN,94.1,High,SEED
2026-05-28 09:30:11,SEED-81,2.514,41.107,0.829,1.291,0.917,3.155,0.945,2.286,0.87,1.75,0.937,4.069,NORMAL,89.0,Low,SEED
2026-05-28 09:40:11,SEED-82,2.654,35.995,0.845,1.478,0.655,3.809,1.173,2.506,0.642,1.437,0.835,4.238,NORMAL,73.3,Low,SEED
2026-05-28 09:50:11,SEED-83,2.263,61.108,0.859,1.188,0.698,5.064,0.938,3.398,0.604,1.016,0.566,5.491,RECOVERING,69.7,Medium,SEED
2026-05-28 10:00:11,SEED-84,1.913,38.15,1.12,1.214,0.794,2.491,0.909,2.521,0.769,1.725,0.996,2.994,NORMAL,93.8,Low,SEED
2026-05-28 10:10:11,SEED-85,2.259,66.455,0.779,0.954,0.476,4.859,0.861,2.174,0.523,1.09,0.796,4.998,RECOVERING,69.0,Medium,SEED
2026-05-28 10:20:11,SEED-86,2.497,47.397,0.93,1.289,0.79,3.811,1.093,2.464,0.672,1.447,0.853,3.747,NORMAL,83.8,Low,SEED
2026-05-28 10:30:11,SEED-87,2.0,47.85,1.038,1.117,0.824,2.188,1.079,2.492,0.795,1.344,0.964,3.131,NORMAL,79.9,Low,SEED
2026-05-28 10:40:11,SEED-88,2.811,79.109,0.53,0.904,0.329,5.756,0.544,3.782,0.316,0.875,0.477,5.481,BROKEN,72.8,High,SEED
2026-05-28 10:50:11,SEED-89,2.388,46.996,0.759,0.934,0.635,4.733,0.951,3.013,0.401,1.035,0.547,4.937,RECOVERING,70.3,Medium,SEED
2026-05-28 11:00:11,SEED-90,1.986,53.775,0.935,1.321,0.659,3.422,0.94,1.87,0.614,1.416,0.699,4.406,NORMAL,75.3,Low,SEED
2026-05-28 11:10:11,SEED-91,2.178,37.444,0.898,1.205,0.96,3.207,0.914,1.982,0.61,1.269,0.749,4.146,NORMAL,73.3,Low,SEED
2026-05-28 11:20:11,SEED-92,2.019,51.945,0.9,1.067,0.938,2.128,1.251,2.116,0.844,1.691,0.78,3.885,NORMAL,91.0,Low,SEED
2026-05-28 11:30:11,SEED-93,1.608,53.221,0.97,1.071,0.722,2.746,1.106,1.559,0.65,1.567,0.604,3.399,NORMAL,75.0,Low,SEED
2026-05-28 11:40:11,SEED-94,2.634,61.622,0.876,0.913,0.452,4.0,0.816,2.203,0.677,1.336,0.785,4.951,RECOVERING,68.7,Medium,SEED
2026-05-28 11:50:11,SEED-95,2.991,57.485,0.582,0.931,0.363,4.687,0.52,3.051,0.402,0.824,0.599,5.699,BROKEN,77.6,High,SEED
2026-05-28 12:00:11,SEED-96,3.146,65.137,0.401,0.965,0.437,5.151,0.585,3.432,0.404,0.91,0.501,5.613,BROKEN,72.3,High,SEED
2026-05-28 12:10:11,SEED-97,2.347,52.708,0.797,1.308,0.828,3.891,1.029,2.375,0.837,1.68,0.906,2.665,NORMAL,79.4,Low,SEED
2026-05-28 12:20:11,SEED-98,2.977,79.657,0.424,0.903,0.338,5.392,0.694,3.818,0.34,0.937,0.554,6.294,BROKEN,85.5,High,SEED
2026-05-28 12:30:11,SEED-99,2.229,33.547,1.011,1.401,0.753,3.854,0.884,2.755,0.589,1.361,0.73,4.291,NORMAL,91.1,Low,SEED
2026-05-28 12:40:11,SEED-100,2.405,47.647,1.195,1.451,0.613,2.507,1.298,2.012,0.53,1.667,0.868,3.442,NORMAL,74.1,Low,SEED
2026-05-28 12:50:11,SEED-101,2.204,36.851,1.035,1.445,0.951,3.302,0.939,2.611,0.591,1.667,0.624,2.873,NORMAL,74.9,Low,SEED
2026-05-28 13:00:11,SEED-102,2.483,39.889,0.774,1.25,0.606,2.487,1.292,2.102,0.518,1.404,0.657,3.012,NORMAL,83.0,Low,SEED
2026-05-28 13:10:11,SEED-103,1.867,48.364,1.188,1.166,0.852,4.389,0.839,2.036,0.817,1.438,0.69,4.101,NORMAL,78.0,Low,SEED
2026-05-28 13:20:11,SEED-104,2.021,37.102,0.81,1.015,0.811,4.062,0.986,2.714,0.684,1.614,0.914,3.925,NORMAL,88.9,Low,SEED
2026-05-28 13:30:11,SEED-105,1.573,31.945,0.991,1.489,0.809,2.331,1.139,2.687,0.734,1.447,0.692,4.107,NORMAL,86.9,Low,SEED
2026-05-28 13:40:11,SEED-106,2.066,40.084,0.82,1.357,0.991,3.301,0.982,2.003,0.641,1.668,0.971,3.189,NORMAL,86.1,Low,SEED
2026-05-28 13:50:11,SEED-107,1.882,35.788,0.761,1.125,0.612,3.466,0.967,1.982,0.763,1.513,0.784,2.668,NORMAL,93.8,Low,SEED
2026-05-28 14:00:11,SEED-108,3.111,77.043,0.448,0.867,0.388,5.924,0.552,3.911,0.456,0.876,0.561,6.148,BROKEN,82.6,High,SEED
2026-05-28 14:10:11,SEED-109,1.903,49.633,0.775,1.181,0.603,2.711,1.055,1.834,0.533,1.631,0.863,3.291,NORMAL,88.4,Low,SEED
2026-05-28 14:20:11,SEED-110,2.496,46.986,0.596,0.945,0.711,4.293,0.933,3.175,0.503,1.449,0.73,4.281,RECOVERING,70.0,Medium,SEED
2026-05-28 14:30:11,SEED-111,2.763,41.804,0.812,1.081,0.883,4.395,1.123,2.265,0.615,1.71,0.771,4.041,NORMAL,83.1,Low,SEED
2026-05-28 14:40:11,SEED-112,2.418,31.937,0.796,1.036,0.995,3.887,1.23,2.676,0.636,1.646,0.726,3.379,NORMAL,74.6,Low,SEED
2026-05-28 14:50:11,SEED-113,1.741,52.88,0.738,1.417,0.604,2.04,1.199,2.093,0.744,1.665,0.859,2.716,NORMAL,77.1,Low,SEED
2026-05-28 15:00:11,SEED-114,2.886,63.776,0.836,1.106,0.566,4.529,0.69,2.812,0.554,1.21,0.741,5.022,RECOVERING,69.0,Medium,SEED
2026-05-28 15:10:11,SEED-115,2.439,62.78,0.591,0.979,0.468,4.112,0.882,2.765,0.452,1.388,0.695,3.527,RECOVERING,69.0,Medium,SEED
2026-05-28 15:20:11,SEED-116,2.493,64.15,0.886,1.139,0.596,4.865,0.942,2.235,0.573,1.192,0.592,4.54,RECOVERING,69.0,Medium,SEED
2026-05-28 15:30:11,SEED-117,1.967,51.164,0.957,1.255,0.878,3.614,1.074,2.277,0.874,1.679,0.766,3.448,NORMAL,84.2,Low,SEED
2026-05-28 15:40:11,SEED-118,1.554,39.265,0.756,1.476,0.665,4.096,1.283,1.99,0.68,1.215,0.911,2.809,NORMAL,71.5,Low,SEED
2026-05-28 15:50:11,SEED-119,2.378,51.494,0.973,1.221,0.662,2.578,0.992,2.016,0.667,1.487,0.648,3.634,NORMAL,86.1,Low,SEED
2026-05-28 16:00:11,SEED-120,2.304,32.073,1.102,1.476,0.994,3.61,1.017,2.407,0.641,1.502,0.964,2.632,NORMAL,89.9,Low,SEED
2026-05-28 16:10:11,SEED-121,2.217,64.436,0.663,1.178,0.483,4.038,0.754,2.154,0.678,1.27,0.665,5.299,RECOVERING,68.3,Medium,SEED
2026-05-28 16:20:11,SEED-122,2.009,53.219,0.96,1.433,0.693,2.095,1.056,1.788,0.851,1.213,0.663,3.341,NORMAL,93.7,Low,SEED
2026-05-28 16:30:11,SEED-123,2.76,37.085,1.085,1.208,0.75,3.954,1.176,1.835,0.502,1.546,0.981,3.385,NORMAL,77.6,Low,SEED
2026-05-28 16:40:11,SEED-124,1.932,43.454,0.76,1.394,0.984,4.289,0.989,1.588,0.618,1.261,0.741,3.192,NORMAL,94.4,Low,SEED
2026-05-28 16:50:11,SEED-125,2.279,60.947,0.732,1.101,0.481,4.113,0.688,2.97,0.474,1.179,0.597,5.061,RECOVERING,69.7,Medium,SEED
2026-05-28 17:00:11,SEED-126,1.891,42.42,1.2,1.293,0.727,4.196,0.988,2.332,0.676,1.28,0.747,3.713,NORMAL,80.6,Low,SEED
2026-05-28 17:10:11,SEED-127,3.044,56.731,0.664,0.999,0.703,3.96,0.852,2.842,0.466,1.339,0.557,4.906,RECOVERING,68.7,Medium,SEED
2026-05-28 17:20:11,SEED-128,2.972,63.805,0.565,1.039,0.541,4.476,0.657,2.97,0.664,1.489,0.532,5.016,RECOVERING,69.0,Medium,SEED
2026-05-28 17:30:11,SEED-129,3.437,66.798,0.485,0.866,0.466,5.895,0.584,3.467,0.359,1.148,0.465,4.558,BROKEN,80.8,High,SEED
2026-05-28 17:40:11,SEED-130,2.096,41.349,0.938,1.279,0.667,4.071,1.293,1.889,0.535,1.799,0.912,3.376,NORMAL,79.3,Low,SEED
2026-05-28 17:50:11,SEED-131,2.527,60.279,0.72,1.217,0.539,4.166,0.672,2.265,0.485,1.136,0.565,3.998,RECOVERING,69.0,Medium,SEED
2026-05-28 18:00:11,SEED-132,1.569,32.427,1.107,1.494,0.637,3.712,1.1,1.717,0.65,1.743,0.783,3.736,NORMAL,73.8,Low,SEED
2026-05-28 18:10:11,SEED-133,2.632,39.048,1.188,1.252,0.803,4.411,0.83,1.923,0.842,1.251,0.733,4.456,NORMAL,88.5,Low,SEED
2026-05-28 18:20:11,SEED-134,3.142,70.709,0.458,0.845,0.353,5.348,0.567,3.656,0.489,1.023,0.451,5.102,BROKEN,93.9,High,SEED
2026-05-28 18:30:11,SEED-135,2.628,40.953,1.17,1.322,0.607,4.22,0.962,1.578,0.859,1.329,0.631,4.256,NORMAL,72.9,Low,SEED
2026-05-28 18:40:11,SEED-136,1.898,45.247,1.187,1.464,0.857,2.456,0.863,2.001,0.694,1.619,0.662,2.773,NORMAL,91.9,Low,SEED
2026-05-28 18:50:11,SEED-137,2.566,55.328,0.615,0.959,0.592,4.937,0.889,3.026,0.527,1.375,0.692,4.803,RECOVERING,69.0,Medium,SEED
2026-05-28 19:00:11,SEED-138,1.801,38.792,0.731,1.356,0.811,2.167,1.054,1.895,0.723,1.741,0.639,2.849,NORMAL,77.8,Low,SEED
2026-05-28 19:10:11,SEED-139,1.897,50.91,1.015,1.401,0.783,2.806,0.802,2.15,0.612,1.315,0.813,4.315,NORMAL,75.6,Low,SEED
2026-05-28 19:20:11,SEED-140,1.928,54.671,1.001,1.316,0.873,4.157,0.843,2.6,0.511,1.409,0.678,3.906,NORMAL,88.7,Low,SEED
2026-05-28 19:30:11,SEED-141,3.024,64.86,0.562,1.154,0.524,4.988,0.689,2.604,0.44,1.198,0.529,3.723,RECOVERING,69.0,Medium,SEED
2026-05-28 19:40:11,SEED-142,1.893,51.351,1.065,1.476,0.658,2.73,0.943,2.051,0.768,1.712,0.941,4.109,NORMAL,89.6,Low,SEED
2026-05-28 19:50:11,SEED-143,2.26,55.019,0.862,0.943,0.495,4.172,0.966,2.473,0.669,1.492,0.512,3.79,RECOVERING,69.3,Medium,SEED
2026-05-28 20:00:11,SEED-144,2.489,32.7,1.02,1.291,0.908,4.312,1.168,2.418,0.53,1.343,0.918,4.409,NORMAL,77.1,Low,SEED
2026-05-28 20:10:11,SEED-145,2.613,30.029,0.923,1.159,0.936,3.835,1.115,2.42,0.539,1.664,0.973,2.537,NORMAL,85.5,Low,SEED
2026-05-28 20:20:11,SEED-146,2.475,62.525,0.611,1.077,0.645,3.319,0.993,2.815,0.526,1.107,0.667,5.349,RECOVERING,68.7,Medium,SEED
2026-05-28 20:30:11,SEED-147,2.201,66.852,0.616,1.196,0.693,3.755,0.799,3.381,0.609,1.096,0.683,4.122,RECOVERING,68.3,Medium,SEED
2026-05-28 20:40:11,SEED-148,1.758,48.114,1.121,1.23,0.974,2.4,1.136,2.368,0.898,1.474,0.955,3.258,NORMAL,90.0,Low,SEED
2026-05-28 20:50:11,SEED-149,1.979,43.627,1.077,1.343,0.943,2.759,1.173,2.766,0.749,1.414,0.745,3.599,NORMAL,76.9,Low,SEED
2026-05-28 21:00:11,SEED-150,1.644,53.958,1.089,1.474,0.605,3.139,0.914,1.835,0.736,1.487,0.687,3.216,NORMAL,76.7,Low,SEED
2026-05-28 21:10:11,SEED-151,2.463,35.819,1.065,1.241,0.627,2.504,1.005,1.972,0.9,1.788,0.997,3.028,NORMAL,81.4,Low,SEED
2026-05-28 21:20:11,SEED-152,2.609,37.299,1.166,1.199,0.854,4.242,1.255,2.756,0.805,1.775,0.957,4.128,NORMAL,85.4,Low,SEED
2026-05-28 21:30:11,SEED-153,3.392,76.679,0.5,0.988,0.32,5.97,0.639,2.883,0.45,0.86,0.453,6.317,BROKEN,88.8,High,SEED
2026-05-28 21:40:11,SEED-154,2.86,42.617,0.551,1.165,0.518,4.414,0.831,2.908,0.484,1.328,0.786,4.629,RECOVERING,68.0,Medium,SEED
2026-05-28 21:50:11,SEED-155,3.111,66.512,0.759,0.977,0.502,3.544,0.921,2.171,0.554,1.268,0.523,5.106,RECOVERING,68.7,Medium,SEED
2026-05-28 22:00:11,SEED-156,2.521,37.468,0.926,1.417,0.935,3.16,0.899,1.998,0.713,1.628,0.984,4.14,NORMAL,71.8,Low,SEED
2026-05-28 22:10:11,SEED-157,2.75,62.42,0.584,1.093,0.734,5.216,0.803,2.388,0.654,1.222,0.58,4.167,RECOVERING,69.0,Medium,SEED
2026-05-28 22:20:11,SEED-158,2.589,42.14,0.915,1.356,0.66,3.37,1.182,2.25,0.563,1.768,0.758,4.344,NORMAL,77.0,Low,SEED
2026-05-28 22:30:11,SEED-159,1.926,38.634,0.75,1.351,0.87,3.405,1.205,2.427,0.51,1.49,0.9,2.58,NORMAL,85.5,Low,SEED
2026-05-28 22:40:11,SEED-160,2.457,31.217,0.882,1.348,0.888,2.296,1.12,2.723,0.732,1.611,0.615,4.413,NORMAL,80.5,Low,SEED
2026-05-28 22:50:11,SEED-161,2.676,47.932,0.665,1.118,0.677,4.702,0.889,2.302,0.523,1.279,0.746,3.962,RECOVERING,70.0,Medium,SEED
2026-05-28 23:00:11,SEED-162,2.865,52.512,0.737,1.168,0.5,4.0,0.969,2.574,0.587,1.486,0.713,4.376,RECOVERING,68.7,Medium,SEED
2026-05-28 23:10:11,SEED-163,2.698,47.422,1.041,1.494,0.633,2.756,1.068,2.087,0.558,1.246,0.606,4.066,NORMAL,87.8,Low,SEED
2026-05-28 23:20:11,SEED-164,2.807,67.302,0.828,0.947,0.596,4.72,0.762,3.348,0.514,1.032,0.653,4.59,RECOVERING,69.0,Medium,SEED
2026-05-28 23:30:11,SEED-165,2.296,54.506,0.79,1.1,0.87,3.966,1.175,2.459,0.571,1.491,0.991,2.546,NORMAL,85.3,Low,SEED
2026-05-28 23:40:11,SEED-166,2.578,47.82,0.945,1.311,0.977,3.554,0.914,1.836,0.811,1.387,0.775,4.128,NORMAL,81.5,Low,SEED
2026-05-28 23:50:11,SEED-167,2.128,30.271,0.889,1.182,0.726,2.342,1.249,2.088,0.846,1.205,0.931,3.42,NORMAL,71.0,Low,SEED
2026-05-29 00:00:11,SEED-168,2.209,49.493,0.995,1.472,0.842,3.957,0.923,1.704,0.556,1.467,0.948,3.663,NORMAL,77.4,Low,SEED
2026-05-29 00:10:11,SEED-169,3.118,62.034,0.652,1.14,0.667,3.684,0.993,3.163,0.545,1.283,0.731,3.657,RECOVERING,68.7,Medium,SEED
2026-05-29 00:20:11,SEED-170,3.241,76.436,0.494,0.951,0.302,4.709,0.523,3.02,0.393,1.095,0.484,5.227,BROKEN,78.9,High,SEED
2026-05-29 00:30:11,SEED-171,1.618,49.475,0.868,1.314,0.908,2.993,0.996,2.05,0.708,1.608,0.846,2.842,NORMAL,82.6,Low,SEED
2026-05-29 00:40:11,SEED-172,1.564,48.105,0.934,1.193,0.735,2.619,0.856,2.457,0.745,1.697,0.774,3.577,NORMAL,76.3,Low,SEED
2026-05-29 00:50:11,SEED-173,3.396,76.229,0.453,0.948,0.303,5.705,0.674,2.921,0.468,1.071,0.581,6.305,BROKEN,86.2,High,SEED
2026-05-29 01:00:11,SEED-174,2.725,52.785,0.584,0.918,0.666,4.527,0.869,3.306,0.452,1.032,0.592,4.387,RECOVERING,69.0,Medium,SEED
2026-05-29 01:10:11,SEED-175,1.979,30.944,1.113,1.473,0.91,3.624,1.186,2.714,0.525,1.369,0.718,2.736,NORMAL,80.7,Low,SEED
2026-05-29 01:20:11,SEED-176,2.272,50.595,1.131,1.424,0.868,3.467,0.999,1.813,0.686,1.485,0.714,2.625,NORMAL,78.3,Low,SEED
2026-05-29 01:30:11,SEED-177,2.051,46.039,1.032,1.417,0.964,3.989,0.962,1.54,0.506,1.538,0.948,3.91,NORMAL,72.4,Low,SEED
2026-05-29 01:40:11,SEED-178,1.549,42.995,0.905,1.493,0.801,2.099,1.136,2.348,0.627,1.347,0.808,2.913,NORMAL,75.0,Low,SEED
2026-05-29 01:50:11,SEED-179,3.195,55.676,0.426,0.814,0.487,5.979,0.578,2.953,0.443,1.069,0.505,6.185,BROKEN,80.8,High,SEED
2026-05-29 02:00:11,SEED-180,1.874,50.99,0.73,1.308,0.888,2.327,0.848,2.009,0.771,1.429,0.752,3.47,NORMAL,92.6,Low,SEED
2026-05-29 02:10:11,SEED-181,2.707,59.506,0.552,1.137,0.649,4.666,0.658,2.937,0.593,1.192,0.681,3.908,RECOVERING,69.0,Medium,SEED
2026-05-29 02:20:11,SEED-182,1.867,38.596,0.725,1.012,0.874,3.002,0.804,2.016,0.661,1.274,0.626,3.954,NORMAL,72.4,Low,SEED
2026-05-29 02:30:11,SEED-183,2.636,42.122,0.718,1.039,0.83,3.04,0.946,2.25,0.554,1.548,0.627,3.74,NORMAL,71.5,Low,SEED
2026-05-29 02:40:11,SEED-184,2.549,57.973,0.648,0.998,0.559,3.783,0.818,2.191,0.421,1.447,0.699,4.09,RECOVERING,68.7,Medium,SEED
2026-05-29 02:50:11,SEED-185,1.504,49.489,0.797,1.474,0.76,3.221,1.238,1.997,0.843,1.592,0.728,2.871,NORMAL,94.8,Low,SEED
2026-05-29 03:00:11,SEED-186,2.601,48.703,0.957,1.388,0.777,3.562,1.094,2.645,0.55,1.373,0.923,3.711,NORMAL,72.7,Low,SEED
2026-05-29 03:10:11,SEED-187,3.017,60.457,0.562,0.937,0.455,4.709,0.505,3.055,0.317,0.805,0.575,5.928,BROKEN,82.9,High,SEED
2026-05-29 03:20:11,SEED-188,1.514,32.523,1.196,1.454,0.661,3.753,0.873,1.657,0.773,1.244,0.682,3.436,NORMAL,72.5,Low,SEED
2026-05-29 03:30:11,SEED-189,2.949,49.118,0.739,1.216,0.694,5.156,0.688,2.725,0.694,1.468,0.719,4.404,RECOVERING,70.0,Medium,SEED
2026-05-29 03:40:11,SEED-190,2.688,40.743,0.769,1.124,0.947,3.336,1.018,1.957,0.754,1.421,0.809,3.357,NORMAL,85.0,Low,SEED
2026-05-29 03:50:11,SEED-191,1.747,34.883,1.116,1.263,0.631,2.819,0.969,1.971,0.602,1.466,0.619,3.131,NORMAL,91.3,Low,SEED
2026-05-29 04:00:11,SEED-192,2.616,59.397,0.817,1.183,0.53,4.941,0.697,2.893,0.515,1.388,0.783,3.905,RECOVERING,69.0,Medium,SEED
2026-05-29 04:10:11,SEED-193,1.589,44.105,1.007,1.158,0.876,3.561,0.85,2.61,0.801,1.324,0.971,4.361,NORMAL,81.2,Low,SEED
2026-05-29 04:20:11,SEED-194,2.942,78.0,0.534,0.89,0.482,5.529,0.588,3.791,0.305,0.812,0.48,5.11,BROKEN,73.5,High,SEED
2026-05-29 04:30:11,SEED-195,2.146,49.529,1.196,1.304,0.625,3.209,0.939,2.412,0.646,1.579,0.955,3.859,NORMAL,83.3,Low,SEED
2026-05-29 04:40:11,SEED-196,3.449,68.78,0.442,0.945,0.493,4.996,0.524,3.569,0.393,0.904,0.403,5.737,BROKEN,73.7,High,SEED
2026-05-29 04:50:11,SEED-197,2.668,52.737,0.778,1.465,0.782,2.675,1.14,2.576,0.511,1.578,0.731,4.058,NORMAL,70.4,Low,SEED
2026-05-29 05:00:11,SEED-198,2.297,33.345,0.701,1.099,0.881,3.269,1.234,1.942,0.571,1.261,0.921,3.153,NORMAL,70.9,Low,SEED
2026-05-29 05:10:11,SEED-199,3.211,79.926,0.59,0.946,0.335,5.986,0.534,3.441,0.34,1.115,0.572,5.027,BROKEN,87.1,High,SEED
2026-05-29 05:20:11,SEED-200,2.412,51.581,1.113,1.338,0.911,3.084,1.216,1.902,0.513,1.612,0.885,2.687,NORMAL,76.4,Low,SEED
2026-05-29 05:30:11,SEED-201,2.049,51.242,1.137,1.281,0.87,2.912,0.979,2.766,0.736,1.267,0.895,4.457,NORMAL,91.3,Low,SEED
2026-05-29 05:40:11,SEED-202,2.312,53.934,1.045,1.142,0.693,3.869,0.949,1.516,0.652,1.731,0.935,2.974,NORMAL,92.7,Low,SEED
2026-05-29 05:50:11,SEED-203,1.617,34.558,0.762,1.463,0.859,2.181,0.944,1.788,0.803,1.648,0.913,3.375,NORMAL,89.5,Low,SEED
2026-05-29 06:00:11,SEED-204,2.444,59.928,0.805,1.151,0.516,3.709,0.76,2.953,0.472,1.161,0.787,4.75,RECOVERING,68.7,Medium,SEED
2026-05-29 06:10:11,SEED-205,2.415,38.526,0.764,1.132,0.739,2.292,0.908,1.833,0.812,1.749,0.889,2.539,NORMAL,73.0,Low,SEED
2026-05-29 06:20:11,SEED-206,1.6,36.975,1.112,1.231,0.747,3.25,1.239,2.564,0.836,1.582,0.666,3.627,NORMAL,94.8,Low,SEED
2026-05-29 06:30:11,SEED-207,2.352,63.768,0.877,0.912,0.73,3.695,0.973,2.689,0.54,1.231,0.608,5.363,RECOVERING,69.7,Medium,SEED
2026-05-29 06:40:11,SEED-208,2.536,48.556,0.779,0.979,0.568,4.889,0.766,3.376,0.608,1.011,0.606,3.926,RECOVERING,70.0,Medium,SEED
2026-05-29 06:50:11,SEED-209,1.796,32.644,1.12,1.208,0.685,3.106,1.072,2.638,0.698,1.293,0.808,2.65,NORMAL,74.0,Low,SEED
2026-05-29 07:00:11,SEED-210,2.604,42.81,1.1,1.119,0.721,3.039,0.932,2.757,0.649,1.48,0.673,4.327,NORMAL,81.7,Low,SEED
2026-05-29 07:10:11,SEED-211,3.122,64.455,0.843,1.0,0.696,3.636,0.734,3.262,0.568,1.168,0.744,5.275,RECOVERING,68.7,Medium,SEED
2026-05-29 07:20:11,SEED-212,3.038,43.884,0.626,1.19,0.475,3.492,0.898,2.903,0.406,1.241,0.774,5.347,RECOVERING,67.7,Medium,SEED
2026-05-29 07:30:11,SEED-213,1.803,48.683,1.18,1.116,0.689,3.181,0.951,1.714,0.506,1.682,0.779,3.308,NORMAL,84.1,Low,SEED
2026-05-29 07:40:11,SEED-214,2.666,52.857,1.054,1.203,0.86,2.049,1.175,1.844,0.502,1.336,0.84,2.906,NORMAL,88.0,Low,SEED
2026-05-29 07:50:11,SEED-215,2.707,44.393,0.661,1.109,0.745,3.415,0.802,3.124,0.495,1.303,0.616,4.799,RECOVERING,67.7,Medium,SEED
2026-05-29 08:00:11,SEED-216,2.168,50.581,0.66,1.0,0.713,4.43,0.781,3.117,0.493,1.208,0.675,4.086,RECOVERING,70.0,Medium,SEED
2026-05-29 08:10:11,SEED-217,2.274,66.56,0.701,1.205,0.746,4.951,0.708,2.94,0.67,1.2,0.608,3.545,RECOVERING,69.3,Medium,SEED
2026-05-29 08:20:11,SEED-218,3.349,60.088,0.516,0.81,0.311,5.62,0.566,3.621,0.366,0.935,0.561,5.687,BROKEN,84.5,High,SEED
2026-05-29 08:30:11,SEED-219,2.258,63.586,0.643,1.029,0.746,3.374,0.777,2.723,0.602,1.135,0.699,4.463,RECOVERING,68.7,Medium,SEED
2026-05-29 08:40:11,SEED-220,1.641,42.645,0.835,1.174,0.867,2.472,1.272,2.175,0.538,1.345,0.828,3.241,NORMAL,86.6,Low,SEED
2026-05-29 08:50:11,SEED-221,2.781,39.745,0.792,1.06,0.911,2.127,0.856,2.058,0.664,1.693,0.649,3.129,NORMAL,79.9,Low,SEED
2026-05-29 09:00:11,SEED-222,2.22,66.621,0.87,1.178,0.528,4.951,0.68,2.569,0.601,1.048,0.637,3.802,RECOVERING,68.7,Medium,SEED
2026-05-29 09:10:11,SEED-223,2.252,42.773,0.909,1.265,0.768,3.774,1.027,1.694,0.619,1.285,0.726,4.257,NORMAL,81.6,Low,SEED
2026-05-29 09:20:11,SEED-224,2.079,51.673,0.89,1.467,0.748,3.146,1.012,2.269,0.707,1.534,0.673,4.287,NORMAL,87.6,Low,SEED
2026-05-29 09:30:11,SEED-225,2.027,34.711,1.197,1.009,0.743,3.813,0.897,1.559,0.621,1.586,0.754,3.966,NORMAL,71.7,Low,SEED
2026-05-29 09:40:11,SEED-226,3.315,77.115,0.454,0.873,0.307,4.795,0.669,3.585,0.315,1.041,0.582,5.741,BROKEN,75.0,High,SEED
2026-05-29 09:50:11,SEED-227,2.726,59.061,0.837,1.111,0.653,3.829,0.66,3.107,0.554,1.347,0.6,4.28,RECOVERING,68.7,Medium,SEED
2026-05-29 10:00:11,SEED-228,2.203,50.361,1.029,1.038,0.996,3.526,1.263,2.322,0.554,1.515,0.898,3.601,NORMAL,82.0,Low,SEED
2026-05-29 10:10:11,SEED-229,2.643,52.46,1.171,1.239,0.993,3.44,0.873,1.808,0.699,1.76,0.754,3.43,NORMAL,77.4,Low,SEED
2026-05-29 10:20:11,SEED-230,2.222,49.556,0.795,1.156,0.913,3.112,0.967,2.778,0.577,1.622,0.852,3.728,NORMAL,72.1,Low,SEED
2026-05-29 10:30:11,SEED-231,2.329,32.782,1.122,1.386,1.0,4.369,1.25,1.817,0.894,1.494,0.887,4.314,NORMAL,83.9,Low,SEED
2026-05-29 10:40:11,SEED-232,2.372,52.64,0.953,1.122,0.831,3.896,0.858,2.776,0.877,1.281,1.0,3.162,NORMAL,86.4,Low,SEED
2026-05-29 10:50:11,SEED-233,2.678,51.6,0.856,1.317,0.699,2.91,1.135,1.874,0.546,1.26,0.799,4.212,NORMAL,92.5,Low,SEED
2026-05-29 11:00:11,SEED-234,2.822,43.128,0.879,1.005,0.472,4.089,0.703,3.154,0.425,1.043,0.669,3.602,RECOVERING,68.0,Medium,SEED
2026-05-29 11:10:11,SEED-235,2.333,48.176,0.82,1.21,0.86,4.043,0.927,2.096,0.58,1.247,0.914,4.073,NORMAL,79.7,Low,SEED
2026-05-29 11:20:11,SEED-236,2.33,40.614,1.133,1.106,0.99,2.416,0.933,1.833,0.744,1.672,0.696,3.411,NORMAL,88.8,Low,SEED
2026-05-29 11:30:11,SEED-237,1.974,49.064,0.903,1.291,0.66,3.837,1.191,2.191,0.607,1.414,0.719,4.499,NORMAL,83.0,Low,SEED
2026-05-29 11:40:11,SEED-238,1.707,49.153,0.917,1.265,0.993,2.047,0.939,2.429,0.895,1.324,0.919,2.603,NORMAL,71.2,Low,SEED
2026-05-29 11:50:11,SEED-239,3.166,68.355,0.557,0.805,0.492,5.458,0.635,3.27,0.375,0.918,0.583,5.074,BROKEN,91.3,High,SEED
2026-05-29 12:00:11,SEED-240,3.411,75.809,0.531,0.945,0.439,5.463,0.511,3.449,0.329,1.124,0.409,6.495,BROKEN,72.8,High,SEED
2026-05-29 12:10:11,SEED-241,2.26,45.86,1.022,1.056,0.988,2.778,0.863,1.714,0.875,1.733,0.719,3.906,NORMAL,83.1,Low,SEED
2026-05-29 12:20:11,SEED-242,1.946,34.48,0.754,1.452,0.741,3.965,0.813,2.165,0.726,1.669,0.955,4.224,NORMAL,92.1,Low,SEED
2026-05-29 12:30:11,SEED-243,2.303,39.305,0.813,1.421,0.885,2.34,0.887,2.587,0.547,1.586,0.8,4.109,NORMAL,88.6,Low,SEED
2026-05-29 12:40:11,SEED-244,2.8,32.184,0.817,1.032,0.712,2.083,0.993,1.81,0.777,1.678,0.917,3.0,NORMAL,87.2,Low,SEED
2026-05-29 12:50:11,SEED-245,2.015,35.592,0.946,1.301,0.64,2.69,1.015,2.406,0.533,1.343,0.706,3.474,NORMAL,80.1,Low,SEED
2026-05-29 13:00:11,SEED-246,1.616,49.137,0.766,1.33,0.833,3.712,0.843,2.106,0.697,1.512,0.814,4.497,NORMAL,85.1,Low,SEED
2026-05-29 13:10:11,SEED-247,2.358,32.519,1.199,1.071,0.719,4.411,1.067,2.215,0.857,1.676,0.817,3.738,NORMAL,85.8,Low,SEED
2026-05-29 13:20:11,SEED-248,1.718,53.943,1.099,1.464,0.62,2.503,1.161,2.124,0.845,1.681,0.701,3.335,NORMAL,76.9,Low,SEED
2026-05-29 13:30:11,SEED-249,1.779,52.7,1.188,1.458,0.941,3.22,1.284,1.537,0.855,1.554,0.863,3.283,NORMAL,77.6,Low,SEED
2026-05-29 13:40:11,SEED-250,2.03,31.287,0.772,1.155,0.971,3.173,0.847,2.305,0.614,1.623,0.939,3.601,NORMAL,76.0,Low,SEED
2026-05-29 13:50:11,SEED-251,2.967,59.751,0.899,1.114,0.682,4.268,0.664,2.207,0.602,1.047,0.756,3.697,RECOVERING,69.0,Medium,SEED
2026-05-29 14:00:11,SEED-252,2.754,36.347,1.04,1.401,0.618,2.72,0.921,2.273,0.626,1.289,0.88,3.388,NORMAL,79.0,Low,SEED
2026-05-29 14:10:11,SEED-253,3.014,60.655,0.576,1.011,0.57,3.405,0.9,3.349,0.666,1.486,0.608,5.055,RECOVERING,68.7,Medium,SEED
2026-05-29 14:20:11,SEED-254,3.257,72.747,0.59,0.936,0.426,5.726,0.627,2.972,0.357,0.979,0.581,5.783,BROKEN,78.5,High,SEED
2026-05-29 14:30:11,SEED-255,2.199,44.741,0.606,0.93,0.632,3.816,0.927,2.896,0.529,1.224,0.63,4.77,RECOVERING,68.7,Medium,SEED
2026-05-29 14:40:11,SEED-256,2.733,65.282,0.772,1.161,0.571,3.982,0.674,2.151,0.584,1.47,0.676,4.139,RECOVERING,68.7,Medium,SEED
2026-05-29 14:50:11,SEED-257,2.33,46.141,0.945,1.019,0.941,3.371,0.972,2.533,0.856,1.457,0.674,3.846,NORMAL,94.7,Low,SEED
2026-05-29 15:00:11,SEED-258,3.486,55.815,0.516,0.959,0.368,5.022,0.539,3.668,0.499,1.013,0.495,5.147,BROKEN,84.7,High,SEED
2026-05-29 15:10:11,SEED-259,2.371,37.597,1.068,1.313,0.664,4.272,1.265,1.624,0.896,1.214,0.995,3.036,NORMAL,85.9,Low,SEED
2026-05-29 15:20:11,SEED-260,2.239,62.107,0.854,1.172,0.575,3.893,0.826,2.4,0.53,1.205,0.544,4.861,RECOVERING,69.3,Medium,SEED
2026-05-29 15:30:11,SEED-261,2.176,43.92,1.004,1.32,0.826,2.366,0.882,1.962,0.805,1.553,0.702,4.459,NORMAL,87.9,Low,SEED
2026-05-29 15:40:11,SEED-262,1.57,35.939,0.802,1.435,0.71,3.98,1.274,2.035,0.581,1.74,0.823,2.917,NORMAL,74.0,Low,SEED
2026-05-29 15:50:11,SEED-263,2.39,53.494,1.024,1.346,0.607,2.758,0.899,2.287,0.689,1.642,0.69,4.153,NORMAL,70.0,Low,SEED
2026-05-29 16:00:11,SEED-264,1.577,51.29,0.852,1.243,0.9,2.661,0.909,2.14,0.773,1.512,0.738,3.631,NORMAL,75.1,Low,SEED
2026-05-29 16:10:11,SEED-265,3.023,59.301,0.428,0.89,0.499,5.414,0.625,2.867,0.315,1.138,0.47,6.416,BROKEN,80.1,High,SEED
2026-05-29 16:20:11,SEED-266,2.021,31.753,1.061,1.015,0.885,3.741,1.129,2.23,0.801,1.277,0.631,3.932,NORMAL,85.3,Low,SEED
2026-05-29 16:30:11,SEED-267,2.47,47.031,0.602,0.918,0.466,4.606,0.829,3.013,0.611,1.408,0.508,4.29,RECOVERING,70.3,Medium,SEED
2026-05-29 16:40:11,SEED-268,2.539,34.731,0.849,1.084,0.616,3.446,1.177,2.655,0.702,1.362,0.881,3.174,NORMAL,83.2,Low,SEED
2026-05-29 16:50:11,SEED-269,2.43,31.087,0.869,1.358,0.862,4.434,0.976,1.995,0.826,1.214,0.75,2.779,NORMAL,73.4,Low,SEED
2026-05-29 17:00:11,SEED-270,2.941,66.462,0.454,0.852,0.435,5.559,0.571,3.249,0.327,0.991,0.494,5.65,BROKEN,73.4,High,SEED
2026-05-29 17:10:11,SEED-271,2.74,37.922,0.875,1.194,0.803,2.799,1.139,2.668,0.542,1.751,0.852,2.774,NORMAL,87.3,Low,SEED
2026-05-29 17:20:11,SEED-272,2.414,35.942,0.877,1.415,0.678,3.841,0.949,2.2,0.856,1.709,0.608,2.826,NORMAL,88.3,Low,SEED
2026-05-29 17:30:11,SEED-273,2.988,49.137,0.715,0.958,0.534,4.732,0.993,3.036,0.572,1.413,0.785,3.582,RECOVERING,70.0,Medium,SEED
2026-05-29 17:40:11,SEED-274,2.535,38.907,0.931,1.067,0.712,3.1,1.031,2.302,0.559,1.283,0.667,3.018,NORMAL,74.1,Low,SEED
2026-05-29 17:50:11,SEED-275,2.963,75.807,0.547,0.92,0.327,5.638,0.59,3.032,0.44,0.989,0.524,6.45,BROKEN,91.4,High,SEED
2026-05-29 18:00:11,SEED-276,2.62,31.758,1.02,1.302,0.756,2.968,1.046,1.72,0.632,1.513,0.859,2.892,NORMAL,86.7,Low,SEED
2026-05-29 18:10:11,SEED-277,3.234,66.947,0.412,0.894,0.323,4.575,0.688,2.822,0.447,1.08,0.524,6.424,BROKEN,92.2,High,SEED
2026-05-29 18:20:11,SEED-278,2.564,46.114,0.853,1.058,0.518,5.155,0.658,2.454,0.642,1.314,0.639,4.19,RECOVERING,70.3,Medium,SEED
2026-05-29 18:30:11,SEED-279,2.024,43.109,1.075,1.307,0.641,4.306,0.817,1.674,0.775,1.583,0.801,4.313,NORMAL,74.0,Low,SEED
2026-05-29 18:40:11,SEED-280,2.966,65.208,0.803,0.997,0.738,4.427,0.999,2.347,0.594,1.381,0.69,4.614,RECOVERING,69.0,Medium,SEED
2026-05-29 18:50:11,SEED-281,2.197,48.855,1.005,1.086,0.66,4.017,1.281,2.723,0.653,1.251,0.732,3.128,NORMAL,91.8,Low,SEED
2026-05-29 19:00:11,SEED-282,2.037,54.592,0.743,1.314,0.725,3.418,0.877,1.538,0.652,1.244,0.644,3.634,NORMAL,90.3,Low,SEED
2026-05-29 19:10:11,SEED-283,2.237,36.447,0.81,1.251,0.83,2.777,1.196,2.549,0.705,1.545,0.994,3.461,NORMAL,85.8,Low,SEED
2026-05-29 19:20:11,SEED-284,2.516,42.151,1.175,1.462,0.681,4.432,1.214,2.715,0.784,1.304,0.69,2.508,NORMAL,84.8,Low,SEED
2026-05-29 19:30:11,SEED-285,2.53,42.353,1.108,1.437,0.871,4.097,0.827,2.442,0.578,1.537,0.985,3.484,NORMAL,92.5,Low,SEED
2026-05-29 19:40:11,SEED-286,1.517,35.537,1.061,1.02,0.603,2.741,0.871,2.42,0.724,1.432,0.608,3.765,NORMAL,73.8,Low,SEED
2026-05-29 19:50:11,SEED-287,1.52,52.547,0.987,1.004,0.705,3.313,1.066,2.436,0.739,1.316,0.755,2.867,NORMAL,79.9,Low,SEED
2026-05-29 20:00:11,SEED-288,2.855,69.931,0.438,0.971,0.45,4.75,0.669,2.995,0.367,0.85,0.491,5.196,BROKEN,90.5,High,SEED
2026-05-29 20:10:11,SEED-289,2.944,59.701,0.855,1.006,0.563,4.768,0.822,2.725,0.603,1.2,0.634,4.085,RECOVERING,69.0,Medium,SEED
2026-05-29 20:20:11,SEED-290,2.31,44.07,1.02,1.424,0.72,2.896,0.872,2.411,0.761,1.541,0.643,2.846,NORMAL,87.4,Low,SEED
2026-05-29 20:30:11,SEED-291,2.51,63.805,0.716,0.924,0.511,5.192,0.76,2.979,0.477,1.338,0.633,4.677,RECOVERING,69.0,Medium,SEED
2026-05-29 20:40:11,SEED-292,2.168,49.277,0.847,1.172,0.702,3.598,0.911,2.719,0.655,1.409,0.702,5.217,RECOVERING,70.0,Medium,SEED
2026-05-29 20:50:11,SEED-293,2.04,52.473,0.96,1.461,0.891,2.161,1.08,2.262,0.857,1.575,0.729,2.993,NORMAL,88.7,Low,SEED
2026-05-29 21:00:11,SEED-294,3.225,59.805,0.42,0.818,0.328,5.178,0.699,3.162,0.459,0.965,0.484,5.88,BROKEN,83.5,High,SEED
2026-05-29 21:10:11,SEED-295,1.82,44.224,0.924,1.368,0.928,3.064,1.287,2.475,0.8,1.454,0.795,3.642,NORMAL,87.9,Low,SEED
2026-05-29 21:20:11,SEED-296,1.838,50.031,1.047,1.195,0.837,3.99,1.284,2.091,0.704,1.677,0.684,3.776,NORMAL,72.7,Low,SEED
2026-05-29 21:30:11,SEED-297,1.95,51.493,0.937,1.207,0.678,2.558,1.186,2.319,0.846,1.511,0.877,3.573,NORMAL,85.0,Low,SEED
2026-05-29 21:40:11,SEED-298,1.656,44.607,0.927,1.328,0.848,4.183,1.131,2.649,0.564,1.522,0.931,3.709,NORMAL,89.8,Low,SEED
2026-05-29 21:50:11,SEED-299,2.095,46.054,1.127,1.101,0.735,2.54,0.976,2.186,0.701,1.347,0.847,3.255,NORMAL,77.5,Low,SEED
2026-05-29 22:00:11,SEED-300,2.776,62.649,0.738,1.149,0.464,3.342,0.722,2.186,0.439,1.35,0.698,5.055,RECOVERING,68.7,Medium,SEED
2026-05-29 22:10:11,SEED-301,1.993,33.451,0.927,1.083,0.825,3.888,0.927,1.616,0.824,1.522,0.839,3.703,NORMAL,73.7,Low,SEED
2026-05-29 22:20:11,SEED-302,1.571,50.826,0.827,1.233,0.702,3.244,1.195,2.685,0.807,1.65,0.778,4.273,NORMAL,73.0,Low,SEED
2026-05-29 22:30:11,SEED-303,2.133,49.637,0.959,1.481,0.932,4.134,1.263,1.576,0.862,1.614,0.798,3.931,NORMAL,89.3,Low,SEED
2026-05-29 22:40:11,SEED-304,1.633,43.862,0.817,1.133,0.872,3.792,0.894,2.552,0.799,1.706,0.712,3.947,NORMAL,91.3,Low,SEED
2026-05-29 22:50:11,SEED-305,3.13,60.779,0.461,0.828,0.357,5.016,0.526,3.696,0.304,1.163,0.453,5.275,BROKEN,87.5,High,SEED
2026-05-29 23:00:11,SEED-306,2.063,39.971,1.0,1.259,0.911,3.807,1.264,2.033,0.521,1.446,0.995,2.628,NORMAL,76.2,Low,SEED
2026-05-29 23:10:11,SEED-307,1.925,42.334,1.036,1.423,0.805,2.995,1.148,1.726,0.834,1.495,0.968,3.123,NORMAL,71.5,Low,SEED
2026-05-29 23:20:11,SEED-308,2.708,42.433,0.943,1.023,0.827,2.926,1.127,1.716,0.737,1.788,0.617,3.103,NORMAL,94.3,Low,SEED
2026-05-29 23:30:11,SEED-309,2.464,37.756,0.752,1.055,0.735,2.993,1.006,1.502,0.605,1.552,0.715,3.964,NORMAL,71.9,Low,SEED
2026-05-29 23:40:11,SEED-310,2.258,45.121,0.599,0.935,0.734,4.045,0.659,3.24,0.454,1.364,0.544,4.299,RECOVERING,69.0,Medium,SEED
2026-05-29 23:50:11,SEED-311,1.808,35.102,0.815,1.208,0.806,4.347,1.263,2.554,0.671,1.648,0.816,4.22,NORMAL,91.9,Low,SEED
2026-05-30 00:00:11,SEED-312,2.805,60.222,0.659,1.016,0.594,3.947,0.764,2.738,0.597,1.144,0.681,3.935,RECOVERING,68.7,Medium,SEED
2026-05-30 00:10:11,SEED-313,3.107,74.854,0.477,0.804,0.444,5.235,0.613,3.345,0.493,0.892,0.469,5.852,BROKEN,86.7,High,SEED
2026-05-30 00:20:11,SEED-314,2.14,43.894,1.175,1.173,0.789,3.231,0.829,1.566,0.773,1.23,0.931,3.224,NORMAL,76.2,Low,SEED
2026-05-30 00:30:11,SEED-315,2.241,45.517,1.074,1.315,0.742,3.188,1.034,2.161,0.778,1.39,0.88,4.146,NORMAL,94.5,Low,SEED
2026-05-30 00:40:11,SEED-316,3.093,53.355,0.823,0.917,0.496,4.758,0.724,2.3,0.697,1.446,0.523,5.059,RECOVERING,69.0,Medium,SEED
2026-05-30 00:50:11,SEED-317,1.962,35.691,0.7,1.394,0.882,4.387,1.246,1.899,0.697,1.689,0.675,3.88,NORMAL,78.2,Low,SEED
2026-05-30 01:00:11,SEED-318,3.021,48.235,0.845,1.013,0.452,4.731,0.878,3.181,0.682,1.228,0.687,3.68,RECOVERING,70.0,Medium,SEED
2026-05-30 01:10:11,SEED-319,2.537,36.343,0.768,1.31,0.667,4.39,0.921,1.951,0.622,1.68,0.823,3.488,NORMAL,71.7,Low,SEED
2026-05-30 01:20:11,SEED-320,2.331,50.883,0.897,1.055,0.5,3.702,0.812,2.842,0.528,1.152,0.601,4.373,RECOVERING,70.3,Medium,SEED
2026-05-30 01:30:11,SEED-321,2.585,35.64,0.835,1.18,0.933,3.291,0.982,2.453,0.813,1.241,0.854,2.61,NORMAL,72.5,Low,SEED
2026-05-30 01:40:11,SEED-322,1.575,40.782,1.03,1.232,0.801,3.174,1.062,2.598,0.898,1.208,0.74,3.853,NORMAL,81.2,Low,SEED
2026-05-30 01:50:11,SEED-323,2.926,66.502,0.423,0.836,0.402,5.311,0.503,3.944,0.306,1.115,0.417,5.513,BROKEN,94.3,High,SEED
2026-05-30 02:00:11,SEED-324,2.403,54.654,0.976,1.431,0.978,3.843,1.068,2.329,0.649,1.405,0.962,3.794,NORMAL,75.6,Low,SEED
2026-05-30 02:10:11,SEED-325,2.49,64.867,0.704,1.151,0.515,4.26,0.869,3.241,0.513,1.426,0.607,3.99,RECOVERING,69.0,Medium,SEED
2026-05-30 02:20:11,SEED-326,1.563,39.211,1.061,1.316,0.834,2.885,0.874,1.836,0.837,1.658,0.604,3.849,NORMAL,73.8,Low,SEED
2026-05-30 02:30:11,SEED-327,2.609,47.593,0.805,1.132,0.876,2.72,1.109,2.52,0.802,1.518,0.995,3.069,NORMAL,73.4,Low,SEED
2026-05-30 02:40:11,SEED-328,2.429,52.358,0.674,1.111,0.602,4.497,0.978,2.453,0.56,1.409,0.502,5.466,RECOVERING,69.0,Medium,SEED
2026-05-30 02:50:11,SEED-329,2.119,43.696,1.184,1.423,0.993,4.092,0.804,2.262,0.737,1.435,0.704,3.762,NORMAL,71.4,Low,SEED
2026-05-30 03:00:11,SEED-330,2.894,51.604,0.811,1.043,0.515,4.994,0.967,2.429,0.408,1.072,0.726,4.316,RECOVERING,69.7,Medium,SEED
2026-05-30 03:10:11,SEED-331,2.36,41.735,0.748,1.121,0.996,4.228,1.053,2.209,0.877,1.374,0.991,3.33,NORMAL,78.6,Low,SEED
2026-05-30 03:20:11,SEED-332,2.555,41.389,1.058,1.022,0.961,2.134,1.139,2.695,0.719,1.273,0.654,3.831,NORMAL,81.5,Low,SEED
2026-05-30 03:30:11,SEED-333,2.465,55.53,0.809,0.998,0.559,3.617,0.968,3.363,0.663,1.232,0.682,3.672,RECOVERING,68.7,Medium,SEED
2026-05-30 03:40:11,SEED-334,2.784,63.546,0.712,1.039,0.671,4.343,0.918,2.839,0.548,1.224,0.77,5.154,RECOVERING,69.0,Medium,SEED
2026-05-30 03:50:11,SEED-335,1.677,50.419,0.785,1.407,0.941,2.557,1.097,2.463,0.734,1.433,0.98,3.515,NORMAL,94.7,Low,SEED
2026-05-30 04:00:11,SEED-336,1.926,43.558,0.723,1.179,0.868,4.35,1.159,2.334,0.776,1.457,0.958,4.374,NORMAL,93.6,Low,SEED
2026-05-30 04:10:11,SEED-337,2.955,69.451,0.427,0.985,0.312,5.508,0.542,3.949,0.33,0.825,0.589,4.757,BROKEN,84.1,High,SEED
2026-05-30 04:20:11,SEED-338,2.56,49.094,0.84,1.229,0.734,3.67,0.912,2.323,0.629,1.313,0.524,5.357,RECOVERING,69.3,Medium,SEED
2026-05-30 04:30:11,SEED-339,3.071,65.985,0.861,1.059,0.612,4.668,0.884,3.221,0.621,1.424,0.581,4.936,RECOVERING,69.0,Medium,SEED
2026-05-30 04:40:11,SEED-340,2.252,55.173,0.59,0.952,0.521,5.081,0.758,2.267,0.569,1.252,0.678,5.084,RECOVERING,69.7,Medium,SEED
2026-05-30 04:50:11,SEED-341,2.976,45.262,0.801,1.134,0.668,5.135,0.775,2.419,0.564,1.176,0.545,4.629,RECOVERING,68.3,Medium,SEED
2026-05-30 05:00:11,SEED-342,1.874,52.666,0.939,1.021,0.743,3.819,0.846,2.156,0.54,1.256,0.89,2.959,NORMAL,82.6,Low,SEED
2026-05-30 05:10:11,SEED-343,2.611,43.838,0.979,1.42,0.675,2.082,1.259,2.495,0.608,1.798,0.998,3.382,NORMAL,83.4,Low,SEED
2026-05-30 05:20:11,SEED-344,2.74,41.749,0.911,1.357,0.819,3.611,1.157,2.566,0.504,1.712,0.767,2.878,NORMAL,76.1,Low,SEED
2026-05-30 05:30:11,SEED-345,2.778,37.329,0.968,1.422,0.895,3.945,1.084,2.764,0.78,1.753,0.688,2.528,NORMAL,70.1,Low,SEED
2026-05-30 05:40:11,SEED-346,1.555,40.58,1.112,1.046,0.909,4.262,0.93,2.601,0.778,1.325,0.853,4.097,NORMAL,72.7,Low,SEED
2026-05-30 05:50:11,SEED-347,1.876,41.159,0.977,1.105,0.731,2.604,0.932,1.55,0.804,1.652,0.717,3.699,NORMAL,76.1,Low,SEED
2026-05-30 06:00:11,SEED-348,1.65,32.705,0.703,1.366,0.646,2.596,1.129,2.666,0.834,1.469,0.879,3.124,NORMAL,71.6,Low,SEED
2026-05-30 06:10:11,SEED-349,3.026,51.738,0.853,0.948,0.574,4.511,0.772,2.798,0.61,1.179,0.611,4.728,RECOVERING,69.3,Medium,SEED
2026-05-30 06:20:11,SEED-350,2.289,44.212,0.876,1.136,0.751,2.693,1.246,2.66,0.848,1.696,0.74,2.785,NORMAL,93.9,Low,SEED
2026-05-30 06:30:11,SEED-351,2.686,43.395,1.007,1.096,0.876,2.214,1.139,1.599,0.633,1.317,0.812,2.945,NORMAL,85.6,Low,SEED
2026-05-30 06:40:11,SEED-352,2.075,45.899,1.15,1.243,0.738,3.003,1.01,2.736,0.741,1.431,0.812,2.725,NORMAL,80.0,Low,SEED
2026-05-30 06:50:11,SEED-353,1.79,35.1,1.09,1.43,0.873,3.953,1.065,1.833,0.732,1.426,0.623,4.355,NORMAL,71.1,Low,SEED
2026-05-30 07:00:11,SEED-354,2.449,30.277,1.018,1.171,0.841,3.084,1.237,2.674,0.748,1.631,0.887,4.376,NORMAL,88.8,Low,SEED
2026-05-30 07:10:11,SEED-355,2.635,37.491,0.885,1.102,0.725,4.088,0.861,2.081,0.675,1.635,0.738,3.44,NORMAL,72.2,Low,SEED
2026-05-30 07:20:11,SEED-356,2.419,53.893,0.801,1.031,0.988,3.721,1.185,1.705,0.584,1.734,0.836,4.205,NORMAL,93.0,Low,SEED
2026-05-30 07:30:11,SEED-357,2.28,49.894,0.863,1.181,0.991,2.642,1.272,1.594,0.867,1.395,0.828,3.309,NORMAL,77.3,Low,SEED
2026-05-30 07:40:11,SEED-358,1.728,46.056,0.742,1.346,0.753,2.1,1.135,1.88,0.896,1.42,0.965,4.245,NORMAL,81.5,Low,SEED
2026-05-30 07:50:11,SEED-359,1.575,53.344,0.9,1.396,0.687,3.066,0.866,2.573,0.79,1.693,0.719,3.986,NORMAL,73.2,Low,SEED
2026-05-30 08:00:11,SEED-360,1.765,51.074,0.837,1.378,0.787,3.28,1.122,2.241,0.566,1.774,0.756,2.726,NORMAL,90.3,Low,SEED
2026-05-30 08:10:11,SEED-361,3.086,78.859,0.587,0.881,0.49,5.75,0.519,3.216,0.371,0.974,0.433,5.731,BROKEN,86.9,High,SEED
2026-05-30 08:20:11,SEED-362,2.524,32.166,1.031,1.375,0.615,2.676,0.963,2.714,0.656,1.207,0.605,4.397,NORMAL,85.9,Low,SEED
2026-05-30 08:30:11,SEED-363,3.076,51.669,0.834,1.18,0.505,4.429,0.827,2.879,0.561,1.175,0.704,4.277,RECOVERING,69.3,Medium,SEED
2026-05-30 08:40:11,SEED-364,2.276,52.873,0.636,1.139,0.666,3.587,0.779,3.172,0.441,1.488,0.678,3.679,RECOVERING,69.7,Medium,SEED
2026-05-30 08:50:11,SEED-365,2.826,47.798,0.612,1.052,0.559,3.744,0.869,2.73,0.528,1.382,0.779,3.935,RECOVERING,69.3,Medium,SEED
2026-05-30 09:00:11,SEED-366,2.843,64.678,0.455,0.905,0.459,4.925,0.598,2.841,0.377,0.919,0.596,4.746,BROKEN,83.2,High,SEED
2026-05-30 09:10:11,SEED-367,2.186,44.731,1.197,1.438,0.986,3.563,1.128,1.896,0.56,1.466,0.912,4.174,NORMAL,75.4,Low,SEED
2026-05-30 09:20:11,SEED-368,3.056,48.678,0.76,1.125,0.46,5.193,0.916,2.955,0.582,1.269,0.602,5.444,RECOVERING,70.0,Medium,SEED
2026-05-30 09:30:11,SEED-369,2.009,53.01,0.812,1.232,0.962,3.148,1.21,1.744,0.72,1.627,0.752,2.774,NORMAL,81.2,Low,SEED
2026-05-30 09:40:11,SEED-370,2.27,44.297,0.952,1.305,0.614,4.094,1.004,2.732,0.629,1.564,0.759,3.976,NORMAL,81.5,Low,SEED
2026-05-30 09:50:11,SEED-371,1.984,47.429,0.715,1.365,0.614,3.818,0.869,2.395,0.844,1.446,0.913,3.775,NORMAL,70.4,Low,SEED
2026-05-30 10:00:11,SEED-372,2.447,63.41,0.867,1.012,0.655,3.358,0.85,3.064,0.618,1.462,0.558,5.467,RECOVERING,68.7,Medium,SEED
2026-05-30 10:10:11,SEED-373,2.35,34.643,1.037,1.134,0.747,4.428,1.269,2.316,0.729,1.284,0.809,2.712,NORMAL,81.1,Low,SEED
2026-05-30 10:20:11,SEED-374,2.174,47.515,0.785,1.053,0.523,3.513,0.684,2.665,0.645,1.49,0.557,4.246,RECOVERING,70.7,Medium,SEED
2026-05-30 10:30:11,SEED-375,1.866,53.671,0.807,1.313,0.904,3.615,1.0,1.99,0.699,1.729,0.747,2.993,NORMAL,80.6,Low,SEED
2026-05-30 10:40:11,SEED-376,2.27,50.85,0.592,1.0,0.581,5.015,0.669,2.942,0.698,1.295,0.775,4.701,RECOVERING,70.7,Medium,SEED
2026-05-30 10:50:11,SEED-377,2.552,52.657,1.007,1.389,0.679,2.355,0.997,2.796,0.55,1.281,0.807,3.238,NORMAL,76.1,Low,SEED
2026-05-30 11:00:11,SEED-378,1.693,34.757,1.121,1.314,0.853,2.708,1.115,1.745,0.882,1.417,0.608,2.906,NORMAL,84.8,Low,SEED
2026-05-30 11:10:11,SEED-379,2.947,77.225,0.419,0.93,0.352,5.455,0.615,3.082,0.36,1.182,0.467,5.158,BROKEN,72.9,High,SEED
2026-05-30 11:20:11,SEED-380,1.934,33.654,1.182,1.184,0.838,2.522,0.842,1.82,0.687,1.291,0.677,4.107,NORMAL,74.3,Low,SEED
2026-05-30 11:30:11,SEED-381,2.976,65.628,0.591,1.167,0.591,3.524,0.737,2.179,0.554,1.219,0.585,4.311,RECOVERING,68.7,Medium,SEED
2026-05-30 11:40:11,SEED-382,3.124,50.881,0.571,0.944,0.556,4.741,0.824,2.603,0.572,1.406,0.71,5.437,RECOVERING,69.7,Medium,SEED
2026-05-30 11:50:11,SEED-383,2.56,50.671,0.766,1.498,0.922,3.266,0.966,1.678,0.733,1.204,0.959,2.519,NORMAL,78.2,Low,SEED
2026-05-30 12:00:11,SEED-384,2.929,76.07,0.581,0.858,0.341,5.547,0.644,3.398,0.372,0.833,0.41,6.128,BROKEN,78.5,High,SEED
2026-05-30 12:10:11,SEED-385,2.948,67.423,0.692,0.978,0.481,3.841,0.962,2.449,0.661,1.02,0.717,4.892,RECOVERING,68.7,Medium,SEED
2026-05-30 12:20:11,SEED-386,1.963,43.583,0.821,1.129,0.776,4.078,1.156,1.748,0.871,1.747,0.666,3.751,NORMAL,70.4,Low,SEED
2026-05-30 12:30:11,SEED-387,3.432,79.687,0.585,0.976,0.362,5.226,0.652,3.836,0.305,1.112,0.415,5.394,BROKEN,87.3,High,SEED
2026-05-30 12:40:11,SEED-388,2.351,52.497,0.593,0.999,0.515,4.872,0.651,2.853,0.64,1.242,0.771,4.376,RECOVERING,70.0,Medium,SEED
2026-05-30 12:50:11,SEED-389,1.655,42.051,0.811,1.471,0.821,2.876,0.996,1.559,0.783,1.782,0.701,2.876,NORMAL,73.9,Low,SEED
2026-05-30 13:00:11,SEED-390,2.019,53.798,0.904,1.164,0.969,3.095,1.084,1.502,0.892,1.237,0.808,3.01,NORMAL,88.9,Low,SEED
2026-05-30 13:10:11,SEED-391,2.478,54.527,0.642,0.911,0.676,4.309,0.921,2.328,0.631,1.334,0.783,3.762,RECOVERING,69.0,Medium,SEED
2026-05-30 13:20:11,SEED-392,2.854,59.093,0.842,1.145,0.472,4.932,0.705,2.804,0.505,1.092,0.652,3.633,RECOVERING,69.0,Medium,SEED
2026-05-30 13:30:11,SEED-393,2.101,37.694,0.874,1.432,0.798,3.534,1.054,2.492,0.576,1.683,0.819,2.728,NORMAL,79.5,Low,SEED
2026-05-30 13:40:11,SEED-394,3.214,65.96,0.466,0.819,0.454,4.709,0.541,3.468,0.405,0.936,0.579,4.967,BROKEN,92.4,High,SEED
2026-05-30 13:50:11,SEED-395,3.116,78.597,0.503,0.903,0.396,4.832,0.542,3.331,0.328,0.88,0.423,4.946,BROKEN,79.6,High,SEED
2026-05-30 14:00:11,SEED-396,3.129,56.168,0.662,1.084,0.453,4.3,0.675,3.174,0.462,1.047,0.589,4.555,RECOVERING,69.0,Medium,SEED
2026-05-30 14:10:11,SEED-397,2.97,59.013,0.847,0.906,0.49,4.279,0.732,3.003,0.429,1.261,0.619,4.909,RECOVERING,69.0,Medium,SEED
2026-05-30 14:20:11,SEED-398,3.081,62.91,0.894,0.989,0.641,4.39,0.856,2.971,0.519,1.469,0.777,3.53,RECOVERING,69.0,Medium,SEED
2026-05-30 14:30:11,SEED-399,2.955,62.834,0.408,0.968,0.325,5.703,0.542,3.948,0.303,1.049,0.458,6.278,BROKEN,94.6,High,SEED
2026-05-30 14:40:11,SEED-400,1.856,31.289,0.833,1.379,0.687,2.564,0.877,1.551,0.611,1.788,0.844,4.428,NORMAL,76.9,Low,SEED
2026-05-30 14:50:11,SEED-401,2.57,55.747,0.764,1.178,0.481,4.057,0.857,2.206,0.495,1.22,0.778,5.058,RECOVERING,68.7,Medium,SEED
2026-05-30 15:00:11,SEED-402,1.533,36.252,0.816,1.122,0.624,2.869,1.117,2.364,0.755,1.247,0.747,2.948,NORMAL,82.7,Low,SEED
2026-05-30 15:10:11,SEED-403,2.802,69.979,0.519,0.962,0.364,5.363,0.563,2.89,0.382,1.03,0.499,5.741,BROKEN,82.2,High,SEED
2026-05-30 15:20:11,SEED-404,2.879,65.434,0.567,0.929,0.441,5.342,0.527,3.451,0.365,1.008,0.519,5.793,BROKEN,82.7,High,SEED
2026-05-30 15:30:11,SEED-405,1.507,47.48,1.17,1.319,0.885,2.768,0.929,1.676,0.515,1.698,0.794,2.951,NORMAL,92.1,Low,SEED
2026-05-30 15:40:11,SEED-406,2.205,54.611,0.984,1.23,0.776,3.726,0.803,2.134,0.556,1.735,0.839,2.884,NORMAL,90.7,Low,SEED
2026-05-30 15:50:11,SEED-407,2.113,44.601,1.043,1.297,0.828,3.542,1.114,2.736,0.889,1.713,0.836,3.561,NORMAL,75.0,Low,SEED
2026-05-30 16:00:11,SEED-408,1.505,38.923,0.913,1.262,0.692,2.509,1.053,2.168,0.72,1.384,0.769,3.684,NORMAL,85.8,Low,SEED
2026-05-30 16:10:11,SEED-409,2.684,49.66,0.715,1.288,0.771,3.222,0.982,2.252,0.776,1.315,0.602,2.71,NORMAL,85.5,Low,SEED
2026-05-30 16:20:11,SEED-410,2.716,40.676,1.097,1.104,0.856,2.043,0.937,2.656,0.547,1.416,0.703,3.269,NORMAL,89.5,Low,SEED
2026-05-30 16:30:11,SEED-411,2.908,58.48,0.744,1.15,0.672,4.635,0.903,2.7,0.641,1.004,0.712,5.2,RECOVERING,69.0,Medium,SEED
2026-05-30 16:40:11,SEED-412,1.618,30.605,0.752,1.326,0.896,3.203,0.815,2.342,0.751,1.791,0.805,3.163,NORMAL,82.1,Low,SEED
2026-05-30 16:50:11,SEED-413,2.283,39.523,0.733,1.413,0.989,4.287,1.075,2.513,0.745,1.6,0.681,4.33,NORMAL,88.5,Low,SEED
2026-05-30 17:00:11,SEED-414,2.189,64.15,0.802,1.166,0.538,3.641,0.726,2.233,0.614,1.451,0.503,4.428,RECOVERING,68.3,Medium,SEED
2026-05-30 17:10:11,SEED-415,2.088,39.985,0.779,1.386,0.732,2.021,0.857,2.36,0.56,1.438,0.974,2.724,NORMAL,73.8,Low,SEED
2026-05-30 17:20:11,SEED-416,3.129,49.864,0.67,1.058,0.53,3.888,0.979,2.404,0.532,1.101,0.545,4.419,RECOVERING,69.3,Medium,SEED
2026-05-30 17:30:11,SEED-417,2.463,44.077,0.741,1.035,0.955,2.438,1.214,1.616,0.533,1.712,0.745,3.54,NORMAL,70.6,Low,SEED
2026-05-30 17:40:11,SEED-418,1.599,30.511,1.159,1.083,0.631,3.981,0.961,2.542,0.856,1.401,0.903,3.1,NORMAL,86.1,Low,SEED
2026-05-30 17:50:11,SEED-419,2.226,58.593,0.713,1.122,0.518,3.741,0.984,2.718,0.626,1.478,0.548,3.946,RECOVERING,69.3,Medium,SEED
2026-05-30 18:00:11,SEED-420,1.998,33.026,1.183,1.013,0.734,4.433,1.261,2.222,0.746,1.662,0.945,3.391,NORMAL,72.6,Low,SEED
2026-05-30 18:10:11,SEED-421,2.171,39.648,1.157,1.032,0.681,2.255,1.26,2.705,0.824,1.213,0.851,4.21,NORMAL,83.8,Low,SEED
2026-05-30 18:20:11,SEED-422,2.361,67.069,0.886,0.992,0.528,4.644,0.923,2.407,0.625,1.406,0.665,4.412,RECOVERING,69.0,Medium,SEED
2026-05-30 18:30:11,SEED-423,2.67,40.98,0.989,1.126,0.972,3.925,0.895,2.499,0.589,1.562,0.812,3.498,NORMAL,89.4,Low,SEED
2026-05-30 18:40:11,SEED-424,2.267,59.703,0.718,1.094,0.519,4.593,0.911,3.182,0.472,1.447,0.575,5.329,RECOVERING,69.7,Medium,SEED
2026-05-30 18:50:11,SEED-425,2.222,56.061,0.61,0.939,0.609,4.183,0.821,2.646,0.464,1.147,0.772,4.169,RECOVERING,68.7,Medium,SEED
2026-05-30 19:00:11,SEED-426,2.751,30.249,0.871,1.141,0.652,3.803,0.849,2.488,0.894,1.71,0.603,4.427,NORMAL,89.8,Low,SEED
2026-05-30 19:10:11,SEED-427,1.548,48.753,1.092,1.036,0.867,3.028,1.056,2.044,0.833,1.659,0.923,3.037,NORMAL,90.1,Low,SEED
2026-05-30 19:20:11,SEED-428,2.051,31.125,0.841,1.459,0.811,4.277,0.857,2.715,0.762,1.639,0.769,3.675,NORMAL,84.2,Low,SEED
2026-05-30 19:30:11,SEED-429,1.745,42.464,1.192,1.421,0.88,3.369,0.912,1.576,0.704,1.661,0.719,4.152,NORMAL,70.5,Low,SEED
2026-05-30 19:40:11,SEED-430,2.539,61.775,0.816,1.167,0.692,3.806,0.929,3.019,0.537,1.301,0.664,5.125,RECOVERING,68.7,Medium,SEED
2026-05-30 19:50:11,SEED-431,2.148,49.43,0.915,1.138,0.992,2.747,1.129,2.138,0.851,1.359,0.666,3.809,NORMAL,77.9,Low,SEED
2026-05-30 20:00:11,SEED-432,2.1,38.565,0.798,1.037,0.791,2.742,1.289,2.174,0.851,1.215,0.935,4.428,NORMAL,85.1,Low,SEED
2026-05-30 20:10:11,SEED-433,2.164,52.507,1.059,1.442,0.781,2.561,1.191,2.501,0.744,1.622,0.946,4.068,NORMAL,84.3,Low,SEED
2026-05-30 20:20:11,SEED-434,2.745,50.446,1.163,1.38,0.981,2.356,1.187,2.024,0.641,1.733,0.757,3.965,NORMAL,82.4,Low,SEED
2026-05-30 20:30:11,SEED-435,2.735,48.644,0.895,1.207,0.621,4.483,1.259,1.639,0.821,1.362,0.843,3.625,NORMAL,72.8,Low,SEED
2026-05-30 20:40:11,SEED-436,3.31,74.738,0.567,0.935,0.484,5.21,0.571,3.644,0.329,1.086,0.556,6.019,BROKEN,83.1,High,SEED
2026-05-30 20:50:11,SEED-437,2.554,50.534,0.873,1.309,0.612,2.197,1.079,2.648,0.868,1.532,0.93,4.128,NORMAL,70.3,Low,SEED
2026-05-30 21:00:11,SEED-438,2.43,60.983,0.725,1.115,0.674,4.987,0.961,3.017,0.498,1.462,0.722,3.647,RECOVERING,69.0,Medium,SEED
2026-05-30 21:10:11,SEED-439,1.961,44.637,1.053,1.234,0.949,4.024,1.101,1.525,0.829,1.481,0.823,2.77,NORMAL,91.9,Low,SEED
2026-05-30 21:20:11,SEED-440,1.795,44.193,0.877,1.302,0.977,3.144,0.965,2.517,0.574,1.607,0.98,4.141,NORMAL,82.6,Low,SEED
2026-05-30 21:30:11,SEED-441,2.828,65.04,0.713,0.916,0.607,5.148,0.986,2.47,0.436,1.4,0.558,3.992,RECOVERING,69.0,Medium,SEED
2026-05-30 21:40:11,SEED-442,1.554,54.269,0.706,1.283,0.933,3.836,0.847,1.739,0.535,1.574,0.679,3.172,NORMAL,86.1,Low,SEED
2026-05-30 21:50:11,SEED-443,3.014,73.028,0.451,0.858,0.479,5.613,0.576,3.278,0.39,0.931,0.446,5.892,BROKEN,81.3,High,SEED
2026-05-30 22:00:11,SEED-444,3.069,49.509,0.692,1.24,0.508,5.204,0.686,2.503,0.441,1.205,0.635,4.154,RECOVERING,69.7,Medium,SEED
2026-05-30 22:10:11,SEED-445,3.149,57.482,0.613,0.954,0.564,4.763,0.688,2.274,0.583,1.245,0.555,3.584,RECOVERING,69.0,Medium,SEED
2026-05-30 22:20:11,SEED-446,2.242,52.644,0.614,1.176,0.54,4.972,0.827,2.833,0.684,1.07,0.692,4.036,RECOVERING,69.7,Medium,SEED
2026-05-30 22:30:11,SEED-447,2.081,36.448,0.796,1.079,0.608,2.695,0.984,2.076,0.856,1.542,0.92,2.903,NORMAL,75.0,Low,SEED
2026-05-30 22:40:11,SEED-448,2.272,47.41,0.743,1.061,0.558,4.164,0.856,2.879,0.514,1.326,0.57,5.173,RECOVERING,71.3,Medium,SEED
2026-05-30 22:50:11,SEED-449,2.489,50.208,0.88,1.168,0.775,2.505,0.891,2.085,0.785,1.629,0.967,2.982,NORMAL,75.5,Low,SEED
2026-05-30 23:00:11,SEED-450,2.087,37.663,0.811,1.416,0.979,2.222,1.075,2.465,0.615,1.27,0.621,3.801,NORMAL,89.4,Low,SEED
2026-05-30 23:10:11,SEED-451,2.215,59.419,0.583,0.999,0.523,4.2,0.998,2.884,0.532,1.275,0.783,4.307,RECOVERING,68.7,Medium,SEED
2026-05-30 23:20:11,SEED-452,2.549,35.38,1.099,1.269,0.723,4.377,1.214,2.549,0.808,1.61,0.866,2.88,NORMAL,70.0,Low,SEED
2026-05-30 23:30:11,SEED-453,2.722,54.78,0.56,1.192,0.684,4.625,0.8,2.889,0.667,1.281,0.529,4.749,RECOVERING,69.0,Medium,SEED
2026-05-30 23:40:11,SEED-454,1.647,30.707,0.982,1.027,0.955,4.182,1.183,2.188,0.801,1.677,0.743,4.26,NORMAL,76.0,Low,SEED
2026-05-30 23:50:11,SEED-455,1.558,46.308,0.834,1.161,0.634,2.457,1.053,2.161,0.642,1.436,0.89,2.898,NORMAL,89.8,Low,SEED
2026-05-31 00:00:11,SEED-456,1.788,43.617,1.167,1.247,0.997,2.108,1.164,1.626,0.762,1.249,0.68,3.904,NORMAL,84.8,Low,SEED
2026-05-31 00:10:11,SEED-457,2.082,45.38,1.122,1.473,0.836,2.632,1.238,2.579,0.602,1.398,0.832,4.437,NORMAL,88.0,Low,SEED
2026-05-31 00:20:11,SEED-458,2.489,30.106,1.148,1.151,0.854,4.328,0.808,2.251,0.613,1.797,0.991,3.323,NORMAL,89.3,Low,SEED
2026-05-31 00:30:11,SEED-459,2.159,30.73,0.717,1.446,0.972,2.317,1.288,2.668,0.584,1.696,0.928,4.219,NORMAL,94.5,Low,SEED
2026-05-31 00:40:11,SEED-460,1.874,42.433,0.846,1.204,0.943,2.259,1.004,2.358,0.768,1.364,0.814,4.481,NORMAL,77.1,Low,SEED
2026-05-31 00:50:11,SEED-461,2.164,30.265,1.169,1.361,0.759,4.212,0.998,2.057,0.804,1.342,0.907,4.174,NORMAL,78.6,Low,SEED
2026-05-31 01:00:11,SEED-462,2.717,65.383,0.634,0.914,0.561,4.225,0.841,2.7,0.655,1.239,0.67,4.947,RECOVERING,69.0,Medium,SEED
2026-05-31 01:10:11,SEED-463,2.772,45.439,0.632,1.027,0.468,4.28,0.694,2.644,0.543,1.106,0.55,4.913,RECOVERING,68.3,Medium,SEED
2026-05-31 01:20:11,SEED-464,1.762,34.282,0.862,1.028,0.837,3.235,1.09,2.754,0.71,1.707,0.881,2.731,NORMAL,82.1,Low,SEED
2026-05-31 01:30:11,SEED-465,2.821,54.32,0.648,1.074,0.666,4.33,0.964,3.017,0.479,1.067,0.558,4.387,RECOVERING,69.0,Medium,SEED
2026-05-31 01:40:11,SEED-466,2.815,74.49,0.424,0.924,0.485,5.675,0.654,3.354,0.5,1.194,0.472,5.275,BROKEN,93.9,High,SEED
2026-05-31 01:50:11,SEED-467,2.425,35.937,1.034,1.468,0.776,3.004,1.213,1.658,0.624,1.399,0.67,3.304,NORMAL,75.1,Low,SEED
2026-05-31 02:00:11,SEED-468,2.443,36.447,1.023,1.203,0.75,2.511,0.828,1.637,0.684,1.476,0.897,3.724,NORMAL,84.0,Low,SEED
2026-05-31 02:10:11,SEED-469,2.071,42.79,1.143,1.018,0.671,2.851,0.847,2.437,0.511,1.432,0.955,3.467,NORMAL,76.5,Low,SEED
2026-05-31 02:20:11,SEED-470,2.454,31.495,1.127,1.209,0.829,3.767,1.285,1.612,0.869,1.661,0.854,4.134,NORMAL,76.3,Low,SEED
2026-05-31 02:30:11,SEED-471,2.14,31.953,1.045,1.023,0.799,3.232,1.087,1.84,0.862,1.235,0.901,4.017,NORMAL,79.4,Low,SEED
2026-05-31 02:40:11,SEED-472,2.453,47.509,1.131,1.257,0.973,4.053,1.042,2.002,0.646,1.717,0.736,3.038,NORMAL,73.0,Low,SEED
2026-05-31 02:50:11,SEED-473,2.922,70.643,0.558,0.976,0.352,5.969,0.528,3.819,0.469,0.814,0.599,6.449,BROKEN,91.4,High,SEED
2026-05-31 03:00:11,SEED-474,1.531,49.649,0.8,1.129,0.73,4.026,1.194,2.461,0.709,1.241,0.802,3.541,NORMAL,72.1,Low,SEED
2026-05-31 03:10:11,SEED-475,2.546,40.577,0.902,1.13,0.916,3.886,0.921,1.655,0.857,1.519,0.767,3.968,NORMAL,74.0,Low,SEED
2026-05-31 03:20:11,SEED-476,2.558,39.735,0.835,1.113,0.668,2.574,0.895,2.212,0.621,1.347,0.63,2.501,NORMAL,70.4,Low,SEED
2026-05-31 03:30:11,SEED-477,1.945,46.28,1.074,1.203,0.843,3.044,1.141,1.65,0.886,1.476,0.999,3.355,NORMAL,73.7,Low,SEED
2026-05-31 03:40:11,SEED-478,3.187,73.48,0.589,0.882,0.449,5.629,0.663,2.906,0.428,0.876,0.526,5.747,BROKEN,94.7,High,SEED
2026-05-31 03:50:11,SEED-479,2.241,41.113,1.112,1.033,0.95,2.788,1.227,1.969,0.587,1.507,0.619,3.014,NORMAL,86.6,Low,SEED
2026-05-31 04:00:11,SEED-480,2.416,60.779,0.745,1.08,0.539,3.333,0.68,2.529,0.591,1.442,0.698,4.079,RECOVERING,69.7,Medium,SEED
2026-05-31 04:10:11,SEED-481,1.906,51.132,1.187,1.016,0.968,3.413,0.822,1.508,0.796,1.605,1.0,3.741,NORMAL,86.8,Low,SEED
2026-05-31 04:20:11,SEED-482,3.39,77.449,0.406,0.847,0.392,5.016,0.62,3.538,0.409,0.875,0.429,4.53,BROKEN,76.5,High,SEED
2026-05-31 04:30:11,SEED-483,2.232,37.414,1.077,1.33,0.668,2.617,1.128,1.764,0.623,1.601,0.738,3.232,NORMAL,87.2,Low,SEED
2026-05-31 04:40:11,SEED-484,2.999,56.646,0.741,1.159,0.709,3.551,0.71,2.961,0.637,1.432,0.713,3.53,RECOVERING,68.7,Medium,SEED
2026-05-31 04:50:11,SEED-485,2.699,47.37,0.61,1.045,0.482,4.218,0.855,2.162,0.443,1.374,0.601,3.848,RECOVERING,70.0,Medium,SEED
2026-05-31 05:00:11,SEED-486,2.645,37.185,1.186,1.281,0.829,3.108,1.098,2.785,0.856,1.702,0.74,2.92,NORMAL,72.5,Low,SEED
2026-05-31 05:10:11,SEED-487,2.261,63.981,0.562,0.914,0.585,4.741,0.822,2.775,0.619,1.102,0.763,4.17,RECOVERING,69.0,Medium,SEED
2026-05-31 05:20:11,SEED-488,2.982,79.457,0.573,0.929,0.371,5.249,0.612,3.886,0.451,1.081,0.474,4.94,BROKEN,84.4,High,SEED
2026-05-31 05:30:11,SEED-489,2.292,32.633,0.818,1.328,0.821,3.544,1.031,2.732,0.547,1.443,0.723,3.562,NORMAL,77.4,Low,SEED
2026-05-31 05:40:11,SEED-490,1.676,52.962,1.018,1.425,0.865,2.673,1.166,1.718,0.821,1.489,0.945,2.547,NORMAL,93.5,Low,SEED
2026-05-31 05:50:11,SEED-491,2.186,39.113,1.14,1.429,0.952,3.989,1.049,2.615,0.747,1.39,1.0,4.145,NORMAL,93.7,Low,SEED
2026-05-31 06:00:11,SEED-492,2.469,34.402,1.03,1.1,0.902,3.868,1.115,2.661,0.593,1.265,0.832,4.22,NORMAL,76.0,Low,SEED
2026-05-31 06:10:11,SEED-493,2.605,46.212,0.701,1.451,0.958,3.705,0.842,1.562,0.697,1.571,0.621,3.016,NORMAL,70.2,Low,SEED
2026-05-31 06:20:11,SEED-494,2.794,43.422,0.989,1.471,0.983,4.062,1.13,1.544,0.554,1.282,0.725,3.632,NORMAL,80.2,Low,SEED
2026-05-31 06:30:11,SEED-495,2.571,54.911,0.809,0.954,0.478,4.668,0.743,2.669,0.468,1.464,0.736,3.762,RECOVERING,69.0,Medium,SEED
2026-05-31 06:40:11,SEED-496,1.842,45.566,1.076,1.285,0.768,2.742,1.295,2.463,0.894,1.407,0.688,3.349,NORMAL,76.0,Low,SEED
2026-05-31 06:50:11,SEED-497,2.872,61.214,0.43,0.912,0.392,4.89,0.596,3.137,0.36,0.868,0.425,5.26,BROKEN,80.7,High,SEED
2026-05-31 07:00:11,SEED-498,1.974,45.308,0.878,1.022,0.928,3.763,1.253,2.214,0.851,1.449,0.891,3.776,NORMAL,93.7,Low,SEED
2026-05-31 07:10:11,SEED-499,2.184,44.228,0.763,1.071,0.809,4.405,1.086,1.803,0.881,1.737,0.844,3.305,NORMAL,74.2,Low,SEED
2026-05-31 07:20:11,SEED-500,1.799,46.406,0.838,1.358,0.71,4.337,0.84,2.768,0.5,1.544,0.954,3.499,NORMAL,75.1,Low,SEED
2026-05-31 07:30:11,SEED-501,1.846,43.13,0.809,1.218,0.923,4.295,0.97,1.548,0.612,1.796,0.708,3.057,NORMAL,77.1,Low,SEED
2026-05-31 07:40:11,SEED-502,2.937,63.706,0.442,0.979,0.37,4.86,0.543,3.544,0.425,1.021,0.519,6.101,BROKEN,75.6,High,SEED
2026-05-31 07:50:11,SEED-503,2.47,40.663,0.904,1.303,0.627,4.193,0.903,2.436,0.608,1.345,0.955,4.16,NORMAL,75.3,Low,SEED
2026-05-31 08:00:11,SEED-504,2.247,62.288,0.813,1.176,0.633,4.94,0.848,2.878,0.619,1.135,0.757,4.827,RECOVERING,69.7,Medium,SEED
2026-05-31 08:10:11,SEED-505,1.978,44.41,0.716,1.267,0.969,4.203,1.156,2.76,0.711,1.796,0.617,2.985,NORMAL,90.6,Low,SEED
2026-05-31 08:20:11,SEED-506,2.694,45.765,0.952,1.075,0.651,3.881,1.294,2.245,0.897,1.722,0.979,3.999,NORMAL,71.6,Low,SEED
2026-05-31 08:30:11,SEED-507,2.615,36.699,0.771,1.183,0.809,3.838,0.882,1.695,0.793,1.696,0.894,4.415,NORMAL,74.8,Low,SEED
2026-05-31 08:40:11,SEED-508,1.566,31.329,0.8,1.198,0.852,3.042,0.902,1.53,0.712,1.463,0.898,4.031,NORMAL,74.2,Low,SEED
2026-05-31 08:50:11,SEED-509,1.621,32.59,1.011,1.372,0.924,2.818,0.877,1.679,0.634,1.57,0.8,2.611,NORMAL,77.6,Low,SEED
2026-05-31 09:00:11,SEED-510,2.108,31.394,0.961,1.085,0.994,2.734,1.113,2.211,0.879,1.337,0.706,3.157,NORMAL,76.0,Low,SEED
2026-05-31 09:10:11,SEED-511,1.841,53.4,1.13,1.376,0.647,2.999,1.249,1.672,0.883,1.637,0.841,3.781,NORMAL,76.5,Low,SEED
2026-05-31 09:20:11,SEED-512,2.17,47.654,0.764,1.041,0.524,3.373,0.744,2.265,0.645,1.209,0.711,4.989,RECOVERING,70.7,Medium,SEED
2026-05-31 09:30:11,SEED-513,2.495,47.156,0.697,0.925,0.578,4.212,0.893,3.284,0.544,1.006,0.667,4.778,RECOVERING,70.0,Medium,SEED
2026-05-31 09:40:11,SEED-514,2.556,51.208,0.973,1.225,0.859,3.891,0.909,2.114,0.659,1.393,0.936,2.58,NORMAL,92.3,Low,SEED
2026-05-31 09:50:11,SEED-515,1.633,47.093,0.826,1.47,0.616,4.199,1.252,1.886,0.816,1.344,0.631,3.841,NORMAL,91.9,Low,SEED
2026-05-31 10:00:11,SEED-516,2.296,32.533,1.118,1.46,0.866,3.885,0.801,1.721,0.844,1.478,0.848,3.842,NORMAL,87.7,Low,SEED
2026-05-31 10:10:11,SEED-517,2.969,66.041,0.466,0.966,0.397,5.997,0.584,2.996,0.332,0.823,0.571,5.294,BROKEN,86.9,High,SEED
2026-05-31 10:20:11,SEED-518,1.911,32.483,1.184,1.24,0.654,3.346,1.233,1.686,0.732,1.671,0.969,3.898,NORMAL,93.9,Low,SEED
2026-05-31 10:30:11,SEED-519,3.068,77.132,0.575,0.974,0.319,5.682,0.694,2.982,0.416,1.132,0.491,5.574,BROKEN,87.0,High,SEED
2026-05-31 10:40:11,SEED-520,3.098,76.065,0.417,0.977,0.316,5.305,0.679,2.907,0.338,0.852,0.451,5.715,BROKEN,93.5,High,SEED
2026-05-31 10:50:11,SEED-521,1.781,45.409,1.103,1.146,0.841,2.304,1.28,2.512,0.63,1.287,0.86,2.803,NORMAL,93.6,Low,SEED
2026-05-31 11:00:11,SEED-522,2.873,57.422,0.472,0.907,0.431,5.089,0.553,3.272,0.392,0.834,0.437,5.295,BROKEN,81.0,High,SEED
2026-05-31 11:10:11,SEED-523,3.361,71.219,0.452,0.987,0.329,4.786,0.544,2.842,0.379,0.848,0.561,6.421,BROKEN,78.0,High,SEED
2026-05-31 11:20:11,SEED-524,2.051,43.628,1.034,1.017,0.643,4.356,1.072,1.886,0.637,1.445,0.763,3.896,NORMAL,83.2,Low,SEED
2026-05-31 11:30:11,SEED-525,2.4,30.189,1.084,1.152,0.98,4.081,1.118,2.019,0.711,1.659,0.912,4.098,NORMAL,82.1,Low,SEED
2026-05-31 11:40:11,SEED-526,1.628,52.249,0.798,1.169,0.627,4.232,1.282,2.664,0.605,1.601,0.976,3.457,NORMAL,90.3,Low,SEED
2026-05-31 11:50:11,SEED-527,2.835,62.029,0.579,1.147,0.647,5.196,0.791,2.671,0.45,1.074,0.566,3.669,RECOVERING,69.0,Medium,SEED
2026-05-31 12:00:11,SEED-528,2.322,46.03,0.99,1.389,0.672,4.061,0.821,1.686,0.741,1.466,0.808,3.528,NORMAL,78.8,Low,SEED
2026-05-31 12:10:11,SEED-529,2.504,32.863,1.167,1.225,0.981,2.2,0.829,2.183,0.562,1.208,0.777,4.062,NORMAL,86.0,Low,SEED
2026-05-31 12:20:11,SEED-530,2.583,54.201,0.827,1.027,0.856,2.904,1.082,2.792,0.641,1.709,0.783,3.372,NORMAL,78.5,Low,SEED
2026-05-31 12:30:11,SEED-531,3.093,52.022,0.784,1.187,0.515,3.608,0.997,2.907,0.531,1.473,0.693,5.48,RECOVERING,68.7,Medium,SEED
2026-05-31 12:40:11,SEED-532,2.325,43.058,0.752,1.458,0.633,2.768,0.939,2.306,0.601,1.557,0.988,4.073,NORMAL,71.5,Low,SEED
2026-05-31 12:50:11,SEED-533,1.998,37.797,0.951,1.15,0.892,2.14,1.196,1.957,0.558,1.217,0.821,4.295,NORMAL,84.2,Low,SEED
2026-05-31 13:00:11,SEED-534,1.823,51.911,0.994,1.312,0.779,2.388,0.954,2.11,0.789,1.744,0.923,3.76,NORMAL,78.6,Low,SEED
2026-05-31 13:10:11,SEED-535,2.303,38.625,1.037,1.163,0.618,4.0,1.007,2.148,0.793,1.799,0.94,4.304,NORMAL,73.3,Low,SEED
2026-05-31 13:20:11,SEED-536,2.601,53.571,0.748,1.357,0.718,2.197,1.134,2.107,0.554,1.719,0.743,3.653,NORMAL,82.1,Low,SEED
2026-05-31 13:30:11,SEED-537,1.61,52.129,0.881,1.12,0.803,4.164,1.288,1.693,0.76,1.252,0.74,3.91,NORMAL,75.2,Low,SEED
2026-05-31 13:40:11,SEED-538,1.58,32.923,0.702,1.491,0.786,4.003,0.825,1.961,0.663,1.379,0.969,2.683,NORMAL,76.5,Low,SEED
2026-05-31 13:50:11,SEED-539,3.019,75.422,0.441,0.93,0.422,5.683,0.61,3.173,0.463,1.135,0.459,4.91,BROKEN,77.8,High,SEED
2026-05-31 14:00:11,SEED-540,1.631,50.875,0.795,1.462,0.799,2.425,1.217,2.462,0.613,1.236,0.793,3.425,NORMAL,75.3,Low,SEED
2026-05-31 14:10:11,SEED-541,1.796,51.525,1.199,1.083,0.739,2.991,1.068,2.444,0.6,1.432,0.84,3.469,NORMAL,74.5,Low,SEED
2026-05-31 14:20:11,SEED-542,3.204,61.496,0.475,0.86,0.376,5.691,0.684,3.431,0.417,1.106,0.559,4.691,BROKEN,88.1,High,SEED
2026-05-31 14:30:11,SEED-543,2.407,47.538,0.883,1.008,0.564,4.092,0.852,2.465,0.673,1.301,0.681,4.007,RECOVERING,70.0,Medium,SEED
2026-05-31 14:40:11,SEED-544,3.411,77.498,0.442,0.838,0.403,5.965,0.535,2.905,0.431,1.163,0.573,6.183,BROKEN,82.4,High,SEED
2026-05-31 14:50:11,SEED-545,2.301,57.568,0.84,0.942,0.675,4.967,0.912,2.477,0.464,1.486,0.555,3.744,RECOVERING,70.0,Medium,SEED
2026-05-31 15:00:11,SEED-546,2.81,54.498,0.885,0.928,0.578,5.176,0.66,2.194,0.486,1.358,0.685,3.915,RECOVERING,69.0,Medium,SEED
2026-05-31 15:10:11,SEED-547,3.105,72.181,0.588,0.817,0.393,4.856,0.678,3.654,0.474,1.164,0.446,4.732,BROKEN,89.5,High,SEED
2026-05-31 15:20:11,SEED-548,1.933,52.824,0.76,1.132,0.649,2.947,1.283,2.116,0.872,1.285,0.627,3.697,NORMAL,80.1,Low,SEED
2026-05-31 15:30:11,SEED-549,3.029,67.263,0.545,0.891,0.349,5.675,0.557,3.825,0.462,1.159,0.425,5.139,BROKEN,86.8,High,SEED
2026-05-31 15:40:11,SEED-550,2.297,42.812,1.068,1.078,0.923,3.112,0.893,1.744,0.625,1.583,0.613,3.009,NORMAL,91.8,Low,SEED
2026-05-31 15:50:11,SEED-551,2.158,38.469,0.948,1.184,0.913,2.834,1.137,1.61,0.696,1.424,0.823,2.909,NORMAL,72.9,Low,SEED
2026-05-31 16:00:11,SEED-552,2.038,52.041,1.008,1.396,0.982,3.19,1.126,2.063,0.596,1.658,0.96,2.624,NORMAL,89.9,Low,SEED
2026-05-31 16:10:11,SEED-553,1.573,53.897,1.033,1.101,0.754,3.069,1.123,1.72,0.757,1.208,0.724,4.022,NORMAL,81.7,Low,SEED
2026-05-31 16:20:11,SEED-554,2.643,65.717,0.756,1.056,0.578,3.352,0.711,2.929,0.684,1.029,0.657,5.158,RECOVERING,68.7,Medium,SEED
2026-05-31 16:30:11,SEED-555,2.542,43.701,1.191,1.414,0.776,2.706,0.931,2.346,0.577,1.614,0.924,2.685,NORMAL,79.1,Low,SEED
2026-05-31 16:40:11,SEED-556,2.293,62.818,0.656,1.167,0.461,4.119,0.709,3.361,0.64,1.462,0.762,4.329,RECOVERING,69.7,Medium,SEED
2026-05-31 16:50:11,SEED-557,2.041,41.687,0.849,1.289,0.954,3.539,0.945,1.679,0.687,1.626,0.607,3.886,NORMAL,94.1,Low,SEED
2026-05-31 17:00:11,SEED-558,1.548,31.465,0.749,1.499,0.783,3.641,0.917,1.62,0.772,1.552,0.978,2.549,NORMAL,93.2,Low,SEED
2026-05-31 17:10:11,SEED-559,1.897,54.745,0.98,1.195,0.778,2.574,0.952,1.887,0.892,1.572,0.792,3.279,NORMAL,91.2,Low,SEED
2026-05-31 17:20:11,SEED-560,2.465,34.266,1.027,1.482,0.941,3.608,1.074,2.203,0.9,1.699,0.878,2.87,NORMAL,94.9,Low,SEED
2026-05-31 17:30:11,SEED-561,2.431,54.672,0.642,1.105,0.679,4.417,0.684,2.741,0.58,1.41,0.582,5.025,RECOVERING,69.0,Medium,SEED
2026-05-31 17:40:11,SEED-562,2.275,39.893,1.18,1.013,0.916,2.4,0.911,1.947,0.593,1.441,0.687,3.657,NORMAL,84.3,Low,SEED
2026-05-31 17:50:11,SEED-563,2.838,58.948,0.623,0.996,0.668,4.586,0.932,2.208,0.536,1.21,0.589,4.414,RECOVERING,69.0,Medium,SEED
2026-05-31 18:00:11,SEED-564,1.903,35.493,0.863,1.479,0.843,4.068,0.955,2.198,0.542,1.619,0.986,2.828,NORMAL,85.6,Low,SEED
2026-05-31 18:10:11,SEED-565,2.384,61.518,0.602,1.136,0.657,3.793,0.673,3.111,0.477,1.493,0.615,4.061,RECOVERING,69.7,Medium,SEED
2026-05-31 18:20:11,SEED-566,2.981,55.917,0.495,0.817,0.433,4.886,0.666,3.251,0.333,1.128,0.469,5.631,BROKEN,83.8,High,SEED
2026-05-31 18:30:11,SEED-567,2.714,51.45,1.0,1.259,0.95,2.008,1.119,1.674,0.573,1.251,0.605,4.078,NORMAL,74.0,Low,SEED
2026-05-31 18:40:11,SEED-568,2.845,68.564,0.534,0.883,0.392,4.782,0.67,3.446,0.381,0.871,0.447,4.538,BROKEN,83.2,High,SEED
2026-05-31 18:50:11,SEED-569,3.013,69.431,0.416,0.925,0.366,5.083,0.601,3.863,0.337,0.843,0.565,5.247,BROKEN,78.1,High,SEED
2026-05-31 19:00:11,SEED-570,2.613,56.763,0.718,1.147,0.59,3.465,0.835,2.461,0.524,1.245,0.758,5.445,RECOVERING,68.7,Medium,SEED
2026-05-31 19:10:11,SEED-571,2.293,43.147,0.934,1.182,0.686,2.135,0.844,1.811,0.564,1.493,0.7,3.364,NORMAL,85.9,Low,SEED
2026-05-31 19:20:11,SEED-572,2.022,41.291,0.876,1.336,0.655,3.551,0.95,1.8,0.594,1.502,0.69,2.824,NORMAL,73.1,Low,SEED
2026-05-31 19:30:11,SEED-573,2.067,52.752,1.058,1.1,0.705,3.72,1.252,2.696,0.871,1.206,0.862,2.922,NORMAL,92.1,Low,SEED
2026-05-31 19:40:11,SEED-574,1.881,43.073,1.003,1.464,0.867,3.433,1.274,2.25,0.688,1.619,0.946,3.721,NORMAL,72.1,Low,SEED
2026-05-31 19:50:11,SEED-575,2.062,41.654,0.917,1.471,0.691,2.815,1.072,1.698,0.59,1.603,0.817,3.013,NORMAL,74.5,Low,SEED
2026-05-31 20:00:11,SEED-576,2.486,40.002,0.852,1.394,0.961,3.951,0.84,1.63,0.603,1.631,0.776,2.726,NORMAL,77.9,Low,SEED
2026-05-31 20:10:11,SEED-577,1.791,54.638,1.032,1.486,0.84,2.829,1.091,1.523,0.851,1.79,0.975,4.306,NORMAL,79.7,Low,SEED
2026-05-31 20:20:11,SEED-578,2.203,37.017,0.912,1.035,0.929,4.353,0.852,1.521,0.632,1.466,0.714,3.024,NORMAL,84.3,Low,SEED
2026-05-31 20:30:11,SEED-579,2.203,39.18,1.147,1.324,0.867,2.699,0.941,1.696,0.81,1.276,0.89,3.027,NORMAL,82.6,Low,SEED
2026-05-31 20:40:11,SEED-580,2.128,42.093,1.049,1.143,0.696,4.354,0.813,2.782,0.683,1.57,0.987,4.358,NORMAL,83.7,Low,SEED
2026-05-31 20:50:11,SEED-581,3.096,63.254,0.552,1.241,0.72,3.371,0.734,2.979,0.538,1.059,0.762,4.524,RECOVERING,68.7,Medium,SEED
2026-05-31 21:00:11,SEED-582,2.887,59.667,0.527,0.943,0.386,5.833,0.627,3.784,0.474,1.153,0.506,5.978,BROKEN,80.2,High,SEED
2026-05-31 21:10:11,SEED-583,2.391,45.463,1.138,1.397,0.71,3.635,0.988,2.105,0.574,1.701,0.798,3.084,NORMAL,86.5,Low,SEED
2026-05-31 21:20:11,SEED-584,1.988,34.288,1.077,1.157,0.916,2.271,0.88,2.747,0.826,1.382,0.746,3.609,NORMAL,70.2,Low,SEED
2026-05-31 21:30:11,SEED-585,3.081,56.87,0.798,1.064,0.546,4.163,0.669,3.221,0.566,1.317,0.527,5.207,RECOVERING,69.0,Medium,SEED
2026-05-31 21:40:11,SEED-586,3.377,76.025,0.413,0.826,0.333,4.542,0.57,3.486,0.416,1.19,0.464,5.232,BROKEN,90.6,High,SEED
2026-05-31 21:50:11,SEED-587,2.99,57.277,0.678,0.924,0.746,3.821,0.799,2.597,0.65,1.108,0.657,5.142,RECOVERING,68.7,Medium,SEED
2026-05-31 22:00:11,SEED-588,2.627,31.338,1.199,1.333,0.772,2.043,1.145,1.97,0.654,1.284,0.953,3.548,NORMAL,83.9,Low,SEED
2026-05-31 22:10:11,SEED-589,3.144,66.876,0.719,1.106,0.47,3.386,0.688,3.104,0.535,1.423,0.754,4.917,RECOVERING,68.7,Medium,SEED
2026-05-31 22:20:11,SEED-590,3.031,54.917,0.595,0.995,0.735,3.726,0.828,2.519,0.408,1.232,0.647,5.197,RECOVERING,68.7,Medium,SEED
2026-05-31 22:30:11,SEED-591,2.175,44.602,0.709,1.182,0.685,4.337,1.146,2.652,0.766,1.396,0.797,3.191,NORMAL,91.9,Low,SEED
2026-05-31 22:40:11,SEED-592,2.085,43.572,0.87,1.096,0.602,4.463,1.162,1.993,0.753,1.498,0.982,3.451,NORMAL,82.9,Low,SEED
2026-05-31 22:50:11,SEED-593,2.836,69.826,0.464,0.879,0.331,4.836,0.677,2.98,0.375,0.984,0.559,4.533,BROKEN,82.9,High,SEED
2026-05-31 23:00:11,SEED-594,2.526,54.761,1.072,1.25,0.719,3.271,0.818,2.05,0.656,1.477,0.817,4.404,NORMAL,72.3,Low,SEED
2026-05-31 23:10:11,SEED-595,2.207,46.554,0.768,1.323,0.744,3.202,1.274,2.663,0.611,1.695,0.628,3.149,NORMAL,71.5,Low,SEED
2026-05-31 23:20:11,SEED-596,1.775,31.793,0.816,1.046,0.986,4.354,1.287,1.847,0.896,1.371,0.671,3.846,NORMAL,93.7,Low,SEED
2026-05-31 23:30:11,SEED-597,2.352,34.058,0.833,1.344,0.609,2.815,0.936,2.279,0.785,1.582,0.944,3.895,NORMAL,75.0,Low,SEED
2026-05-31 23:40:11,SEED-598,2.647,54.42,0.96,1.036,0.974,2.043,0.908,2.724,0.609,1.626,0.844,2.832,NORMAL,79.7,Low,SEED
2026-05-31 23:50:11,SEED-599,2.97,65.415,0.699,0.98,0.575,3.425,0.985,3.285,0.566,1.279,0.6,3.619,RECOVERING,68.7,Medium,SEED
2026-06-01 00:00:11,SEED-600,2.533,49.939,1.08,1.45,0.826,3.749,1.138,2.329,0.749,1.299,0.687,3.685,NORMAL,88.9,Low,SEED
2026-06-01 00:10:11,SEED-601,2.859,62.555,0.439,0.929,0.346,5.985,0.653,3.284,0.471,0.966,0.444,6.081,BROKEN,72.3,High,SEED
2026-06-01 00:20:11,SEED-602,2.855,55.232,0.422,0.985,0.493,4.689,0.597,3.418,0.336,0.972,0.491,4.858,BROKEN,94.2,High,SEED
2026-06-01 00:30:11,SEED-603,1.806,36.453,1.028,1.137,0.877,3.951,1.163,1.591,0.865,1.426,0.751,3.168,NORMAL,76.3,Low,SEED
2026-06-01 00:40:11,SEED-604,2.508,52.832,1.142,1.104,0.753,2.214,0.812,2.496,0.671,1.706,0.803,3.169,NORMAL,89.9,Low,SEED
2026-06-01 00:50:11,SEED-605,2.394,30.402,1.108,1.136,0.956,2.955,0.937,1.732,0.647,1.354,0.95,4.211,NORMAL,80.6,Low,SEED
2026-06-01 01:00:11,SEED-606,2.189,48.397,0.812,1.044,0.635,4.378,0.783,2.981,0.7,1.084,0.676,4.531,RECOVERING,70.7,Medium,SEED
2026-06-01 01:10:11,SEED-607,2.714,42.251,0.976,1.01,0.879,4.309,0.87,2.498,0.553,1.642,0.95,3.118,NORMAL,90.0,Low,SEED
2026-06-01 01:20:11,SEED-608,1.762,34.412,0.801,1.424,0.804,2.87,1.278,2.799,0.812,1.353,0.82,3.253,NORMAL,93.2,Low,SEED
2026-06-01 01:30:11,SEED-609,1.801,46.772,0.956,1.343,0.991,3.388,1.232,2.013,0.763,1.256,0.674,3.602,NORMAL,86.5,Low,SEED
2026-06-01 01:40:11,SEED-610,3.046,79.711,0.534,0.842,0.408,4.931,0.551,3.756,0.339,0.906,0.531,5.066,BROKEN,87.8,High,SEED
2026-06-01 01:50:11,SEED-611,2.254,31.689,1.045,1.252,0.98,4.199,1.039,2.534,0.515,1.755,0.862,3.958,NORMAL,91.0,Low,SEED
2026-06-01 02:00:11,SEED-612,1.88,46.927,1.049,1.124,0.736,3.862,1.088,1.53,0.6,1.382,0.998,4.153,NORMAL,85.2,Low,SEED
2026-06-01 02:10:11,SEED-613,1.874,48.395,1.02,1.306,0.716,2.164,1.254,1.535,0.866,1.575,0.857,2.668,NORMAL,70.7,Low,SEED
2026-06-01 02:20:11,SEED-614,3.148,59.446,0.611,1.182,0.512,4.037,0.681,2.686,0.471,1.227,0.559,4.103,RECOVERING,68.7,Medium,SEED
2026-06-01 02:30:11,SEED-615,2.312,45.147,1.001,1.046,0.849,4.153,0.857,1.52,0.811,1.495,0.677,3.272,NORMAL,79.7,Low,SEED
2026-06-01 02:40:11,SEED-616,2.527,50.92,0.914,1.142,0.613,2.371,1.218,1.652,0.679,1.337,0.983,3.668,NORMAL,91.1,Low,SEED
2026-06-01 02:50:11,SEED-617,1.609,45.682,1.033,1.066,0.796,3.094,0.863,2.674,0.752,1.568,0.915,4.273,NORMAL,86.8,Low,SEED
2026-06-01 03:00:11,SEED-618,1.638,44.94,0.869,1.02,0.827,2.879,0.836,2.433,0.832,1.668,0.774,3.43,NORMAL,88.8,Low,SEED
2026-06-01 03:10:11,SEED-619,2.477,37.63,0.813,1.31,0.938,2.188,0.847,1.651,0.799,1.602,0.892,3.014,NORMAL,83.4,Low,SEED
2026-06-01 03:20:11,SEED-620,2.234,54.229,1.051,1.09,0.836,2.678,0.99,1.849,0.581,1.36,0.694,3.188,NORMAL,75.9,Low,SEED
2026-06-01 03:30:11,SEED-621,2.665,39.467,0.869,1.176,0.653,2.697,1.09,2.026,0.762,1.239,0.962,3.673,NORMAL,83.4,Low,SEED
2026-06-01 03:40:11,SEED-622,2.176,61.182,0.773,1.237,0.537,4.548,0.721,2.432,0.412,1.254,0.624,4.241,RECOVERING,69.0,Medium,SEED
2026-06-01 03:50:11,SEED-623,2.638,46.822,0.846,1.373,0.91,2.631,0.974,2.577,0.664,1.362,0.846,2.584,NORMAL,82.9,Low,SEED
2026-06-01 04:00:11,SEED-624,3.064,67.369,0.686,0.973,0.528,3.257,0.919,3.291,0.459,1.066,0.519,4.523,RECOVERING,68.7,Medium,SEED
2026-06-01 04:10:11,SEED-625,3.053,65.885,0.535,0.864,0.312,5.099,0.586,3.983,0.339,0.899,0.557,4.774,BROKEN,91.2,High,SEED
2026-06-01 04:20:11,SEED-626,2.609,47.737,0.917,1.061,0.669,2.854,1.134,2.026,0.63,1.362,0.668,3.337,NORMAL,88.7,Low,SEED
2026-06-01 04:30:11,SEED-627,2.224,50.691,1.135,1.194,0.67,2.45,0.983,2.494,0.529,1.374,0.759,2.708,NORMAL,70.3,Low,SEED
2026-06-01 04:40:11,SEED-628,1.654,44.264,0.937,1.207,0.974,3.536,0.817,2.524,0.587,1.627,0.63,4.18,NORMAL,77.7,Low,SEED
2026-06-01 04:50:11,SEED-629,2.284,51.249,0.691,1.214,0.749,3.465,0.943,2.624,0.589,1.163,0.562,4.831,RECOVERING,70.3,Medium,SEED
2026-06-01 05:00:11,SEED-630,2.482,34.443,0.838,1.377,0.67,3.956,1.175,1.534,0.851,1.514,0.699,3.292,NORMAL,88.4,Low,SEED
2026-06-01 05:10:11,SEED-631,2.593,66.008,0.589,1.015,0.579,4.323,0.757,2.454,0.599,1.204,0.707,4.635,RECOVERING,69.0,Medium,SEED
2026-06-01 05:20:11,SEED-632,2.276,50.592,1.07,1.203,0.804,3.064,0.939,2.594,0.55,1.391,0.857,3.226,NORMAL,75.4,Low,SEED
2026-06-01 05:30:11,SEED-633,3.26,78.992,0.507,0.837,0.41,4.857,0.5,3.846,0.469,0.931,0.596,4.752,BROKEN,92.9,High,SEED
2026-06-01 05:40:11,SEED-634,2.225,44.938,0.887,1.429,0.909,2.627,1.035,1.72,0.769,1.776,0.872,3.437,NORMAL,90.5,Low,SEED
2026-06-01 05:50:11,SEED-635,3.49,55.786,0.544,0.962,0.401,5.268,0.666,3.111,0.482,0.811,0.473,6.016,BROKEN,87.1,High,SEED
2026-06-01 06:00:11,SEED-636,1.974,34.215,0.828,1.039,0.65,3.837,0.983,2.204,0.76,1.217,0.958,3.3,NORMAL,74.9,Low,SEED
2026-06-01 06:10:11,SEED-637,2.723,54.013,0.862,1.09,0.692,4.925,0.784,2.785,0.409,1.33,0.634,5.491,RECOVERING,69.0,Medium,SEED
2026-06-01 06:20:11,SEED-638,2.264,62.78,0.652,0.902,0.533,4.377,0.68,2.238,0.562,1.018,0.629,5.417,RECOVERING,69.7,Medium,SEED
2026-06-01 06:30:11,SEED-639,2.732,51.661,0.753,1.007,0.567,3.804,0.741,3.155,0.449,1.271,0.745,4.961,RECOVERING,69.0,Medium,SEED
2026-06-01 06:40:11,SEED-640,2.948,64.371,0.899,1.097,0.696,3.87,0.878,2.687,0.568,1.304,0.646,5.01,RECOVERING,68.7,Medium,SEED
2026-06-01 06:50:11,SEED-641,1.965,53.923,0.805,1.155,0.867,2.361,1.1,1.637,0.804,1.369,0.773,3.715,NORMAL,81.3,Low,SEED
2026-06-01 07:00:11,SEED-642,2.534,61.622,0.606,1.088,0.618,3.947,0.755,3.292,0.561,1.378,0.517,5.239,RECOVERING,68.7,Medium,SEED
2026-06-01 07:10:11,SEED-643,2.471,38.259,1.08,1.067,0.771,3.356,0.814,2.191,0.672,1.512,0.679,2.578,NORMAL,75.0,Low,SEED
2026-06-01 07:20:11,SEED-644,2.759,47.173,0.59,0.958,0.656,4.536,0.706,3.345,0.445,1.285,0.522,4.314,RECOVERING,70.0,Medium,SEED
2026-06-01 07:30:11,SEED-645,2.202,41.672,1.158,1.227,0.785,2.385,1.285,2.281,0.512,1.763,0.849,2.887,NORMAL,89.8,Low,SEED
2026-06-01 07:40:11,SEED-646,1.908,48.8,0.852,1.33,0.604,2.87,0.851,1.817,0.712,1.458,0.762,2.564,NORMAL,89.0,Low,SEED
2026-06-01 07:50:11,SEED-647,2.177,62.071,0.774,1.166,0.629,3.611,0.967,3.235,0.532,1.013,0.556,4.338,RECOVERING,68.3,Medium,SEED
2026-06-01 08:00:11,SEED-648,3.093,53.244,0.689,0.977,0.544,4.607,0.782,2.983,0.504,1.23,0.747,4.166,RECOVERING,69.0,Medium,SEED
2026-06-01 08:10:11,SEED-649,3.286,76.504,0.537,0.878,0.429,5.9,0.544,3.21,0.465,1.085,0.499,4.961,BROKEN,92.5,High,SEED
2026-06-01 08:20:11,SEED-650,2.746,48.787,0.771,0.974,0.721,3.495,0.741,2.295,0.481,1.119,0.758,4.736,RECOVERING,69.0,Medium,SEED
2026-06-01 08:30:11,SEED-651,1.835,54.26,0.778,1.215,0.977,3.586,0.874,2.752,0.566,1.303,0.668,2.842,NORMAL,77.5,Low,SEED
2026-06-01 08:40:11,SEED-652,2.308,50.409,0.75,1.311,0.867,3.32,1.113,2.15,0.831,1.463,0.825,4.412,NORMAL,77.1,Low,SEED
2026-06-01 08:50:11,SEED-653,2.439,53.801,0.661,1.175,0.743,3.836,0.798,2.91,0.553,1.206,0.77,5.338,RECOVERING,68.7,Medium,SEED
2026-06-01 09:00:11,SEED-654,1.573,30.251,1.162,1.034,0.969,3.596,0.975,1.594,0.861,1.643,0.755,4.424,NORMAL,89.5,Low,SEED
2026-06-01 09:10:11,SEED-655,3.244,62.156,0.436,0.971,0.424,4.919,0.532,2.877,0.488,0.877,0.404,4.954,BROKEN,90.3,High,SEED
2026-06-01 09:20:11,SEED-656,2.647,50.602,0.86,1.023,0.574,3.373,0.671,3.016,0.46,1.471,0.604,3.547,RECOVERING,69.0,Medium,SEED
2026-06-01 09:30:11,SEED-657,2.884,60.548,0.431,0.863,0.38,4.964,0.641,3.462,0.305,1.147,0.527,5.682,BROKEN,72.9,High,SEED
2026-06-01 09:40:11,SEED-658,1.743,38.577,1.152,1.368,0.621,2.798,0.994,1.542,0.777,1.636,0.902,2.573,NORMAL,73.3,Low,SEED
2026-06-01 09:50:11,SEED-659,2.951,45.764,0.849,1.001,0.49,4.132,0.674,2.659,0.512,1.226,0.699,5.285,RECOVERING,70.0,Medium,SEED
2026-06-01 10:00:11,SEED-660,2.335,35.139,1.101,1.428,0.917,3.076,1.166,1.725,0.557,1.462,0.963,4.499,NORMAL,77.3,Low,SEED
2026-06-01 10:10:11,SEED-661,1.732,54.27,1.056,1.122,0.816,3.204,0.999,2.139,0.666,1.776,0.614,4.499,NORMAL,94.2,Low,SEED
2026-06-01 10:20:11,SEED-662,2.034,33.147,0.75,1.292,0.948,2.244,0.808,2.34,0.819,1.496,0.611,3.61,NORMAL,79.6,Low,SEED
2026-06-01 10:30:11,SEED-663,2.162,43.848,1.138,1.017,0.649,4.281,1.293,2.37,0.813,1.368,0.713,2.87,NORMAL,80.6,Low,SEED
2026-06-01 10:40:11,SEED-664,2.616,42.116,1.162,1.322,0.846,2.63,1.163,1.753,0.53,1.32,0.997,3.055,NORMAL,75.8,Low,SEED
2026-06-01 10:50:11,SEED-665,2.805,55.185,0.859,1.084,0.571,4.003,0.826,2.267,0.573,1.253,0.595,5.14,RECOVERING,68.7,Medium,SEED
2026-06-01 11:00:11,SEED-666,2.504,52.879,1.001,1.298,0.725,3.047,0.986,2.675,0.57,1.289,0.62,3.846,NORMAL,72.3,Low,SEED
2026-06-01 11:10:11,SEED-667,3.075,62.539,0.717,1.129,0.489,3.627,0.654,3.227,0.609,1.304,0.711,4.527,RECOVERING,68.7,Medium,SEED
2026-06-01 11:20:11,SEED-668,3.349,69.243,0.484,0.816,0.399,4.803,0.506,3.309,0.306,0.825,0.583,5.785,BROKEN,72.3,High,SEED
2026-06-01 11:30:11,SEED-669,2.828,61.889,0.515,0.81,0.472,4.52,0.664,2.942,0.448,0.906,0.488,6.172,BROKEN,86.9,High,SEED
2026-06-01 11:40:11,SEED-670,1.514,43.023,0.879,1.419,0.86,3.0,1.004,1.86,0.842,1.655,0.988,3.443,NORMAL,85.5,Low,SEED
2026-06-01 11:50:11,SEED-671,1.718,42.075,1.17,1.241,0.945,4.347,1.198,1.55,0.67,1.259,0.758,2.79,NORMAL,88.9,Low,SEED
2026-06-01 12:00:11,SEED-672,1.825,44.042,0.761,1.355,0.726,3.639,0.899,2.09,0.649,1.488,0.673,3.312,NORMAL,76.3,Low,SEED
2026-06-01 12:10:11,SEED-673,2.116,36.046,0.962,1.34,0.683,3.594,0.962,1.826,0.505,1.265,0.604,3.745,NORMAL,90.3,Low,SEED
2026-06-01 12:20:11,SEED-674,2.274,45.055,0.962,1.159,0.751,3.546,1.198,2.638,0.559,1.347,0.688,2.802,NORMAL,72.3,Low,SEED
2026-06-01 12:30:11,SEED-675,1.982,30.507,0.879,1.042,0.699,3.797,1.235,1.966,0.889,1.316,0.985,4.458,NORMAL,94.8,Low,SEED
2026-06-01 12:40:11,SEED-676,2.561,63.597,0.721,0.945,0.634,5.035,0.84,2.417,0.629,1.318,0.651,5.219,RECOVERING,69.0,Medium,SEED
2026-06-01 12:50:11,SEED-677,2.867,62.758,0.583,0.978,0.728,3.556,0.819,3.293,0.63,1.253,0.775,3.507,RECOVERING,68.7,Medium,SEED
2026-06-01 13:00:11,SEED-678,1.526,42.513,0.762,1.406,0.612,2.269,1.009,2.34,0.688,1.674,0.898,2.634,NORMAL,84.9,Low,SEED
2026-06-01 13:10:11,SEED-679,2.139,43.795,0.789,1.294,0.945,2.813,0.879,2.285,0.609,1.423,0.919,3.714,NORMAL,93.1,Low,SEED
2026-06-01 13:20:11,SEED-680,2.418,34.899,0.812,1.26,0.753,2.944,1.005,2.212,0.532,1.345,0.781,3.583,NORMAL,79.0,Low,SEED
2026-06-01 13:30:11,SEED-681,1.778,31.191,1.145,1.295,0.973,3.785,1.291,2.794,0.716,1.608,0.858,4.161,NORMAL,94.3,Low,SEED
2026-06-01 13:40:11,SEED-682,3.022,64.715,0.552,1.037,0.616,3.432,0.88,2.289,0.526,1.159,0.742,4.842,RECOVERING,68.7,Medium,SEED
2026-06-01 13:50:11,SEED-683,1.82,30.455,0.715,1.26,0.601,4.258,1.229,1.663,0.659,1.626,0.677,3.112,NORMAL,88.7,Low,SEED
2026-06-01 14:00:11,SEED-684,2.441,35.098,0.832,1.404,0.667,2.557,1.164,2.142,0.584,1.669,0.821,3.584,NORMAL,87.6,Low,SEED
2026-06-01 14:10:11,SEED-685,1.582,42.975,1.064,1.302,0.902,3.413,1.222,2.186,0.519,1.641,0.757,3.728,NORMAL,77.4,Low,SEED
2026-06-01 14:20:11,SEED-686,1.927,50.375,1.026,1.011,0.861,3.568,1.175,1.543,0.657,1.367,0.773,3.5,NORMAL,86.1,Low,SEED
2026-06-01 14:30:11,SEED-687,1.7,40.329,0.873,1.39,0.944,3.911,1.225,1.701,0.515,1.635,0.846,3.142,NORMAL,94.1,Low,SEED
2026-06-01 14:40:11,SEED-688,3.036,46.919,0.897,1.006,0.599,4.841,0.843,2.976,0.531,1.427,0.601,4.938,RECOVERING,70.3,Medium,SEED
2026-06-01 14:50:11,SEED-689,2.105,33.895,0.743,1.093,0.89,4.05,1.126,2.404,0.849,1.419,0.883,4.061,NORMAL,85.4,Low,SEED
2026-06-01 15:00:11,SEED-690,1.805,36.71,0.761,1.291,0.646,2.922,0.872,2.112,0.868,1.414,0.863,3.91,NORMAL,71.5,Low,SEED
2026-06-01 15:10:11,SEED-691,1.731,52.843,1.026,1.145,0.828,2.148,1.157,1.913,0.873,1.668,0.912,3.802,NORMAL,81.6,Low,SEED
2026-06-01 15:20:11,SEED-692,1.719,43.703,1.073,1.085,0.849,4.15,1.265,2.346,0.773,1.408,0.877,3.911,NORMAL,92.7,Low,SEED
2026-06-01 15:30:11,SEED-693,3.038,79.671,0.424,0.957,0.336,5.626,0.573,2.833,0.424,1.123,0.471,5.912,BROKEN,78.9,High,SEED
2026-06-01 15:40:11,SEED-694,3.244,64.187,0.431,0.988,0.371,5.011,0.53,3.185,0.423,1.056,0.533,5.603,BROKEN,94.3,High,SEED
2026-06-01 15:50:11,SEED-695,3.499,66.038,0.55,0.869,0.392,5.723,0.687,3.551,0.435,0.993,0.55,4.778,BROKEN,81.3,High,SEED
2026-06-01 16:00:11,SEED-696,1.583,53.799,0.892,1.189,0.787,4.242,1.215,1.639,0.806,1.21,0.932,3.512,NORMAL,85.8,Low,SEED
2026-06-01 16:10:11,SEED-697,1.952,48.372,1.096,1.38,0.682,3.159,0.919,1.966,0.846,1.446,0.849,4.37,NORMAL,74.7,Low,SEED
2026-06-01 16:20:11,SEED-698,3.088,57.126,0.671,1.078,0.592,3.524,0.858,3.232,0.494,1.491,0.606,4.661,RECOVERING,68.7,Medium,SEED
2026-06-01 16:30:11,SEED-699,2.52,44.983,1.111,1.485,0.719,3.018,1.031,1.848,0.794,1.472,0.664,4.098,NORMAL,73.0,Low,SEED
2026-06-01 16:40:11,SEED-700,2.233,46.776,1.167,1.302,0.659,2.602,0.968,1.765,0.763,1.23,0.612,2.869,NORMAL,81.5,Low,SEED
2026-06-01 16:50:11,SEED-701,3.132,61.061,0.896,1.025,0.625,4.618,0.878,3.387,0.428,1.312,0.592,3.784,RECOVERING,69.0,Medium,SEED
2026-06-01 17:00:11,SEED-702,1.584,31.814,1.002,1.388,0.657,3.257,0.92,2.49,0.731,1.322,0.863,2.502,NORMAL,90.7,Low,SEED
2026-06-01 17:10:11,SEED-703,3.424,78.667,0.575,0.829,0.478,5.031,0.676,3.623,0.416,0.809,0.464,6.207,BROKEN,75.7,High,SEED
2026-06-01 17:20:11,SEED-704,2.379,48.186,1.053,1.011,0.831,3.516,1.158,2.533,0.776,1.352,0.873,3.053,NORMAL,84.2,Low,SEED
2026-06-01 17:30:11,SEED-705,2.128,40.908,0.98,1.459,0.709,4.24,1.031,2.674,0.626,1.788,0.95,3.028,NORMAL,73.3,Low,SEED
2026-06-01 17:40:11,SEED-706,2.785,43.062,0.894,1.178,0.7,2.675,1.252,2.346,0.69,1.646,0.627,3.678,NORMAL,83.2,Low,SEED
2026-06-01 17:50:11,SEED-707,1.675,35.939,0.793,1.268,0.691,2.21,0.816,1.949,0.851,1.207,0.798,3.52,NORMAL,73.8,Low,SEED
2026-06-01 18:00:11,SEED-708,3.142,56.092,0.553,1.241,0.485,4.475,0.963,2.294,0.513,1.494,0.554,3.73,RECOVERING,69.0,Medium,SEED
2026-06-01 18:10:11,SEED-709,1.734,44.74,0.724,1.066,0.694,2.398,1.16,1.767,0.78,1.548,0.966,3.427,NORMAL,90.4,Low,SEED
2026-06-01 18:20:11,SEED-710,2.389,32.64,1.186,1.182,0.701,3.611,1.029,1.646,0.561,1.313,0.706,3.718,NORMAL,89.8,Low,SEED
2026-06-01 18:30:11,SEED-711,2.924,45.936,0.686,1.117,0.681,4.258,0.859,3.281,0.545,1.021,0.73,4.244,RECOVERING,70.0,Medium,SEED
2026-06-01 18:40:11,SEED-712,2.807,59.709,0.606,1.229,0.513,4.16,0.706,2.562,0.465,1.05,0.522,4.417,RECOVERING,69.0,Medium,SEED
2026-06-01 18:50:11,SEED-713,3.334,60.026,0.533,0.849,0.327,5.897,0.611,3.378,0.461,1.135,0.407,6.384,BROKEN,87.4,High,SEED
2026-06-01 19:00:11,SEED-714,2.202,47.919,0.788,1.474,0.987,3.986,1.151,1.787,0.548,1.639,0.715,3.111,NORMAL,91.4,Low,SEED
2026-06-01 19:10:11,SEED-715,2.366,31.494,1.092,1.118,0.91,3.283,1.042,1.642,0.661,1.522,0.75,4.238,NORMAL,81.2,Low,SEED
2026-06-01 19:20:11,SEED-716,2.02,42.175,1.151,1.472,0.851,3.35,1.199,2.106,0.641,1.647,0.808,2.742,NORMAL,74.5,Low,SEED
2026-06-01 19:30:11,SEED-717,3.014,68.607,0.486,0.808,0.453,5.468,0.555,3.631,0.385,0.996,0.535,4.999,BROKEN,81.8,High,SEED
2026-06-01 19:40:11,SEED-718,2.229,48.342,0.838,1.132,0.463,4.82,0.685,2.998,0.641,1.438,0.644,4.419,RECOVERING,71.3,Medium,SEED
2026-06-01 19:50:11,SEED-719,1.678,42.493,0.702,1.175,0.965,3.519,1.097,2.082,0.782,1.772,0.761,3.825,NORMAL,73.2,Low,SEED
2026-06-01 20:00:11,SEED-720,2.177,34.146,1.119,1.156,0.844,3.235,1.293,2.313,0.561,1.727,0.778,3.712,NORMAL,79.3,Low,SEED
2026-06-01 20:10:11,SEED-721,3.067,53.872,0.62,0.953,0.46,4.898,0.87,2.964,0.556,1.245,0.511,4.97,RECOVERING,69.0,Medium,SEED
2026-06-01 20:20:11,SEED-722,3.025,44.058,0.759,1.071,0.619,3.336,0.881,3.087,0.47,1.245,0.586,5.157,RECOVERING,67.7,Medium,SEED
2026-06-01 20:30:11,SEED-723,1.569,46.704,0.787,1.426,0.963,2.515,0.985,2.211,0.782,1.733,0.608,4.315,NORMAL,89.0,Low,SEED
2026-06-01 20:40:11,SEED-724,1.598,49.383,0.98,1.285,0.789,2.011,1.011,2.32,0.856,1.32,0.62,3.524,NORMAL,81.6,Low,SEED
2026-06-01 20:50:11,SEED-725,2.856,61.58,0.533,0.856,0.443,5.942,0.601,3.554,0.317,1.13,0.561,5.492,BROKEN,77.9,High,SEED
2026-06-01 21:00:11,SEED-726,1.744,44.203,0.729,1.067,0.676,2.948,0.886,1.978,0.787,1.508,0.779,2.72,NORMAL,84.7,Low,SEED
2026-06-01 21:10:11,SEED-727,2.093,54.91,0.72,1.076,0.67,3.05,1.058,2.148,0.598,1.204,0.824,4.481,NORMAL,80.3,Low,SEED
2026-06-01 21:20:11,SEED-728,3.463,75.973,0.549,0.944,0.459,5.297,0.605,3.622,0.451,1.089,0.592,5.538,BROKEN,81.8,High,SEED
2026-06-01 21:30:11,SEED-729,2.465,54.493,1.061,1.02,0.882,4.259,1.197,2.798,0.7,1.248,0.717,2.787,NORMAL,72.2,Low,SEED
2026-06-01 21:40:11,SEED-730,2.045,51.389,0.849,1.362,0.943,2.063,1.173,2.274,0.501,1.549,0.63,2.655,NORMAL,84.3,Low,SEED
2026-06-01 21:50:11,SEED-731,1.996,48.801,0.714,1.315,0.723,2.497,1.271,1.851,0.813,1.709,0.714,3.747,NORMAL,82.0,Low,SEED
2026-06-01 22:00:11,SEED-732,2.022,50.802,0.738,1.47,0.959,3.208,1.158,1.673,0.534,1.415,0.744,4.442,NORMAL,82.9,Low,SEED
2026-06-01 22:10:11,SEED-733,2.308,45.55,0.747,1.384,0.764,2.641,1.091,1.841,0.693,1.275,0.849,3.043,NORMAL,90.1,Low,SEED
2026-06-01 22:20:11,SEED-734,2.607,57.461,0.73,1.154,0.65,5.066,0.774,2.435,0.689,1.081,0.681,4.215,RECOVERING,69.0,Medium,SEED
2026-06-01 22:30:11,SEED-735,2.576,62.378,0.636,1.001,0.674,3.514,0.963,3.101,0.65,1.129,0.622,4.86,RECOVERING,68.7,Medium,SEED
2026-06-01 22:40:11,SEED-736,2.221,52.586,0.977,1.171,0.787,2.288,0.833,1.676,0.744,1.552,0.867,4.273,NORMAL,76.5,Low,SEED
2026-06-01 22:50:11,SEED-737,2.34,36.356,1.113,1.365,0.855,2.649,0.902,1.531,0.705,1.537,0.617,2.774,NORMAL,88.5,Low,SEED
2026-06-01 23:00:11,SEED-738,2.301,42.693,0.67,1.218,0.623,3.496,0.964,3.347,0.558,1.111,0.71,4.874,RECOVERING,67.7,Medium,SEED
2026-06-01 23:10:11,SEED-739,2.502,47.0,1.091,1.276,0.62,2.319,1.213,1.783,0.561,1.568,0.702,4.228,NORMAL,77.3,Low,SEED
2026-06-01 23:20:11,SEED-740,1.592,53.741,0.775,1.332,0.923,4.3,0.966,2.626,0.786,1.624,0.812,4.406,NORMAL,86.3,Low,SEED
2026-06-01 23:30:11,SEED-741,2.351,53.854,0.888,1.455,0.711,2.726,1.017,2.377,0.662,1.279,0.6,4.45,NORMAL,89.7,Low,SEED
2026-06-01 23:40:11,SEED-742,2.951,62.411,0.468,0.852,0.384,4.63,0.596,3.663,0.397,1.166,0.404,5.834,BROKEN,81.0,High,SEED
2026-06-01 23:50:11,SEED-743,2.378,52.826,0.643,0.9,0.565,3.657,0.839,2.18,0.587,1.13,0.529,4.46,RECOVERING,68.7,Medium,SEED
2026-06-02 00:00:11,SEED-744,2.452,50.04,0.792,0.969,0.53,3.791,0.791,2.972,0.678,1.237,0.646,3.507,RECOVERING,69.0,Medium,SEED
2026-06-02 00:10:11,SEED-745,1.503,40.457,0.824,1.206,0.931,3.859,1.048,2.67,0.514,1.3,0.674,2.613,NORMAL,78.1,Low,SEED
2026-06-02 00:20:11,SEED-746,2.023,50.044,0.927,1.357,0.995,4.139,0.991,2.305,0.608,1.517,0.653,3.668,NORMAL,81.0,Low,SEED
2026-06-02 00:30:11,SEED-747,1.653,31.462,1.09,1.287,0.957,3.395,1.031,2.183,0.619,1.665,0.768,3.137,NORMAL,87.1,Low,SEED
2026-06-02 00:40:11,SEED-748,3.148,59.384,0.576,0.897,0.337,4.736,0.552,2.991,0.319,1.056,0.516,5.82,BROKEN,82.4,High,SEED
2026-06-02 00:50:11,SEED-749,2.121,45.079,1.05,1.04,0.982,4.057,0.935,2.548,0.773,1.517,0.735,2.585,NORMAL,87.2,Low,SEED
2026-06-02 01:00:11,SEED-750,2.976,59.869,0.637,0.958,0.459,4.681,0.858,3.124,0.408,1.333,0.656,3.964,RECOVERING,69.0,Medium,SEED
2026-06-02 01:10:11,SEED-751,1.72,50.171,0.948,1.337,0.834,2.853,0.905,1.676,0.692,1.443,0.606,4.007,NORMAL,73.2,Low,SEED
2026-06-02 01:20:11,SEED-752,2.449,59.313,0.719,0.965,0.519,4.929,0.875,2.991,0.463,1.404,0.743,4.285,RECOVERING,69.0,Medium,SEED
2026-06-02 01:30:11,SEED-753,2.211,40.607,0.712,1.396,0.63,3.313,1.281,2.281,0.581,1.586,0.792,4.059,NORMAL,81.0,Low,SEED
2026-06-02 01:40:11,SEED-754,3.094,52.491,0.778,0.938,0.487,4.719,0.684,2.352,0.544,1.339,0.743,4.174,RECOVERING,69.0,Medium,SEED
2026-06-02 01:50:11,SEED-755,2.525,32.58,1.193,1.343,0.685,2.463,0.841,1.87,0.698,1.204,0.635,3.926,NORMAL,88.4,Low,SEED
2026-06-02 02:00:11,SEED-756,3.236,62.085,0.55,0.917,0.464,4.578,0.624,3.437,0.34,1.181,0.468,4.516,BROKEN,78.5,High,SEED
2026-06-02 02:10:11,SEED-757,1.658,52.553,1.078,1.204,0.738,3.095,0.964,2.783,0.694,1.741,0.655,3.704,NORMAL,71.2,Low,SEED
2026-06-02 02:20:11,SEED-758,2.286,46.153,0.793,1.371,0.771,2.287,1.157,2.508,0.705,1.683,0.72,3.41,NORMAL,70.5,Low,SEED
2026-06-02 02:30:11,SEED-759,2.249,45.171,0.795,1.499,0.876,2.974,1.189,2.162,0.703,1.591,0.915,3.428,NORMAL,75.4,Low,SEED
2026-06-02 02:40:11,SEED-760,1.845,48.157,0.759,1.4,0.99,2.412,1.204,1.82,0.872,1.642,0.84,3.602,NORMAL,78.0,Low,SEED
2026-06-02 02:50:11,SEED-761,3.037,59.648,0.505,0.975,0.323,5.175,0.584,3.98,0.404,1.169,0.418,5.426,BROKEN,73.7,High,SEED
2026-06-02 03:00:11,SEED-762,2.032,34.937,0.72,1.098,0.811,2.707,0.827,1.588,0.592,1.653,0.772,3.273,NORMAL,80.6,Low,SEED
2026-06-02 03:10:11,SEED-763,2.725,34.929,1.132,1.015,0.841,2.256,0.892,2.593,0.777,1.25,0.649,2.802,NORMAL,91.9,Low,SEED
2026-06-02 03:20:11,SEED-764,3.029,66.498,0.595,0.981,0.521,4.639,0.827,3.187,0.561,1.043,0.775,4.99,RECOVERING,69.0,Medium,SEED
2026-06-02 03:30:11,SEED-765,2.004,40.095,0.997,1.278,0.717,2.189,0.882,1.941,0.577,1.206,0.713,2.787,NORMAL,77.7,Low,SEED
2026-06-02 03:40:11,SEED-766,3.097,57.395,0.807,1.03,0.465,3.428,0.684,2.187,0.547,1.464,0.582,4.193,RECOVERING,68.7,Medium,SEED
2026-06-02 03:50:11,SEED-767,2.659,51.679,0.805,1.111,0.529,4.002,0.705,2.361,0.478,1.417,0.656,4.547,RECOVERING,69.0,Medium,SEED
2026-06-02 04:00:11,SEED-768,3.213,55.546,0.437,0.996,0.412,5.548,0.541,3.119,0.323,0.831,0.586,5.216,BROKEN,75.6,High,SEED
2026-06-02 04:10:11,SEED-769,2.336,32.061,1.111,1.141,0.746,3.854,1.019,1.673,0.589,1.671,0.941,2.743,NORMAL,84.9,Low,SEED
2026-06-02 04:20:11,SEED-770,3.027,74.842,0.403,0.859,0.478,5.388,0.54,3.536,0.469,0.958,0.51,5.317,BROKEN,91.9,High,SEED
2026-06-02 04:30:11,SEED-771,2.629,49.971,1.058,1.334,0.931,4.448,1.012,2.311,0.872,1.285,0.649,4.062,NORMAL,76.4,Low,SEED
2026-06-02 04:40:11,SEED-772,2.385,32.343,0.944,1.144,0.946,3.727,1.214,2.132,0.62,1.527,0.844,3.952,NORMAL,81.0,Low,SEED
2026-06-02 04:50:11,SEED-773,3.031,63.557,0.884,1.123,0.655,4.252,0.929,2.483,0.639,1.271,0.597,4.561,RECOVERING,69.0,Medium,SEED
2026-06-02 05:00:11,SEED-774,2.632,46.028,0.745,1.219,0.624,4.034,1.144,1.755,0.839,1.487,0.833,3.819,NORMAL,89.4,Low,SEED
2026-06-02 05:10:11,SEED-775,2.46,37.634,0.718,1.146,0.753,2.912,1.075,2.21,0.868,1.581,0.744,2.573,NORMAL,85.5,Low,SEED
2026-06-02 05:20:11,SEED-776,2.014,36.301,0.863,1.295,0.995,2.725,0.866,1.53,0.704,1.57,0.606,3.836,NORMAL,80.3,Low,SEED
2026-06-02 05:30:11,SEED-777,2.303,32.647,0.805,1.414,0.98,3.218,1.092,2.004,0.706,1.412,0.807,3.428,NORMAL,85.3,Low,SEED
2026-06-02 05:40:11,SEED-778,1.739,39.54,1.03,1.192,0.669,2.993,1.018,2.388,0.767,1.708,0.826,3.024,NORMAL,79.4,Low,SEED
2026-06-02 05:50:11,SEED-779,2.206,58.364,0.608,1.123,0.489,3.681,0.976,2.59,0.551,1.256,0.8,5.435,RECOVERING,68.3,Medium,SEED
2026-06-02 06:00:11,SEED-780,2.225,32.254,0.775,1.037,0.947,3.453,1.174,2.297,0.866,1.601,0.991,3.495,NORMAL,76.7,Low,SEED
2026-06-02 06:10:11,SEED-781,2.981,50.132,0.776,0.92,0.557,5.141,0.806,2.662,0.505,1.362,0.644,4.529,RECOVERING,69.7,Medium,SEED
2026-06-02 06:20:11,SEED-782,2.655,44.353,1.084,1.078,0.928,2.872,0.972,2.257,0.52,1.216,0.627,4.286,NORMAL,82.5,Low,SEED
2026-06-02 06:30:11,SEED-783,1.956,39.265,1.137,1.145,0.96,2.217,0.986,2.382,0.594,1.482,0.824,4.124,NORMAL,88.4,Low,SEED
2026-06-02 06:40:11,SEED-784,3.49,72.709,0.515,0.895,0.455,5.624,0.54,3.069,0.436,0.851,0.466,6.149,BROKEN,81.4,High,SEED
2026-06-02 06:50:11,SEED-785,2.331,49.572,1.079,1.128,0.874,2.256,0.868,1.962,0.648,1.456,0.823,3.051,NORMAL,82.4,Low,SEED
2026-06-02 07:00:11,SEED-786,3.382,72.065,0.438,0.9,0.443,4.819,0.541,3.277,0.438,0.865,0.567,4.83,BROKEN,75.3,High,SEED
2026-06-02 07:10:11,SEED-787,1.935,54.558,0.926,1.243,0.999,4.041,0.957,1.919,0.63,1.73,0.804,3.839,NORMAL,83.6,Low,SEED
2026-06-02 07:20:11,SEED-788,3.014,75.443,0.453,0.89,0.394,5.067,0.589,3.765,0.459,1.138,0.548,5.348,BROKEN,89.8,High,SEED
2026-06-02 07:30:11,SEED-789,1.885,30.951,0.897,1.365,0.695,4.151,1.179,2.02,0.711,1.475,0.985,2.793,NORMAL,86.7,Low,SEED
2026-06-02 07:40:11,SEED-790,3.369,59.092,0.446,0.892,0.372,5.029,0.679,3.434,0.43,0.88,0.436,6.439,BROKEN,79.8,High,SEED
2026-06-02 07:50:11,SEED-791,2.151,42.827,0.596,1.197,0.476,5.081,0.749,2.419,0.575,1.428,0.677,5.492,RECOVERING,69.3,Medium,SEED
2026-06-02 08:00:11,SEED-792,2.019,43.669,0.78,1.465,0.838,3.295,1.077,2.347,0.888,1.541,0.824,4.424,NORMAL,88.9,Low,SEED
2026-06-02 08:10:11,SEED-793,2.963,63.285,0.773,0.989,0.564,5.084,0.865,2.988,0.663,1.06,0.628,3.777,RECOVERING,69.0,Medium,SEED
2026-06-02 08:20:11,SEED-794,2.702,44.239,0.703,1.001,0.57,4.056,0.689,2.723,0.684,1.317,0.511,4.614,RECOVERING,67.7,Medium,SEED
2026-06-02 08:30:11,SEED-795,2.753,41.189,0.941,1.094,1.0,3.177,1.17,2.776,0.722,1.257,0.645,2.65,NORMAL,83.8,Low,SEED
2026-06-02 08:40:11,SEED-796,3.353,61.796,0.51,0.874,0.379,4.674,0.645,2.876,0.359,1.144,0.466,4.888,BROKEN,89.2,High,SEED
2026-06-02 08:50:11,SEED-797,1.904,32.5,1.08,1.031,0.825,3.027,0.932,1.697,0.601,1.644,0.923,3.815,NORMAL,86.1,Low,SEED
2026-06-02 09:00:11,SEED-798,1.951,43.085,0.868,1.104,0.848,4.19,1.293,2.198,0.894,1.62,0.937,2.684,NORMAL,75.2,Low,SEED
2026-06-02 09:10:11,SEED-799,3.129,49.856,0.704,0.905,0.727,4.74,0.808,2.898,0.652,1.223,0.693,3.603,RECOVERING,69.7,Medium,SEED
2026-06-02 09:20:11,SEED-800,2.341,48.371,0.722,1.066,0.649,3.539,0.85,2.132,0.556,1.528,0.605,2.735,NORMAL,91.3,Low,SEED
2026-06-02 09:30:11,SEED-801,1.805,37.35,0.863,1.383,0.925,3.936,0.99,1.906,0.545,1.688,0.786,2.538,NORMAL,79.5,Low,SEED
2026-06-02 09:40:11,SEED-802,2.992,46.26,0.677,0.913,0.644,4.826,0.887,2.303,0.671,1.135,0.57,3.607,RECOVERING,70.3,Medium,SEED
2026-06-02 09:50:11,SEED-803,2.927,77.422,0.595,0.843,0.443,4.861,0.633,3.092,0.444,0.861,0.49,4.543,BROKEN,73.6,High,SEED
2026-06-02 10:00:11,SEED-804,2.066,33.869,1.163,1.293,0.715,2.483,1.162,2.716,0.624,1.753,0.647,4.232,NORMAL,77.6,Low,SEED
2026-06-02 10:10:11,SEED-805,3.206,55.127,0.434,0.835,0.33,5.33,0.563,3.461,0.469,1.106,0.491,5.363,BROKEN,74.8,High,SEED
2026-06-02 10:20:11,SEED-806,2.464,38.908,0.812,1.058,0.97,3.066,1.186,1.521,0.53,1.379,0.783,2.599,NORMAL,85.1,Low,SEED
2026-06-02 10:30:11,SEED-807,2.736,52.244,0.644,1.093,0.579,5.06,0.661,2.48,0.533,1.084,0.645,4.917,RECOVERING,69.0,Medium,SEED
2026-06-02 10:40:11,SEED-808,2.369,47.943,1.137,1.297,0.74,2.403,1.149,2.674,0.884,1.445,0.73,3.586,NORMAL,91.5,Low,SEED
2026-06-02 10:50:11,SEED-809,2.772,44.05,0.604,1.16,0.467,3.793,0.931,3.071,0.573,1.437,0.576,4.337,RECOVERING,67.7,Medium,SEED
2026-06-02 11:00:11,SEED-810,2.594,52.175,1.041,1.311,0.654,2.328,1.145,1.833,0.816,1.442,0.847,2.965,NORMAL,88.7,Low,SEED
2026-06-02 11:10:11,SEED-811,2.227,44.773,0.876,1.419,0.756,4.265,0.936,2.251,0.646,1.23,0.732,3.549,NORMAL,93.2,Low,SEED
2026-06-02 11:20:11,SEED-812,3.498,68.681,0.432,0.82,0.43,4.962,0.535,3.773,0.47,0.85,0.419,6.328,BROKEN,90.1,High,SEED
2026-06-02 11:30:11,SEED-813,2.191,31.697,0.984,1.381,0.939,2.544,1.086,2.532,0.547,1.595,0.842,4.185,NORMAL,81.1,Low,SEED
2026-06-02 11:40:11,SEED-814,2.402,54.905,1.119,1.293,0.9,3.357,0.985,2.003,0.554,1.467,0.806,2.807,NORMAL,93.3,Low,SEED
2026-06-02 11:50:11,SEED-815,1.912,53.652,0.767,1.403,0.844,2.06,1.217,1.887,0.544,1.227,0.779,2.631,NORMAL,88.7,Low,SEED
2026-06-02 12:00:11,SEED-816,2.624,30.087,1.137,1.263,0.967,2.42,0.96,2.243,0.832,1.3,0.941,3.377,NORMAL,77.7,Low,SEED
2026-06-02 12:10:11,SEED-817,2.268,36.857,0.739,1.253,0.84,4.007,1.221,2.288,0.672,1.382,0.868,2.597,NORMAL,76.9,Low,SEED
2026-06-02 12:20:11,SEED-818,2.201,61.178,0.662,1.071,0.706,4.266,0.881,2.255,0.567,1.039,0.794,5.408,RECOVERING,68.7,Medium,SEED
2026-06-02 12:30:11,SEED-819,1.839,36.788,1.114,1.387,0.702,2.925,1.244,1.953,0.505,1.492,0.985,3.403,NORMAL,71.4,Low,SEED
2026-06-02 12:40:11,SEED-820,2.813,65.787,0.477,0.973,0.425,4.709,0.615,3.702,0.49,1.026,0.538,6.272,BROKEN,91.1,High,SEED
2026-06-02 12:50:11,SEED-821,3.271,73.756,0.41,0.865,0.334,5.157,0.68,2.83,0.388,0.858,0.506,5.897,BROKEN,89.7,High,SEED
2026-06-02 13:00:11,SEED-822,2.396,66.598,0.614,1.218,0.717,4.889,0.915,3.011,0.615,1.163,0.752,4.316,RECOVERING,69.0,Medium,SEED
2026-06-02 13:10:11,SEED-823,1.816,46.903,0.845,1.336,0.843,4.35,1.287,1.719,0.671,1.452,0.82,4.287,NORMAL,75.8,Low,SEED
2026-06-02 13:20:11,SEED-824,2.981,65.175,0.459,0.967,0.343,5.359,0.509,3.872,0.306,1.031,0.482,5.091,BROKEN,84.6,High,SEED
2026-06-02 13:30:11,SEED-825,2.69,53.752,0.57,0.933,0.531,4.062,0.817,3.345,0.65,1.453,0.653,5.104,RECOVERING,68.7,Medium,SEED
2026-06-02 13:40:11,SEED-826,3.301,72.339,0.478,0.901,0.432,4.622,0.566,3.008,0.311,1.175,0.544,6.206,BROKEN,89.3,High,SEED
2026-06-02 13:50:11,SEED-827,2.892,66.443,0.441,0.917,0.49,4.958,0.633,3.519,0.492,1.052,0.457,6.431,BROKEN,91.9,High,SEED
2026-06-02 14:00:11,SEED-828,3.105,51.279,0.682,1.135,0.72,3.339,0.836,3.247,0.474,1.362,0.705,4.331,RECOVERING,69.3,Medium,SEED
2026-06-02 14:10:11,SEED-829,2.839,60.037,0.574,0.965,0.485,4.647,0.51,3.411,0.425,1.006,0.577,5.309,BROKEN,89.5,High,SEED
2026-06-02 14:20:11,SEED-830,2.961,56.361,0.469,0.908,0.332,5.379,0.652,3.713,0.451,0.825,0.451,6.263,BROKEN,94.4,High,SEED
2026-06-02 14:30:11,SEED-831,2.867,52.941,0.616,0.98,0.597,3.976,0.752,2.5,0.477,1.307,0.675,5.162,RECOVERING,68.7,Medium,SEED
2026-06-02 14:40:11,SEED-832,2.359,53.019,1.098,1.261,0.685,2.973,0.829,2.18,0.621,1.368,0.785,3.574,NORMAL,85.1,Low,SEED
2026-06-02 14:50:11,SEED-833,1.702,43.483,0.82,1.141,0.758,4.281,1.263,2.603,0.847,1.2,0.799,3.815,NORMAL,86.6,Low,SEED
2026-06-02 15:00:11,SEED-834,1.817,44.857,0.968,1.334,0.919,3.231,1.236,2.168,0.556,1.586,0.628,3.514,NORMAL,87.5,Low,SEED
2026-06-02 15:10:11,SEED-835,2.383,65.193,0.633,1.178,0.573,3.503,0.899,2.618,0.422,1.156,0.648,4.441,RECOVERING,68.7,Medium,SEED
2026-06-02 15:20:11,SEED-836,2.215,31.964,1.163,1.184,0.983,2.704,1.234,2.509,0.831,1.557,0.647,4.026,NORMAL,94.6,Low,SEED
2026-06-02 15:30:11,SEED-837,2.662,43.752,0.938,1.256,0.775,3.523,1.264,2.006,0.9,1.467,0.639,3.226,NORMAL,86.0,Low,SEED
2026-06-02 15:40:11,SEED-838,2.763,44.473,0.551,1.016,0.668,4.209,0.721,3.359,0.484,1.028,0.582,4.617,RECOVERING,68.0,Medium,SEED
2026-06-02 15:50:11,SEED-839,2.567,43.593,1.152,1.053,0.956,3.915,1.13,2.234,0.802,1.245,0.871,2.755,NORMAL,72.3,Low,SEED
2026-06-02 16:00:11,SEED-840,2.232,52.434,0.864,1.083,0.92,3.628,0.949,1.706,0.801,1.325,0.769,2.941,NORMAL,87.2,Low,SEED
2026-06-02 16:10:11,SEED-841,2.009,51.858,0.716,1.273,0.637,2.394,0.892,1.673,0.637,1.271,0.884,3.543,NORMAL,70.2,Low,SEED
2026-06-02 16:20:11,SEED-842,2.274,44.666,0.826,1.064,0.579,3.743,0.838,2.504,0.517,1.163,0.569,4.522,RECOVERING,68.7,Medium,SEED
2026-06-02 16:30:11,SEED-843,2.307,44.864,1.032,1.196,0.844,3.777,1.16,2.059,0.779,1.653,0.936,2.927,NORMAL,85.6,Low,SEED
2026-06-02 16:40:11,SEED-844,2.743,51.975,1.18,1.399,0.826,2.901,0.8,1.585,0.899,1.758,0.679,3.01,NORMAL,80.1,Low,SEED
2026-06-02 16:50:11,SEED-845,3.102,53.044,0.563,1.242,0.529,3.758,0.957,3.036,0.513,1.014,0.543,4.6,RECOVERING,68.7,Medium,SEED
2026-06-02 17:00:11,SEED-846,1.935,31.367,0.753,1.259,0.616,2.574,0.843,2.323,0.863,1.7,0.87,2.581,NORMAL,88.2,Low,SEED
2026-06-02 17:10:11,SEED-847,2.313,53.977,0.857,1.189,0.68,4.109,0.984,3.131,0.434,1.098,0.778,4.725,RECOVERING,69.7,Medium,SEED
2026-06-02 17:20:11,SEED-848,2.734,52.265,0.902,1.462,0.738,3.455,1.286,2.431,0.614,1.648,0.737,2.677,NORMAL,71.5,Low,SEED
2026-06-02 17:30:11,SEED-849,3.393,65.003,0.568,0.957,0.455,5.362,0.649,3.192,0.371,0.817,0.469,5.402,BROKEN,79.6,High,SEED
2026-06-02 17:40:11,SEED-850,2.373,35.325,0.878,1.35,0.646,2.842,1.041,1.52,0.6,1.325,0.623,3.908,NORMAL,72.5,Low,SEED
2026-06-02 17:50:11,SEED-851,2.043,34.605,1.061,1.233,0.68,2.218,0.951,2.165,0.81,1.755,0.666,3.315,NORMAL,83.9,Low,SEED
2026-06-02 18:00:11,SEED-852,2.443,41.317,1.048,1.203,0.657,4.493,0.952,2.722,0.715,1.687,0.993,3.316,NORMAL,76.0,Low,SEED
2026-06-02 18:10:11,SEED-853,1.817,34.065,0.72,1.211,0.808,2.294,0.867,2.625,0.532,1.577,0.728,4.106,NORMAL,79.2,Low,SEED
2026-06-02 18:20:11,SEED-854,2.529,49.783,0.86,1.203,0.599,4.595,0.725,2.276,0.427,1.181,0.729,5.234,RECOVERING,70.0,Medium,SEED
2026-06-02 18:30:11,SEED-855,2.175,36.023,0.713,1.466,0.923,2.429,0.997,1.829,0.691,1.447,0.686,4.025,NORMAL,84.8,Low,SEED
2026-06-02 18:40:11,SEED-856,1.609,34.169,1.106,1.238,0.733,4.138,0.801,1.881,0.847,1.388,0.707,4.316,NORMAL,74.1,Low,SEED
2026-06-02 18:50:11,SEED-857,2.314,50.51,0.867,1.116,0.572,3.769,0.841,2.349,0.534,1.484,0.693,5.379,RECOVERING,70.0,Medium,SEED
2026-06-02 19:00:11,SEED-858,2.397,45.941,0.797,1.124,0.589,3.642,0.92,3.137,0.652,1.357,0.688,5.281,RECOVERING,70.3,Medium,SEED
2026-06-02 19:10:11,SEED-859,1.548,36.601,1.022,1.434,0.743,3.173,0.922,2.707,0.54,1.403,0.609,3.782,NORMAL,82.8,Low,SEED
2026-06-02 19:20:11,SEED-860,3.126,46.123,0.843,0.906,0.729,5.019,0.992,2.901,0.571,1.432,0.571,4.428,RECOVERING,70.3,Medium,SEED
2026-06-02 19:30:11,SEED-861,2.34,45.381,0.961,1.344,0.941,4.416,0.871,2.203,0.704,1.639,0.83,4.299,NORMAL,89.5,Low,SEED
2026-06-02 19:40:11,SEED-862,1.526,53.457,0.719,1.306,0.88,2.679,0.97,1.995,0.75,1.784,0.824,4.25,NORMAL,88.4,Low,SEED
2026-06-02 19:50:11,SEED-863,2.486,34.882,0.871,1.091,0.693,2.461,1.174,2.713,0.752,1.637,0.649,3.186,NORMAL,85.7,Low,SEED
2026-06-02 20:00:11,SEED-864,1.725,31.086,1.028,1.019,0.867,2.533,1.021,1.568,0.817,1.752,0.92,4.329,NORMAL,77.1,Low,SEED
2026-06-02 20:10:11,SEED-865,2.572,41.32,1.111,1.256,0.812,4.221,1.172,2.59,0.686,1.585,0.739,3.889,NORMAL,87.4,Low,SEED
2026-06-02 20:20:11,SEED-866,2.288,50.278,1.193,1.275,0.85,2.732,1.285,2.522,0.732,1.447,0.952,3.738,NORMAL,91.8,Low,SEED
2026-06-02 20:30:11,SEED-867,3.307,70.061,0.51,0.976,0.482,5.582,0.533,3.337,0.4,1.114,0.523,4.918,BROKEN,80.0,High,SEED
2026-06-02 20:40:11,SEED-868,2.558,49.387,1.06,1.28,0.904,3.598,0.832,2.751,0.748,1.272,0.826,4.348,NORMAL,87.5,Low,SEED
2026-06-02 20:50:11,SEED-869,2.066,30.353,0.895,1.168,0.869,2.827,0.994,1.877,0.552,1.476,0.803,4.302,NORMAL,89.9,Low,SEED
2026-06-02 21:00:11,SEED-870,2.442,54.97,0.821,1.18,0.95,4.029,0.957,1.821,0.539,1.618,0.658,3.876,NORMAL,74.7,Low,SEED
2026-06-02 21:10:11,SEED-871,2.052,37.53,0.983,1.143,0.939,2.936,1.214,2.337,0.536,1.303,0.928,3.48,NORMAL,83.1,Low,SEED
2026-06-02 21:20:11,SEED-872,2.261,64.184,0.789,0.92,0.557,3.585,0.749,2.51,0.42,1.238,0.513,4.446,RECOVERING,69.3,Medium,SEED
2026-06-02 21:30:11,SEED-873,2.756,50.201,0.821,1.248,0.594,4.632,0.764,3.137,0.631,1.348,0.575,4.863,RECOVERING,69.7,Medium,SEED
2026-06-02 21:40:11,SEED-874,2.454,38.306,0.998,1.284,0.888,4.01,0.873,2.207,0.819,1.396,0.923,4.004,NORMAL,87.9,Low,SEED
2026-06-02 21:50:11,SEED-875,2.568,32.907,0.965,1.422,0.697,4.328,1.274,1.851,0.804,1.361,0.762,4.223,NORMAL,89.5,Low,SEED
2026-06-02 22:00:11,SEED-876,2.27,46.068,0.777,1.164,0.731,4.172,0.828,2.199,0.533,1.473,0.607,4.86,RECOVERING,71.3,Medium,SEED
2026-06-02 22:10:11,SEED-877,1.704,51.971,1.104,1.321,0.904,2.822,0.994,2.323,0.623,1.521,0.933,3.796,NORMAL,86.5,Low,SEED
2026-06-02 22:20:11,SEED-878,2.57,39.603,1.088,1.034,0.967,2.683,1.181,2.283,0.77,1.436,0.914,2.712,NORMAL,94.7,Low,SEED
2026-06-02 22:30:11,SEED-879,3.189,59.944,0.442,0.835,0.486,5.809,0.604,3.291,0.424,0.942,0.587,6.454,BROKEN,73.3,High,SEED
2026-06-02 22:40:11,SEED-880,1.553,40.895,0.952,1.126,0.838,4.158,1.009,1.714,0.584,1.603,0.88,2.607,NORMAL,74.5,Low,SEED
2026-06-02 22:50:11,SEED-881,2.558,41.816,0.981,1.125,0.924,4.053,1.273,2.048,0.695,1.531,0.829,4.026,NORMAL,92.8,Low,SEED
2026-06-02 23:00:11,SEED-882,3.085,63.543,0.779,1.235,0.611,4.189,0.921,3.247,0.536,1.136,0.726,3.792,RECOVERING,69.0,Medium,SEED
2026-06-02 23:10:11,SEED-883,2.24,52.615,0.831,1.494,0.83,2.317,1.118,2.074,0.594,1.549,0.68,3.55,NORMAL,79.1,Low,SEED
2026-06-02 23:20:11,SEED-884,1.816,33.832,1.133,1.232,0.727,3.008,1.255,2.44,0.599,1.479,0.899,3.903,NORMAL,71.7,Low,SEED
2026-06-02 23:30:11,SEED-885,2.568,53.995,1.158,1.229,0.755,2.301,1.172,2.738,0.707,1.468,0.774,2.566,NORMAL,77.4,Low,SEED
2026-06-02 23:40:11,SEED-886,2.632,34.639,0.747,1.206,0.983,3.834,1.14,1.837,0.643,1.419,0.946,3.343,NORMAL,92.9,Low,SEED
2026-06-02 23:50:11,SEED-887,3.377,66.626,0.479,0.828,0.474,5.925,0.679,3.021,0.356,0.815,0.497,5.365,BROKEN,88.6,High,SEED
2026-06-03 00:00:11,SEED-888,2.416,49.019,0.889,0.941,0.538,4.876,0.759,3.278,0.49,1.427,0.518,3.803,RECOVERING,70.0,Medium,SEED
2026-06-03 00:10:11,SEED-889,1.79,49.115,0.92,1.076,0.79,2.348,1.215,2.477,0.722,1.649,0.761,3.529,NORMAL,80.7,Low,SEED
2026-06-03 00:20:11,SEED-890,2.701,51.721,0.997,1.086,0.69,3.441,0.832,2.532,0.759,1.586,0.778,3.682,NORMAL,90.4,Low,SEED
2026-06-03 00:30:11,SEED-891,1.644,46.487,0.731,1.043,0.998,3.05,1.094,1.56,0.712,1.209,0.752,3.625,NORMAL,73.1,Low,SEED
2026-06-03 00:40:11,SEED-892,3.091,55.92,0.522,0.997,0.485,4.756,0.534,3.737,0.304,1.17,0.516,5.17,BROKEN,88.3,High,SEED
2026-06-03 00:50:11,SEED-893,2.616,57.5,0.563,0.976,0.594,3.475,0.874,2.862,0.597,1.275,0.79,5.049,RECOVERING,68.7,Medium,SEED
2026-06-03 01:00:11,SEED-894,1.52,42.802,1.187,1.057,0.955,3.377,0.961,2.741,0.814,1.414,0.79,3.95,NORMAL,93.7,Low,SEED
2026-06-03 01:10:11,SEED-895,1.925,30.294,0.98,1.023,0.961,3.605,1.121,1.971,0.681,1.637,0.603,3.187,NORMAL,83.6,Low,SEED
2026-06-03 01:20:11,SEED-896,3.483,56.613,0.418,0.851,0.306,5.893,0.664,3.009,0.398,0.956,0.422,6.183,BROKEN,92.4,High,SEED
2026-06-03 01:30:11,SEED-897,2.818,68.582,0.58,0.875,0.357,5.525,0.569,3.971,0.334,0.88,0.496,5.51,BROKEN,89.2,High,SEED
2026-06-03 01:40:11,SEED-898,2.686,52.935,1.041,1.305,0.819,2.928,1.25,1.647,0.679,1.668,0.937,3.137,NORMAL,83.5,Low,SEED
2026-06-03 01:50:11,SEED-899,2.562,61.597,0.851,1.208,0.677,3.807,0.824,3.171,0.62,1.378,0.515,4.868,RECOVERING,68.7,Medium,SEED
2026-06-03 02:00:11,SEED-900,2.333,41.619,0.743,1.404,0.641,3.79,0.83,2.236,0.56,1.313,0.986,3.599,NORMAL,75.1,Low,SEED
2026-06-03 02:10:11,SEED-901,2.226,53.421,0.822,1.46,0.901,2.412,0.813,2.676,0.703,1.456,0.788,3.21,NORMAL,94.2,Low,SEED
2026-06-03 02:20:11,SEED-902,2.77,50.816,1.192,1.021,0.89,2.265,1.219,1.657,0.736,1.282,0.914,2.997,NORMAL,77.7,Low,SEED
2026-06-03 02:30:11,SEED-903,2.512,48.469,0.728,1.117,0.475,5.158,0.75,2.858,0.486,1.025,0.643,3.73,RECOVERING,70.0,Medium,SEED
2026-06-03 02:40:11,SEED-904,1.537,34.731,1.055,1.446,0.943,2.175,1.108,1.784,0.881,1.633,0.627,4.49,NORMAL,81.9,Low,SEED
2026-06-03 02:50:11,SEED-905,1.817,35.209,0.994,1.279,0.977,4.138,0.807,2.496,0.811,1.755,0.901,3.844,NORMAL,78.7,Low,SEED
2026-06-03 03:00:11,SEED-906,1.967,35.707,1.064,1.491,0.773,2.966,1.144,1.501,0.843,1.746,0.679,3.907,NORMAL,73.6,Low,SEED
2026-06-03 03:10:11,SEED-907,2.403,43.435,0.705,1.17,0.646,4.925,0.905,2.16,0.611,1.124,0.629,4.707,RECOVERING,68.3,Medium,SEED
2026-06-03 03:20:11,SEED-908,2.246,34.782,1.039,1.13,0.609,3.418,1.135,2.11,0.583,1.263,0.607,4.091,NORMAL,88.8,Low,SEED
2026-06-03 03:30:11,SEED-909,2.552,50.657,0.849,1.192,0.851,3.001,1.022,2.578,0.69,1.716,0.86,3.506,NORMAL,79.9,Low,SEED
2026-06-03 03:40:11,SEED-910,2.785,64.142,0.694,1.116,0.458,4.438,0.772,2.449,0.568,1.216,0.676,4.395,RECOVERING,69.0,Medium,SEED
2026-06-03 03:50:11,SEED-911,2.588,42.87,0.817,1.087,0.926,4.041,1.166,2.413,0.573,1.467,0.677,4.314,NORMAL,76.1,Low,SEED
2026-06-03 04:00:11,SEED-912,2.006,47.877,0.752,1.499,0.977,4.421,1.034,2.654,0.539,1.36,0.817,4.305,NORMAL,81.8,Low,SEED
2026-06-03 04:10:11,SEED-913,3.267,61.836,0.508,0.916,0.342,5.78,0.582,3.635,0.315,0.806,0.4,6.465,BROKEN,92.7,High,SEED
2026-06-03 04:20:11,SEED-914,2.028,49.059,1.162,1.218,0.939,3.111,1.027,1.923,0.742,1.203,0.752,3.633,NORMAL,71.6,Low,SEED
2026-06-03 04:30:11,SEED-915,3.179,65.104,0.529,0.82,0.395,4.737,0.526,3.283,0.331,0.996,0.507,4.899,BROKEN,80.0,High,SEED
2026-06-03 04:40:11,SEED-916,2.936,55.746,0.583,0.956,0.314,4.665,0.62,3.537,0.392,0.923,0.532,6.485,BROKEN,88.9,High,SEED
2026-06-03 04:50:11,SEED-917,1.624,40.405,0.704,1.098,0.847,4.48,0.963,1.547,0.841,1.762,0.832,3.279,NORMAL,91.9,Low,SEED
2026-06-03 05:00:11,SEED-918,1.987,41.312,0.969,1.046,0.731,3.187,0.906,2.397,0.799,1.344,0.74,2.906,NORMAL,80.5,Low,SEED
2026-06-03 05:10:11,SEED-919,2.477,58.9,0.561,1.188,0.524,4.517,0.961,3.003,0.688,1.145,0.525,3.619,RECOVERING,69.0,Medium,SEED
2026-06-03 05:20:11,SEED-920,2.486,38.985,0.704,1.242,0.63,3.961,1.12,2.637,0.681,1.703,0.901,4.426,NORMAL,92.8,Low,SEED
2026-06-03 05:30:11,SEED-921,1.64,42.929,1.061,1.069,0.973,2.164,0.91,2.43,0.817,1.213,0.651,4.116,NORMAL,90.2,Low,SEED
2026-06-03 05:40:11,SEED-922,3.225,55.154,0.567,0.93,0.487,4.961,0.593,3.011,0.489,1.168,0.586,6.233,BROKEN,81.4,High,SEED
2026-06-03 05:50:11,SEED-923,2.656,32.443,0.745,1.351,0.959,4.038,1.15,2.716,0.805,1.795,0.771,4.074,NORMAL,88.6,Low,SEED
2026-06-03 06:00:11,SEED-924,2.418,41.663,1.126,1.494,0.816,3.728,1.15,2.493,0.538,1.544,0.785,4.06,NORMAL,77.6,Low,SEED
2026-06-03 06:10:11,SEED-925,2.311,48.246,0.567,1.102,0.73,4.262,0.949,2.402,0.459,1.305,0.615,5.194,RECOVERING,71.0,Medium,SEED
2026-06-03 06:20:11,SEED-926,2.842,70.555,0.4,0.982,0.375,5.813,0.524,3.441,0.308,1.117,0.405,5.034,BROKEN,78.6,High,SEED
2026-06-03 06:30:11,SEED-927,3.106,50.998,0.564,1.052,0.673,4.192,0.885,2.951,0.558,1.191,0.634,5.04,RECOVERING,69.7,Medium,SEED
2026-06-03 06:40:11,SEED-928,1.805,39.253,0.898,1.339,0.954,4.199,1.006,2.434,0.842,1.793,0.7,3.134,NORMAL,93.6,Low,SEED
2026-06-03 06:50:11,SEED-929,2.049,40.385,1.032,1.273,0.741,3.38,0.891,2.065,0.84,1.253,0.768,3.015,NORMAL,73.8,Low,SEED
2026-06-03 07:00:11,SEED-930,2.188,52.277,0.847,1.305,0.815,4.147,1.033,2.344,0.714,1.601,0.754,4.306,NORMAL,75.4,Low,SEED
2026-06-03 07:10:11,SEED-931,2.533,53.986,0.711,0.969,0.609,3.368,0.658,3.164,0.44,1.091,0.698,4.389,RECOVERING,68.7,Medium,SEED
2026-06-03 07:20:11,SEED-932,2.344,66.701,0.65,1.099,0.503,4.759,0.661,2.17,0.594,1.448,0.61,5.202,RECOVERING,69.0,Medium,SEED
2026-06-03 07:30:11,SEED-933,1.694,43.293,0.72,1.037,0.862,3.582,1.231,2.474,0.629,1.342,0.982,4.337,NORMAL,84.4,Low,SEED
2026-06-03 07:40:11,SEED-934,1.915,38.252,0.985,1.263,0.88,3.695,0.922,2.158,0.888,1.704,0.864,3.984,NORMAL,91.0,Low,SEED
2026-06-03 07:50:11,SEED-935,2.788,66.636,0.721,1.216,0.745,3.34,0.758,2.723,0.463,1.296,0.515,5.07,RECOVERING,68.7,Medium,SEED
2026-06-03 08:00:11,SEED-936,2.365,44.162,1.037,1.247,0.847,4.336,1.094,1.948,0.566,1.64,0.642,3.01,NORMAL,73.7,Low,SEED
2026-06-03 08:10:11,SEED-937,3.23,78.022,0.488,0.825,0.495,5.667,0.59,3.841,0.371,1.152,0.504,5.108,BROKEN,73.3,High,SEED
2026-06-03 08:20:11,SEED-938,2.982,58.139,0.439,0.968,0.454,5.145,0.546,3.316,0.365,1.085,0.57,5.216,BROKEN,89.3,High,SEED
2026-06-03 08:30:11,SEED-939,2.463,57.038,0.56,1.079,0.469,4.556,0.789,2.772,0.473,1.108,0.504,5.229,RECOVERING,69.0,Medium,SEED
2026-06-03 08:40:11,SEED-940,2.38,40.891,0.715,1.368,0.615,2.86,0.941,1.939,0.673,1.253,0.758,3.918,NORMAL,80.5,Low,SEED
2026-06-03 08:50:11,SEED-941,2.068,45.457,0.786,1.474,0.61,2.449,0.898,2.079,0.597,1.789,0.759,3.575,NORMAL,73.5,Low,SEED
2026-06-03 09:00:11,SEED-942,1.955,37.965,0.758,1.363,0.811,2.018,0.882,2.598,0.892,1.578,0.716,3.574,NORMAL,79.5,Low,SEED
2026-06-03 09:10:11,SEED-943,2.536,47.123,1.158,1.175,0.79,2.953,1.19,1.782,0.605,1.234,0.631,3.449,NORMAL,83.4,Low,SEED
2026-06-03 09:20:11,SEED-944,3.135,61.084,0.763,0.962,0.586,4.429,0.806,3.087,0.501,1.493,0.642,4.241,RECOVERING,69.0,Medium,SEED
2026-06-03 09:30:11,SEED-945,2.94,54.393,0.75,1.235,0.649,3.43,0.994,2.655,0.553,1.344,0.514,5.239,RECOVERING,68.7,Medium,SEED
2026-06-03 09:40:11,SEED-946,2.609,54.349,1.095,1.295,0.896,3.186,1.145,2.205,0.648,1.24,0.913,3.218,NORMAL,82.3,Low,SEED
2026-06-03 09:50:11,SEED-947,3.383,62.976,0.537,0.884,0.493,5.884,0.548,3.996,0.418,0.874,0.485,6.085,BROKEN,88.2,High,SEED
2026-06-03 10:00:11,SEED-948,3.323,60.439,0.49,0.88,0.373,5.025,0.61,3.457,0.493,0.806,0.571,5.479,BROKEN,78.5,High,SEED
2026-06-03 10:10:11,SEED-949,1.919,37.714,0.837,1.057,0.691,4.45,0.972,2.039,0.797,1.751,0.905,4.44,NORMAL,73.0,Low,SEED
2026-06-03 10:20:11,SEED-950,2.682,31.886,1.182,1.259,0.753,3.571,0.88,1.714,0.803,1.609,0.948,4.14,NORMAL,91.8,Low,SEED
2026-06-03 10:30:11,SEED-951,2.618,36.422,0.954,1.054,0.875,4.068,1.201,2.464,0.636,1.799,0.828,4.386,NORMAL,91.7,Low,SEED
2026-06-03 10:40:11,SEED-952,2.098,49.672,1.032,1.439,0.936,4.353,1.282,2.287,0.579,1.696,0.77,3.38,NORMAL,89.7,Low,SEED
2026-06-03 10:50:11,SEED-953,2.74,56.172,0.632,1.123,0.617,4.103,0.97,2.985,0.678,1.269,0.726,4.297,RECOVERING,69.0,Medium,SEED
2026-06-03 11:00:11,SEED-954,2.314,54.284,1.135,1.243,0.644,3.105,0.849,2.002,0.896,1.775,0.782,2.701,NORMAL,87.0,Low,SEED
2026-06-03 11:10:11,SEED-955,2.29,37.701,0.828,1.165,0.957,4.253,1.096,2.599,0.529,1.771,0.764,4.152,NORMAL,80.6,Low,SEED
2026-06-03 11:20:11,SEED-956,2.928,57.58,0.502,0.816,0.413,5.886,0.573,3.464,0.401,0.922,0.442,4.987,BROKEN,85.2,High,SEED
2026-06-03 11:30:11,SEED-957,3.413,56.447,0.576,0.929,0.336,4.709,0.616,3.64,0.476,1.017,0.525,4.998,BROKEN,87.9,High,SEED
2026-06-03 11:40:11,SEED-958,2.629,31.332,0.711,1.322,0.885,2.259,1.007,2.656,0.535,1.473,0.804,3.434,NORMAL,83.6,Low,SEED
2026-06-03 11:50:11,SEED-959,2.341,44.312,0.745,1.075,0.933,2.791,0.928,2.047,0.647,1.568,0.678,3.361,NORMAL,79.5,Low,SEED
2026-06-03 12:00:11,SEED-960,2.487,39.529,1.123,1.079,0.942,3.742,1.012,1.715,0.527,1.531,0.66,3.422,NORMAL,77.4,Low,SEED
2026-06-03 12:10:11,SEED-961,2.218,44.641,0.837,1.035,0.952,4.326,0.955,2.359,0.764,1.794,0.93,4.206,NORMAL,75.9,Low,SEED
2026-06-03 12:20:11,SEED-962,2.557,48.225,0.829,1.184,0.454,4.031,0.927,2.412,0.627,1.361,0.559,5.496,RECOVERING,69.3,Medium,SEED
2026-06-03 12:30:11,SEED-963,3.415,64.022,0.555,0.832,0.377,5.768,0.568,3.302,0.362,1.122,0.59,5.249,BROKEN,72.5,High,SEED
2026-06-03 12:40:11,SEED-964,2.376,38.542,0.778,1.097,0.943,3.757,1.045,1.882,0.889,1.397,0.875,4.108,NORMAL,73.7,Low,SEED
2026-06-03 12:50:11,SEED-965,2.314,40.45,1.034,1.309,0.682,2.267,1.284,2.148,0.561,1.381,0.962,4.237,NORMAL,82.2,Low,SEED
2026-06-03 13:00:11,SEED-966,1.605,35.002,1.018,1.248,0.938,3.425,0.813,2.552,0.74,1.307,0.68,3.152,NORMAL,89.8,Low,SEED
2026-06-03 13:10:11,SEED-967,2.079,31.372,1.142,1.244,0.701,4.11,1.127,2.007,0.795,1.456,0.928,3.411,NORMAL,77.2,Low,SEED
2026-06-03 13:20:11,SEED-968,1.689,49.437,0.799,1.256,0.762,2.493,1.033,2.183,0.772,1.411,0.747,3.812,NORMAL,71.7,Low,SEED
2026-06-03 13:30:11,SEED-969,1.547,44.588,1.017,1.27,0.802,3.905,0.836,2.056,0.71,1.664,0.776,4.053,NORMAL,83.6,Low,SEED
2026-06-03 13:40:11,SEED-970,2.353,44.921,0.554,0.961,0.714,3.937,0.749,2.588,0.665,1.499,0.766,3.966,RECOVERING,69.0,Medium,SEED
2026-06-03 13:50:11,SEED-971,2.254,43.608,0.959,1.071,0.616,2.951,1.296,1.896,0.783,1.542,0.827,2.777,NORMAL,78.1,Low,SEED
2026-06-03 14:00:11,SEED-972,2.176,54.268,0.721,1.176,0.749,3.941,0.83,2.325,0.421,1.14,0.647,4.864,RECOVERING,68.3,Medium,SEED
2026-06-03 14:10:11,SEED-973,1.835,33.177,1.045,1.407,0.916,4.159,1.187,1.679,0.871,1.425,0.852,3.275,NORMAL,92.4,Low,SEED
2026-06-03 14:20:11,SEED-974,2.579,39.022,0.923,1.004,0.871,4.214,0.872,1.752,0.551,1.212,0.968,3.104,NORMAL,94.2,Low,SEED
2026-06-03 14:30:11,SEED-975,2.269,45.533,0.829,1.018,0.601,3.634,1.218,2.49,0.64,1.274,0.749,4.059,NORMAL,88.5,Low,SEED
2026-06-03 14:40:11,SEED-976,2.641,60.986,0.607,0.951,0.546,3.253,0.902,2.637,0.661,1.08,0.562,4.933,RECOVERING,68.7,Medium,SEED
2026-06-03 14:50:11,SEED-977,2.569,45.492,0.681,1.015,0.522,3.667,0.82,2.592,0.685,1.102,0.797,4.035,RECOVERING,68.7,Medium,SEED
2026-06-03 15:00:11,SEED-978,2.712,38.538,0.984,1.493,0.619,2.635,1.197,2.284,0.656,1.682,0.864,3.817,NORMAL,78.3,Low,SEED
2026-06-03 15:10:11,SEED-979,3.388,76.107,0.497,0.962,0.499,5.783,0.653,3.8,0.372,1.194,0.41,5.191,BROKEN,84.1,High,SEED
2026-06-03 15:20:11,SEED-980,2.887,75.214,0.507,0.855,0.404,4.507,0.507,3.269,0.445,1.033,0.543,6.193,BROKEN,77.6,High,SEED
2026-06-03 15:30:11,SEED-981,2.603,49.918,0.862,1.03,0.924,3.426,0.828,1.52,0.883,1.374,0.75,3.784,NORMAL,94.1,Low,SEED
2026-06-03 15:40:11,SEED-982,1.608,30.629,1.049,1.025,0.618,3.602,1.291,2.032,0.85,1.731,0.67,4.498,NORMAL,86.5,Low,SEED
2026-06-03 15:50:11,SEED-983,2.181,57.191,0.645,1.003,0.611,3.75,0.727,2.296,0.487,1.281,0.571,4.354,RECOVERING,68.3,Medium,SEED
2026-06-03 16:00:11,SEED-984,2.458,34.149,1.02,1.486,0.73,3.977,1.168,2.701,0.891,1.501,0.876,3.669,NORMAL,78.2,Low,SEED
2026-06-03 16:10:11,SEED-985,1.946,53.522,0.942,1.323,0.699,3.649,1.124,2.158,0.603,1.262,0.875,3.398,NORMAL,94.0,Low,SEED
2026-06-03 16:20:11,SEED-986,1.835,51.843,0.782,1.099,0.645,2.628,1.08,2.045,0.775,1.518,0.746,3.997,NORMAL,84.9,Low,SEED
2026-06-03 16:30:11,SEED-987,3.201,58.211,0.554,0.927,0.433,4.788,0.593,3.672,0.426,1.117,0.566,5.996,BROKEN,73.0,High,SEED
2026-06-03 16:40:11,SEED-988,2.129,49.302,0.9,1.497,0.813,4.399,1.025,2.494,0.632,1.538,0.751,4.3,NORMAL,85.6,Low,SEED
2026-06-03 16:50:11,SEED-989,1.987,54.414,1.064,1.281,0.852,2.132,1.256,1.545,0.843,1.271,0.973,3.287,NORMAL,93.4,Low,SEED
2026-06-03 17:00:11,SEED-990,2.49,38.12,0.962,1.096,0.763,2.767,1.095,2.092,0.627,1.437,0.755,3.501,NORMAL,78.1,Low,SEED
2026-06-03 17:10:11,SEED-991,2.544,57.766,0.809,1.133,0.576,3.992,0.974,2.279,0.497,1.45,0.798,4.887,RECOVERING,68.7,Medium,SEED
2026-06-03 17:20:11,SEED-992,2.023,54.74,0.883,1.233,0.908,4.441,0.904,1.58,0.726,1.481,0.968,4.416,NORMAL,72.3,Low,SEED
2026-06-03 17:30:11,SEED-993,3.402,61.395,0.534,0.819,0.391,4.966,0.543,3.494,0.462,0.914,0.405,6.487,BROKEN,84.4,High,SEED
2026-06-03 17:40:11,SEED-994,2.184,42.501,0.819,1.043,0.825,3.87,1.014,2.081,0.615,1.798,0.862,4.279,NORMAL,94.6,Low,SEED
2026-06-03 17:50:11,SEED-995,2.412,41.561,1.174,1.266,0.807,3.437,1.201,2.718,0.612,1.579,0.877,4.341,NORMAL,93.6,Low,SEED
2026-06-03 18:00:11,SEED-996,2.29,50.923,0.651,0.969,0.741,4.442,0.938,3.22,0.55,1.159,0.639,5.374,RECOVERING,70.7,Medium,SEED
2026-06-03 18:10:11,SEED-997,1.63,45.756,1.025,1.169,0.601,3.505,0.995,2.612,0.56,1.533,0.752,3.946,NORMAL,78.0,Low,SEED
2026-06-03 18:20:11,SEED-998,2.535,48.118,1.04,1.457,0.809,4.308,1.24,1.655,0.519,1.349,0.753,4.197,NORMAL,86.2,Low,SEED
2026-06-03 18:30:11,SEED-999,2.762,40.522,0.944,1.065,0.911,2.157,0.832,1.764,0.836,1.33,0.724,3.042,NORMAL,83.1,Low,SEED
2026-06-03 20:07:27,AUTO-PMP,2.501,34.58,0.968,1.237,0.8,2.851,0.958,2.096,0.663,1.228,0.993,3.422,NORMAL,68.7,Low,AUTO
2026-06-03 20:09:28,AUTO-PMP,2.256,39.264,0.706,1.139,0.663,4.019,1.173,2.65,0.892,1.244,0.814,4.14,NORMAL,68.7,Low,AUTO
2026-06-03 20:11:29,AUTO-PMP,3.0,67.79,0.458,0.816,0.306,4.561,0.534,3.174,0.375,0.869,0.51,5.206,NORMAL,69.7,Low,AUTO
2026-06-03 20:13:30,AUTO-PMP,1.845,42.772,0.795,1.121,0.763,2.184,1.225,2.199,0.591,1.744,0.615,4.116,NORMAL,69.3,Low,AUTO
2026-06-03 20:15:31,AUTO-PMP,1.936,52.088,0.907,1.274,0.664,2.101,1.126,2.236,0.568,1.393,0.754,4.189,NORMAL,69.3,Low,AUTO
2026-06-03 20:17:32,AUTO-PMP,1.896,43.424,1.124,1.326,0.901,2.81,1.017,1.999,0.652,1.238,0.963,3.094,NORMAL,68.7,Low,AUTO
2026-06-03 20:19:33,AUTO-PMP,1.87,53.989,1.177,1.07,0.745,2.371,1.246,2.285,0.546,1.255,0.646,3.593,NORMAL,68.7,Low,AUTO
2026-06-03 20:21:54,AUTO-PMP,1.769,30.361,1.067,1.372,0.63,3.177,0.81,2.143,0.502,1.788,0.743,4.215,NORMAL,69.3,Low,AUTO
2026-06-03 20:23:55,AUTO-PMP,1.597,38.27,0.847,1.051,0.662,3.306,1.107,1.543,0.625,1.716,0.752,4.149,NORMAL,69.3,Low,AUTO
2026-06-03 20:25:56,AUTO-PMP,1.785,49.484,1.145,1.1,0.66,3.458,1.299,2.734,0.539,1.307,0.756,2.688,NORMAL,70.7,Low,AUTO
2026-06-03 20:27:56,AUTO-PMP,2.39,43.431,0.765,1.337,0.816,2.586,0.961,1.615,0.753,1.661,0.613,3.86,NORMAL,68.7,Low,AUTO
2026-06-03 20:29:57,AUTO-PMP,2.455,45.06,0.981,1.313,0.827,3.136,1.221,1.604,0.503,1.405,0.979,3.023,NORMAL,68.7,Low,AUTO
2026-06-03 20:31:59,AUTO-PMP,2.907,69.793,0.571,0.816,0.491,5.157,0.559,3.961,0.428,0.867,0.455,4.798,NORMAL,69.7,Low,AUTO
2026-06-03 20:34:00,AUTO-PMP,1.596,53.969,1.079,1.339,0.85,2.641,1.032,2.713,0.795,1.236,1.0,2.81,NORMAL,69.3,Low,AUTO
2026-06-03 20:36:02,AUTO-PMP,2.558,39.172,0.778,1.072,0.689,3.039,0.965,1.61,0.787,1.474,0.741,4.462,NORMAL,68.7,Low,AUTO
2026-06-03 20:38:03,AUTO-PMP,2.034,52.115,0.71,1.003,0.896,2.623,1.006,1.937,0.763,1.553,0.736,3.643,NORMAL,69.3,Low,AUTO
2026-06-03 20:50:54,AUTO-PMP,2.277,54.569,1.181,1.105,0.72,4.296,1.142,2.789,0.88,1.324,0.642,3.707,NORMAL,69.7,Low,AUTO
2026-06-03 20:52:55,AUTO-PMP,2.997,59.258,0.46,0.876,0.409,4.96,0.69,3.636,0.46,1.168,0.505,6.071,NORMAL,69.7,Low,AUTO
2026-06-03 20:54:56,AUTO-PMP,2.851,63.427,0.431,0.802,0.406,4.505,0.694,3.035,0.338,1.143,0.527,5.005,NORMAL,69.7,Low,AUTO
2026-06-03 20:56:56,AUTO-PMP,3.451,76.511,0.542,0.883,0.347,5.378,0.599,3.041,0.352,0.81,0.582,4.959,NORMAL,69.7,Low,AUTO
2026-06-03 20:58:57,AUTO-PMP,1.638,34.097,0.907,1.463,0.66,3.787,1.238,1.513,0.868,1.528,0.869,3.135,NORMAL,69.3,Low,AUTO
2026-06-03 21:00:58,AUTO-PMP,2.089,47.789,1.049,1.239,0.96,2.479,0.855,1.81,0.9,1.481,0.81,3.017,NORMAL,70.3,Low,AUTO
2026-06-03 21:02:59,AUTO-PMP,1.771,49.336,0.871,1.008,0.91,3.509,1.165,1.613,0.875,1.524,0.762,2.565,NORMAL,70.7,Low,AUTO
2026-06-03 21:05:00,AUTO-PMP,3.191,74.655,0.491,0.898,0.405,5.304,0.642,3.14,0.378,1.067,0.424,5.513,NORMAL,69.7,Low,AUTO
2026-06-03 21:07:01,AUTO-PMP,1.928,38.644,0.998,1.027,0.658,2.028,1.248,1.714,0.594,1.528,0.956,4.381,NORMAL,68.7,Low,AUTO
2026-06-03 21:09:02,AUTO-PMP,2.168,34.969,1.088,1.388,0.938,3.964,0.972,1.963,0.709,1.755,0.688,3.43,NORMAL,68.7,Low,AUTO
2026-06-03 21:11:03,AUTO-PMP,2.245,32.47,0.821,1.129,0.997,3.379,1.065,1.802,0.796,1.385,0.973,3.103,NORMAL,68.7,Low,AUTO
2026-06-03 21:13:03,AUTO-PMP,1.588,51.088,0.726,1.307,0.69,3.547,1.29,2.455,0.713,1.742,0.964,2.55,NORMAL,71.0,Low,AUTO
2026-06-03 21:15:04,AUTO-PMP,1.797,45.934,1.149,1.342,0.662,3.881,0.961,2.776,0.759,1.636,0.925,3.286,NORMAL,71.3,Low,AUTO
2026-06-03 21:17:05,AUTO-PMP,2.69,44.103,0.933,1.416,0.632,4.173,1.129,1.722,0.836,1.604,0.72,2.705,NORMAL,69.0,Low,AUTO
2026-06-03 21:19:05,AUTO-PMP,1.571,39.05,0.823,1.399,0.769,3.65,1.204,2.441,0.628,1.518,0.624,2.863,NORMAL,69.3,Low,AUTO
2026-06-03 21:21:06,AUTO-PMP,2.213,37.82,1.148,1.452,0.955,3.327,1.236,2.441,0.565,1.222,0.9,2.861,NORMAL,68.7,Low,AUTO
2026-06-03 21:23:07,AUTO-PMP,2.447,47.165,1.174,1.446,0.715,3.562,0.978,2.167,0.712,1.627,0.614,3.785,NORMAL,70.7,Low,AUTO
2026-06-03 21:25:08,AUTO-PMP,3.119,58.519,0.406,0.803,0.432,5.813,0.621,3.716,0.31,1.039,0.566,6.317,NORMAL,69.7,Low,AUTO
2026-06-03 21:46:26,AUTO-PMP,2.596,30.716,1.2,1.274,0.822,3.055,1.158,1.655,0.526,1.246,0.659,3.874,NORMAL,68.7,Low,AUTO
2026-06-03 21:48:27,AUTO-PMP,2.4,35.663,0.98,1.032,0.637,3.768,1.144,1.743,0.521,1.205,0.75,3.177,NORMAL,68.7,Low,AUTO
2026-06-03 21:50:27,AUTO-PMP,2.575,46.132,1.162,1.213,0.74,3.779,0.86,1.545,0.892,1.791,0.889,2.561,NORMAL,70.7,Low,AUTO
2026-06-03 21:52:28,AUTO-PMP,1.571,35.933,1.191,1.147,0.654,4.06,1.117,2.548,0.733,1.437,0.842,3.297,NORMAL,69.3,Low,AUTO
2026-06-03 21:54:29,AUTO-PMP,1.705,43.056,1.047,1.411,0.723,3.649,0.948,2.551,0.529,1.452,0.915,4.374,NORMAL,69.3,Low,AUTO
2026-06-03 21:56:29,AUTO-PMP,2.169,43.605,1.008,1.034,0.611,3.897,1.292,1.975,0.871,1.624,0.761,3.121,NORMAL,68.7,Low,AUTO
2026-06-03 21:58:30,AUTO-PMP,2.405,43.179,0.787,1.155,0.608,2.094,0.974,2.123,0.699,1.668,0.686,3.889,NORMAL,68.7,Low,AUTO
2026-06-03 22:00:31,AUTO-PMP,1.569,45.115,0.911,1.05,0.736,4.493,0.8,1.78,0.735,1.235,0.643,3.612,NORMAL,69.7,Low,AUTO
2026-06-03 22:02:31,AUTO-PMP,1.702,44.978,1.033,1.09,0.851,4.025,0.854,1.948,0.558,1.608,0.733,2.988,NORMAL,69.3,Low,AUTO
2026-06-03 22:04:32,AUTO-PMP,2.572,48.457,1.177,1.454,0.853,3.082,0.84,2.123,0.597,1.681,0.808,3.113,NORMAL,70.3,Low,AUTO
2026-06-03 22:06:33,AUTO-PMP,1.841,37.841,0.792,1.019,0.673,3.496,1.104,1.906,0.509,1.499,0.627,2.758,NORMAL,69.3,Low,AUTO
2026-06-03 22:15:16,AUTO-PMP,3.296,74.878,0.476,0.815,0.421,5.641,0.559,3.545,0.419,0.891,0.481,5.513,NORMAL,69.7,Low,AUTO
2026-06-03 22:17:17,AUTO-PMP,1.547,47.808,1.186,1.2,0.911,3.634,1.272,2.555,0.635,1.339,0.646,3.419,NORMAL,71.0,Low,AUTO
2026-06-03 22:19:17,AUTO-PMP,2.523,32.741,0.807,1.493,0.739,4.471,0.898,2.307,0.791,1.658,0.809,3.393,NORMAL,69.0,Low,AUTO
2026-06-03 22:21:18,AUTO-PMP,2.959,75.117,0.457,0.84,0.441,5.747,0.654,3.893,0.307,1.041,0.473,5.898,NORMAL,69.7,Low,AUTO
2026-06-03 22:23:19,AUTO-PMP,2.733,54.976,0.838,1.265,0.801,3.693,0.933,1.748,0.566,1.549,0.672,2.634,NORMAL,69.3,Low,AUTO
2026-06-03 22:25:19,AUTO-PMP,2.11,33.183,0.928,1.373,0.889,3.106,1.128,1.793,0.766,1.383,0.856,4.457,NORMAL,68.7,Low,AUTO
2026-06-03 22:27:20,AUTO-PMP,2.006,50.298,1.137,1.119,0.84,3.433,1.029,2.421,0.64,1.692,0.987,2.522,NORMAL,70.0,Low,AUTO
2026-06-03 22:29:21,AUTO-PMP,1.845,39.109,1.102,1.15,0.655,2.91,1.24,2.256,0.771,1.709,0.714,2.975,NORMAL,69.3,Low,AUTO
2026-06-03 22:31:22,AUTO-PMP,3.482,72.98,0.549,0.898,0.489,5.684,0.598,3.658,0.49,1.094,0.479,6.236,NORMAL,69.7,Low,AUTO
2026-06-03 22:33:23,AUTO-PMP,3.334,64.368,0.454,0.977,0.379,4.877,0.599,3.741,0.476,0.984,0.522,4.676,NORMAL,69.7,Low,AUTO
2026-06-03 22:35:23,AUTO-PMP,2.366,40.114,0.756,1.096,0.739,3.279,0.827,1.773,0.62,1.571,0.653,3.028,NORMAL,68.7,Low,AUTO
2026-06-03 22:36:29,AUTO-PMP,2.647,49.655,1.138,1.153,0.726,2.027,0.981,1.892,0.871,1.462,0.904,4.433,NORMAL,70.0,Low,AUTO
2026-06-03 22:38:40,AUTO-PMP,1.88,48.063,1.081,1.106,0.756,3.276,0.929,2.543,0.884,1.229,0.91,4.355,NORMAL,70.3,Low,AUTO
2026-06-03 22:40:34,AUTO-PMP,1.739,49.556,0.935,1.014,0.915,2.23,1.227,1.952,0.527,1.347,0.993,3.228,NORMAL,70.7,Low,AUTO
2026-06-03 22:44:42,AUTO-PMP,2.611,32.54,1.187,1.318,0.739,4.171,1.145,1.552,0.545,1.22,0.708,2.881,NORMAL,69.0,Low,AUTO
2026-06-03 22:46:42,AUTO-PMP,2.18,45.652,0.766,1.313,0.889,3.619,0.837,2.59,0.728,1.371,0.944,2.936,NORMAL,70.7,Low,AUTO
2026-06-03 22:48:43,AUTO-PMP,2.033,38.151,0.954,1.104,0.851,3.143,0.982,1.882,0.765,1.439,0.973,3.898,NORMAL,68.7,Low,AUTO
2026-06-03 22:50:44,AUTO-PMP,2.54,52.251,0.742,1.039,0.703,2.788,1.085,2.336,0.538,1.661,0.621,3.216,NORMAL,69.3,Low,AUTO
2026-06-03 22:52:44,AUTO-PMP,1.728,53.182,0.793,1.454,0.819,2.461,0.939,2.45,0.54,1.677,0.826,2.695,NORMAL,69.3,Low,AUTO
